<collection xmlns="http://exist.sourceforge.net/NS/exist" name="/db" owner="admin" group="dba" mode="777" created="2010-07-21T12:44:53+02:00" version="1">
    <subcollection name="user" filename="user"/>
    <subcollection name="twitter" filename="twitter"/>
    <subcollection name="tei" filename="tei"/>
    <subcollection name="mfu_neu" filename="mfu_neu"/>
    <subcollection name="xqdocs" filename="xqdocs"/>
    <subcollection name="telota" filename="telota"/>
    <subcollection name="ide" filename="ide"/>
    <subcollection name="system" filename="system"/>
</collection>