<collection xmlns="http://exist.sourceforge.net/NS/exist" name="/db/tei/odds2" owner="admin" group="dba" mode="755" created="2010-08-03T15:22:46+02:00" version="1">
    <resource type="XMLResource" name="RngToRnc.xsl" owner="admin" group="dba" mode="755" created="2010-08-03T15:22:46+02:00" modified="2010-08-03T15:22:46+02:00" filename="RngToRnc.xsl" mimetype="application/xslt+xml"/>
    <resource type="XMLResource" name="extract-isosch.xsl" owner="admin" group="dba" mode="755" created="2010-08-03T15:22:46+02:00" modified="2010-08-03T15:22:46+02:00" filename="extract-isosch.xsl" mimetype="application/xslt+xml"/>
    <resource type="XMLResource" name="extract-sch.xsl" owner="admin" group="dba" mode="755" created="2010-08-03T15:22:46+02:00" modified="2010-08-03T15:22:46+02:00" filename="extract-sch.xsl" mimetype="application/xslt+xml"/>
    <resource type="XMLResource" name="extract-schemaSpec-ident.xsl" owner="admin" group="dba" mode="755" created="2010-08-03T15:22:46+02:00" modified="2010-08-03T15:22:46+02:00" filename="extract-schemaSpec-ident.xsl" mimetype="application/xslt+xml"/>
    <resource type="XMLResource" name="odd2dtd.xsl" owner="admin" group="dba" mode="755" created="2010-08-03T15:22:46+02:00" modified="2010-08-03T15:22:46+02:00" filename="odd2dtd.xsl" mimetype="application/xslt+xml"/>
    <resource type="XMLResource" name="odd2html.xsl" owner="admin" group="dba" mode="755" created="2010-08-03T15:22:46+02:00" modified="2010-08-03T15:22:46+02:00" filename="odd2html.xsl" mimetype="application/xslt+xml"/>
    <resource type="XMLResource" name="odd2lite.xsl" owner="admin" group="dba" mode="755" created="2010-08-03T15:22:46+02:00" modified="2010-08-03T15:22:46+02:00" filename="odd2lite.xsl" mimetype="application/xslt+xml"/>
    <resource type="XMLResource" name="odd2odd.xsl" owner="admin" group="dba" mode="755" created="2010-08-03T15:22:46+02:00" modified="2010-08-03T15:22:46+02:00" filename="odd2odd.xsl" mimetype="application/xslt+xml"/>
    <resource type="XMLResource" name="odd2relax.xsl" owner="admin" group="dba" mode="755" created="2010-08-03T15:22:46+02:00" modified="2010-08-03T15:22:46+02:00" filename="odd2relax.xsl" mimetype="application/xslt+xml"/>
    <resource type="XMLResource" name="table2list.xsl" owner="admin" group="dba" mode="755" created="2010-08-03T15:22:47+02:00" modified="2010-08-03T15:22:47+02:00" filename="table2list.xsl" mimetype="application/xslt+xml"/>
    <resource type="XMLResource" name="teiodds.xsl" owner="admin" group="dba" mode="755" created="2010-08-03T15:22:47+02:00" modified="2010-08-03T15:22:47+02:00" filename="teiodds.xsl" mimetype="application/xslt+xml"/>
    <resource type="XMLResource" name="translate-odd.xsl" owner="admin" group="dba" mode="755" created="2010-08-03T15:22:47+02:00" modified="2010-08-03T15:22:47+02:00" filename="translate-odd.xsl" mimetype="application/xslt+xml"/>
</collection>