<collection xmlns="http://exist.sourceforge.net/NS/exist" name="/db/tei/xhtml" owner="admin" group="dba" mode="755" created="2010-08-03T15:22:56+02:00" version="1">
    <resource type="XMLResource" name="core.xsl" owner="admin" group="dba" mode="755" created="2010-08-03T15:22:56+02:00" modified="2010-08-03T15:22:56+02:00" filename="core.xsl" mimetype="application/xslt+xml"/>
    <resource type="XMLResource" name="corpus.xsl" owner="admin" group="dba" mode="755" created="2010-08-03T15:22:56+02:00" modified="2010-08-03T15:22:56+02:00" filename="corpus.xsl" mimetype="application/xslt+xml"/>
    <resource type="XMLResource" name="dictionaries.xsl" owner="admin" group="dba" mode="755" created="2010-08-03T15:22:56+02:00" modified="2010-08-03T15:22:56+02:00" filename="dictionaries.xsl" mimetype="application/xslt+xml"/>
    <resource type="XMLResource" name="drama.xsl" owner="admin" group="dba" mode="755" created="2010-08-03T15:22:56+02:00" modified="2010-08-03T15:22:56+02:00" filename="drama.xsl" mimetype="application/xslt+xml"/>
    <resource type="XMLResource" name="figures.xsl" owner="admin" group="dba" mode="755" created="2010-08-03T15:22:56+02:00" modified="2010-08-03T15:22:56+02:00" filename="figures.xsl" mimetype="application/xslt+xml"/>
    <resource type="XMLResource" name="header.xsl" owner="admin" group="dba" mode="755" created="2010-08-03T15:22:56+02:00" modified="2010-08-03T15:22:56+02:00" filename="header.xsl" mimetype="application/xslt+xml"/>
    <resource type="XMLResource" name="linking.xsl" owner="admin" group="dba" mode="755" created="2010-08-03T15:22:56+02:00" modified="2010-08-03T15:22:56+02:00" filename="linking.xsl" mimetype="application/xslt+xml"/>
    <resource type="XMLResource" name="namesdates.xsl" owner="admin" group="dba" mode="755" created="2010-08-03T15:22:56+02:00" modified="2010-08-03T15:22:56+02:00" filename="namesdates.xsl" mimetype="application/xslt+xml"/>
    <resource type="XMLResource" name="tagdocs.xsl" owner="admin" group="dba" mode="755" created="2010-08-03T15:22:56+02:00" modified="2010-08-03T15:22:56+02:00" filename="tagdocs.xsl" mimetype="application/xslt+xml"/>
    <resource type="XMLResource" name="tei-param.xsl" owner="admin" group="dba" mode="755" created="2010-08-03T15:22:56+02:00" modified="2010-08-03T15:22:56+02:00" filename="tei-param.xsl" mimetype="application/xslt+xml"/>
    <resource type="XMLResource" name="tei.xsl" owner="admin" group="dba" mode="755" created="2010-08-03T15:22:56+02:00" modified="2010-08-03T15:22:56+02:00" filename="tei.xsl" mimetype="application/xslt+xml"/>
    <resource type="XMLResource" name="textcrit.xsl" owner="admin" group="dba" mode="755" created="2010-08-03T15:22:56+02:00" modified="2010-08-03T15:22:56+02:00" filename="textcrit.xsl" mimetype="application/xslt+xml"/>
    <resource type="XMLResource" name="textstructure.xsl" owner="admin" group="dba" mode="755" created="2010-08-03T15:22:56+02:00" modified="2010-08-03T15:22:56+02:00" filename="textstructure.xsl" mimetype="application/xslt+xml"/>
    <resource type="XMLResource" name="transcr.xsl" owner="admin" group="dba" mode="755" created="2010-08-03T15:22:56+02:00" modified="2010-08-03T15:22:56+02:00" filename="transcr.xsl" mimetype="application/xslt+xml"/>
    <resource type="XMLResource" name="verse.xsl" owner="admin" group="dba" mode="755" created="2010-08-03T15:22:56+02:00" modified="2010-08-03T15:22:56+02:00" filename="verse.xsl" mimetype="application/xslt+xml"/>
</collection>