<collection xmlns="http://exist.sourceforge.net/NS/exist" name="/db/tei/profiles/default" owner="admin" group="dba" mode="755" created="2010-08-03T15:22:47+02:00" version="1">
    <resource type="XMLResource" name="tei-fo.xsl" owner="admin" group="dba" mode="755" created="2010-08-03T15:22:47+02:00" modified="2010-08-03T15:22:47+02:00" filename="tei-fo.xsl" mimetype="application/xslt+xml"/>
    <subcollection name="p4" filename="p4"/>
    <subcollection name="docbook" filename="docbook"/>
    <subcollection name="epub" filename="epub"/>
    <subcollection name="fo" filename="fo"/>
    <subcollection name="latex" filename="latex"/>
    <subcollection name="docx" filename="docx"/>
    <subcollection name="oo" filename="oo"/>
    <subcollection name="dtd" filename="dtd"/>
    <subcollection name="lite" filename="lite"/>
    <subcollection name="relaxng" filename="relaxng"/>
    <subcollection name="html" filename="html"/>
</collection>