<atom:feed xmlns="http://www.w3.org/2005/Atom" xmlns:atom="http://www.w3.org/2005/Atom" xmlns:twitter="http://api.twitter.com" xmlns:georss="http://www.georss.org/georss" xml:lang="en-US"><atom:title>Twitter / existdb</atom:title><atom:id>tag:twitter.com,2007:Status</atom:id><atom:link type="text/html" rel="alternate" href="http://twitter.com/existdb"/><atom:link type="application/atom+xml" rel="self" href="http://twitter.com/statuses/user_timeline/existdb.atom"/><atom:updated>2011-08-03T18:33:35+00:00</atom:updated><atom:subtitle>Twitter updates from eXist XML Database / existdb.</atom:subtitle><atom:entry><atom:title>existdb: @jpnay #existdb trunk has #eXide on board … a very nice web based IDE for developing #existdb query applications. See webcast on the wiki</atom:title><atom:content type="html">existdb: @jpnay #existdb trunk has #eXide on board … a very nice web based IDE for developing #existdb query applications. See webcast on the wiki</atom:content><atom:id>tag:twitter.com,2007:http://twitter.com/existdb/statuses/97317847264542720</atom:id><atom:published>2011-07-30T14:49:17+00:00</atom:published><atom:updated>2011-07-30T14:49:17+00:00</atom:updated><atom:link type="text/html" rel="alternate" href="http://twitter.com/existdb/statuses/97317847264542720"/><atom:link type="image/png" rel="image" href="http://a3.twimg.com/profile_images/1283963001/x_normal.png"/><atom:author><atom:name>eXist XML Database</atom:name><atom:uri>http://www.exist-db.org</atom:uri></atom:author><twitter:source>&lt;a href="http://itunes.apple.com/us/app/twitter/id409789998?mt=12" rel="nofollow"&gt;Twitter for Mac&lt;/a&gt;</twitter:source><twitter:place/></atom:entry><atom:entry><atom:title>existdb: Release 1.4.1 is being finished this very weekend…. just before the @balisage conference ; #existdb #xquery #xml</atom:title><atom:content type="html">existdb: Release 1.4.1 is being finished this very weekend…. just before the @balisage conference ; #existdb #xquery #xml</atom:content><atom:id>tag:twitter.com,2007:http://twitter.com/existdb/statuses/97317459375308801</atom:id><atom:published>2011-07-30T14:47:45+00:00</atom:published><atom:updated>2011-07-30T14:47:45+00:00</atom:updated><atom:link type="text/html" rel="alternate" href="http://twitter.com/existdb/statuses/97317459375308801"/><atom:link type="image/png" rel="image" href="http://a3.twimg.com/profile_images/1283963001/x_normal.png"/><atom:author><atom:name>eXist XML Database</atom:name><atom:uri>http://www.exist-db.org</atom:uri></atom:author><twitter:source>&lt;a href="http://itunes.apple.com/us/app/twitter/id409789998?mt=12" rel="nofollow"&gt;Twitter for Mac&lt;/a&gt;</twitter:source><twitter:place/></atom:entry><atom:entry><atom:title>existdb: RT @windauer: wanna make some money with your #betterFORM knowledge? http://j.mp/ruxFvt  #XForms #XSLT #Java</atom:title><atom:content type="html">existdb: RT @windauer: wanna make some money with your #betterFORM knowledge? http://j.mp/ruxFvt  #XForms #XSLT #Java</atom:content><atom:id>tag:twitter.com,2007:http://twitter.com/existdb/statuses/94800219941781504</atom:id><atom:published>2011-07-23T16:05:08+00:00</atom:published><atom:updated>2011-07-23T16:05:08+00:00</atom:updated><atom:link type="text/html" rel="alternate" href="http://twitter.com/existdb/statuses/94800219941781504"/><atom:link type="image/png" rel="image" href="http://a3.twimg.com/profile_images/1283963001/x_normal.png"/><atom:author><atom:name>eXist XML Database</atom:name><atom:uri>http://www.exist-db.org</atom:uri></atom:author><twitter:source>&lt;a href="http://www.tweetdeck.com" rel="nofollow"&gt;TweetDeck&lt;/a&gt;</twitter:source><twitter:place/></atom:entry><atom:entry><atom:title>existdb: RT @wcandillon: Dimitri finds out about XQuery http://ow.ly/5JJl2</atom:title><atom:content type="html">existdb: RT @wcandillon: Dimitri finds out about XQuery http://ow.ly/5JJl2</atom:content><atom:id>tag:twitter.com,2007:http://twitter.com/existdb/statuses/94061615468654592</atom:id><atom:published>2011-07-21T15:10:11+00:00</atom:published><atom:updated>2011-07-21T15:10:11+00:00</atom:updated><atom:link type="text/html" rel="alternate" href="http://twitter.com/existdb/statuses/94061615468654592"/><atom:link type="image/png" rel="image" href="http://a3.twimg.com/profile_images/1283963001/x_normal.png"/><atom:author><atom:name>eXist XML Database</atom:name><atom:uri>http://www.exist-db.org</atom:uri></atom:author><twitter:source>&lt;a href="http://www.tweetdeck.com" rel="nofollow"&gt;TweetDeck&lt;/a&gt;</twitter:source><twitter:place/></atom:entry><atom:entry><atom:title>existdb: RT @jpnay: Starting yet another @existdb app at work.</atom:title><atom:content type="html">existdb: RT @jpnay: Starting yet another @existdb app at work.</atom:content><atom:id>tag:twitter.com,2007:http://twitter.com/existdb/statuses/93765067727847424</atom:id><atom:published>2011-07-20T19:31:48+00:00</atom:published><atom:updated>2011-07-20T19:31:48+00:00</atom:updated><atom:link type="text/html" rel="alternate" href="http://twitter.com/existdb/statuses/93765067727847424"/><atom:link type="image/png" rel="image" href="http://a3.twimg.com/profile_images/1283963001/x_normal.png"/><atom:author><atom:name>eXist XML Database</atom:name><atom:uri>http://www.exist-db.org</atom:uri></atom:author><twitter:source>&lt;a href="http://www.tweetdeck.com" rel="nofollow"&gt;TweetDeck&lt;/a&gt;</twitter:source><twitter:place/></atom:entry><atom:entry><atom:title>existdb: RT @xquery_xpath: RT @my__feed SOA Talk : XQuery: Secret weapon for the data integration specialist? http://bit.ly/qGCUXF</atom:title><atom:content type="html">existdb: RT @xquery_xpath: RT @my__feed SOA Talk : XQuery: Secret weapon for the data integration specialist? http://bit.ly/qGCUXF</atom:content><atom:id>tag:twitter.com,2007:http://twitter.com/existdb/statuses/93247515683586048</atom:id><atom:published>2011-07-19T09:15:14+00:00</atom:published><atom:updated>2011-07-19T09:15:14+00:00</atom:updated><atom:link type="text/html" rel="alternate" href="http://twitter.com/existdb/statuses/93247515683586048"/><atom:link type="image/png" rel="image" href="http://a3.twimg.com/profile_images/1283963001/x_normal.png"/><atom:author><atom:name>eXist XML Database</atom:name><atom:uri>http://www.exist-db.org</atom:uri></atom:author><twitter:source>&lt;a href="http://www.tweetdeck.com" rel="nofollow"&gt;TweetDeck&lt;/a&gt;</twitter:source><twitter:place/></atom:entry><atom:entry><atom:title>existdb: Upcoming #XQuery #meetup in #London, Vote now for the exact date - http://bit.ly/nSqzW4 - please RT</atom:title><atom:content type="html">existdb: Upcoming #XQuery #meetup in #London, Vote now for the exact date - http://bit.ly/nSqzW4 - please RT</atom:content><atom:id>tag:twitter.com,2007:http://twitter.com/existdb/statuses/93066363454767104</atom:id><atom:published>2011-07-18T21:15:24+00:00</atom:published><atom:updated>2011-07-18T21:15:24+00:00</atom:updated><atom:link type="text/html" rel="alternate" href="http://twitter.com/existdb/statuses/93066363454767104"/><atom:link type="image/png" rel="image" href="http://a3.twimg.com/profile_images/1283963001/x_normal.png"/><atom:author><atom:name>eXist XML Database</atom:name><atom:uri>http://www.exist-db.org</atom:uri></atom:author><twitter:source>&lt;a href="http://www.tweetdeck.com" rel="nofollow"&gt;TweetDeck&lt;/a&gt;</twitter:source><twitter:place/></atom:entry><atom:entry><atom:title>existdb: RT @dizzzz: Moments ago I uploaded @existdb Pre-release 1.4.1 rev14877; the latest #betterFORM is included ! #announcement #xquery @bett ...</atom:title><atom:content type="html">existdb: RT @dizzzz: Moments ago I uploaded @existdb Pre-release 1.4.1 rev14877; the latest #betterFORM is included ! #announcement #xquery @bett ...</atom:content><atom:id>tag:twitter.com,2007:http://twitter.com/existdb/statuses/90878299642925056</atom:id><atom:published>2011-07-12T20:20:49+00:00</atom:published><atom:updated>2011-07-12T20:20:49+00:00</atom:updated><atom:link type="text/html" rel="alternate" href="http://twitter.com/existdb/statuses/90878299642925056"/><atom:link type="image/png" rel="image" href="http://a3.twimg.com/profile_images/1283963001/x_normal.png"/><atom:author><atom:name>eXist XML Database</atom:name><atom:uri>http://www.exist-db.org</atom:uri></atom:author><twitter:source>&lt;a href="http://itunes.apple.com/us/app/twitter/id409789998?mt=12" rel="nofollow"&gt;Twitter for Mac&lt;/a&gt;</twitter:source><twitter:place/></atom:entry><atom:entry><atom:title>existdb: @xquery Jim the SQL module isnt EXPath yet, hopefully soon, I have emailed him asking for a link to the work in progress</atom:title><atom:content type="html">existdb: @xquery Jim the SQL module isnt EXPath yet, hopefully soon, I have emailed him asking for a link to the work in progress</atom:content><atom:id>tag:twitter.com,2007:http://twitter.com/existdb/statuses/89687703641276418</atom:id><atom:published>2011-07-09T13:29:49+00:00</atom:published><atom:updated>2011-07-09T13:29:49+00:00</atom:updated><atom:link type="text/html" rel="alternate" href="http://twitter.com/existdb/statuses/89687703641276418"/><atom:link type="image/png" rel="image" href="http://a3.twimg.com/profile_images/1283963001/x_normal.png"/><atom:author><atom:name>eXist XML Database</atom:name><atom:uri>http://www.exist-db.org</atom:uri></atom:author><twitter:source>&lt;a href="http://www.tweetdeck.com" rel="nofollow"&gt;TweetDeck&lt;/a&gt;</twitter:source><twitter:place/></atom:entry><atom:entry><atom:title>existdb: @StianSigvartsen Look forward to reading it :-)</atom:title><atom:content type="html">existdb: @StianSigvartsen Look forward to reading it :-)</atom:content><atom:id>tag:twitter.com,2007:http://twitter.com/existdb/statuses/88865635924320256</atom:id><atom:published>2011-07-07T07:03:13+00:00</atom:published><atom:updated>2011-07-07T07:03:13+00:00</atom:updated><atom:link type="text/html" rel="alternate" href="http://twitter.com/existdb/statuses/88865635924320256"/><atom:link type="image/png" rel="image" href="http://a3.twimg.com/profile_images/1283963001/x_normal.png"/><atom:author><atom:name>eXist XML Database</atom:name><atom:uri>http://www.exist-db.org</atom:uri></atom:author><twitter:source>&lt;a href="http://www.tweetdeck.com" rel="nofollow"&gt;TweetDeck&lt;/a&gt;</twitter:source><twitter:place/></atom:entry><atom:entry><atom:title>existdb: @StianSigvartsen 3 XForms engines, #betterForm, #XSLTForms and #Orbeon that work with #eXistdb, How do you see Comet fitting? Blog entry?</atom:title><atom:content type="html">existdb: @StianSigvartsen 3 XForms engines, #betterForm, #XSLTForms and #Orbeon that work with #eXistdb, How do you see Comet fitting? Blog entry?</atom:content><atom:id>tag:twitter.com,2007:http://twitter.com/existdb/statuses/88605371844923392</atom:id><atom:published>2011-07-06T13:49:01+00:00</atom:published><atom:updated>2011-07-06T13:49:01+00:00</atom:updated><atom:link type="text/html" rel="alternate" href="http://twitter.com/existdb/statuses/88605371844923392"/><atom:link type="image/png" rel="image" href="http://a3.twimg.com/profile_images/1283963001/x_normal.png"/><atom:author><atom:name>eXist XML Database</atom:name><atom:uri>http://www.exist-db.org</atom:uri></atom:author><twitter:source>&lt;a href="http://www.tweetdeck.com" rel="nofollow"&gt;TweetDeck&lt;/a&gt;</twitter:source><twitter:place/></atom:entry><atom:entry><atom:title>existdb: @StianSigvartsen At present no. However Jetty (which we build atop) has support for Continuations and WebSocket, so it should be easyish ;-)</atom:title><atom:content type="html">existdb: @StianSigvartsen At present no. However Jetty (which we build atop) has support for Continuations and WebSocket, so it should be easyish ;-)</atom:content><atom:id>tag:twitter.com,2007:http://twitter.com/existdb/statuses/87861478857768960</atom:id><atom:published>2011-07-04T12:33:03+00:00</atom:published><atom:updated>2011-07-04T12:33:03+00:00</atom:updated><atom:link type="text/html" rel="alternate" href="http://twitter.com/existdb/statuses/87861478857768960"/><atom:link type="image/png" rel="image" href="http://a3.twimg.com/profile_images/1283963001/x_normal.png"/><atom:author><atom:name>eXist XML Database</atom:name><atom:uri>http://www.exist-db.org</atom:uri></atom:author><twitter:source>&lt;a href="http://www.tweetdeck.com" rel="nofollow"&gt;TweetDeck&lt;/a&gt;</twitter:source><twitter:place/></atom:entry><atom:entry><atom:title>existdb: RT @manusporny: An Uber-Comparison of RDFa, Microdata and Microformats: http://ow.ly/5qjaP #html5 #rdfa #microformats #microdata</atom:title><atom:content type="html">existdb: RT @manusporny: An Uber-Comparison of RDFa, Microdata and Microformats: http://ow.ly/5qjaP #html5 #rdfa #microformats #microdata</atom:content><atom:id>tag:twitter.com,2007:http://twitter.com/existdb/statuses/85246618458259456</atom:id><atom:published>2011-06-27T07:22:32+00:00</atom:published><atom:updated>2011-06-27T07:22:32+00:00</atom:updated><atom:link type="text/html" rel="alternate" href="http://twitter.com/existdb/statuses/85246618458259456"/><atom:link type="image/png" rel="image" href="http://a3.twimg.com/profile_images/1283963001/x_normal.png"/><atom:author><atom:name>eXist XML Database</atom:name><atom:uri>http://www.exist-db.org</atom:uri></atom:author><twitter:source>&lt;a href="http://www.tweetdeck.com" rel="nofollow"&gt;TweetDeck&lt;/a&gt;</twitter:source><twitter:place/></atom:entry><atom:entry><atom:title>existdb: Stop the Spam in your #XQuery Webapps. #EXPath compatible XQuery modules for the #Asirra API http://bit.ly/kEe… (cont) http://deck.ly/~HbWpJ</atom:title><atom:content type="html">existdb: Stop the Spam in your #XQuery Webapps. #EXPath compatible XQuery modules for the #Asirra API http://bit.ly/kEe… (cont) http://deck.ly/~HbWpJ</atom:content><atom:id>tag:twitter.com,2007:http://twitter.com/existdb/statuses/84704168622821376</atom:id><atom:published>2011-06-25T19:27:02+00:00</atom:published><atom:updated>2011-06-25T19:27:02+00:00</atom:updated><atom:link type="text/html" rel="alternate" href="http://twitter.com/existdb/statuses/84704168622821376"/><atom:link type="image/png" rel="image" href="http://a3.twimg.com/profile_images/1283963001/x_normal.png"/><atom:author><atom:name>eXist XML Database</atom:name><atom:uri>http://www.exist-db.org</atom:uri></atom:author><twitter:source>&lt;a href="http://www.tweetdeck.com" rel="nofollow"&gt;TweetDeck&lt;/a&gt;</twitter:source><twitter:place/></atom:entry><atom:entry><atom:title>existdb: RT @xmlsummerschool: 2011 summer school program is just about together; see http://t.co/34uFdDS for details.</atom:title><atom:content type="html">existdb: RT @xmlsummerschool: 2011 summer school program is just about together; see http://t.co/34uFdDS for details.</atom:content><atom:id>tag:twitter.com,2007:http://twitter.com/existdb/statuses/84324000649592832</atom:id><atom:published>2011-06-24T18:16:23+00:00</atom:published><atom:updated>2011-06-24T18:16:23+00:00</atom:updated><atom:link type="text/html" rel="alternate" href="http://twitter.com/existdb/statuses/84324000649592832"/><atom:link type="image/png" rel="image" href="http://a3.twimg.com/profile_images/1283963001/x_normal.png"/><atom:author><atom:name>eXist XML Database</atom:name><atom:uri>http://www.exist-db.org</atom:uri></atom:author><twitter:source>&lt;a href="http://www.tweetdeck.com" rel="nofollow"&gt;TweetDeck&lt;/a&gt;</twitter:source><twitter:place/></atom:entry><atom:entry><atom:title>existdb: RT @betterFORM2010: upcoming features of  forthcoming betterFORM limeGreen RC2 http://t.co/JkMRQ1U - will be available today #xforms</atom:title><atom:content type="html">existdb: RT @betterFORM2010: upcoming features of  forthcoming betterFORM limeGreen RC2 http://t.co/JkMRQ1U - will be available today #xforms</atom:content><atom:id>tag:twitter.com,2007:http://twitter.com/existdb/statuses/84232035241168896</atom:id><atom:published>2011-06-24T12:10:56+00:00</atom:published><atom:updated>2011-06-24T12:10:56+00:00</atom:updated><atom:link type="text/html" rel="alternate" href="http://twitter.com/existdb/statuses/84232035241168896"/><atom:link type="image/png" rel="image" href="http://a3.twimg.com/profile_images/1283963001/x_normal.png"/><atom:author><atom:name>eXist XML Database</atom:name><atom:uri>http://www.exist-db.org</atom:uri></atom:author><twitter:source>&lt;a href="http://www.tweetdeck.com" rel="nofollow"&gt;TweetDeck&lt;/a&gt;</twitter:source><twitter:place/></atom:entry><atom:entry><atom:title>existdb: RT @windauer: Code Freeze!  betterFORM limeGreen RC2 including #xforms #editor preview will be available soon... stay tuned #FF @betterF ...</atom:title><atom:content type="html">existdb: RT @windauer: Code Freeze!  betterFORM limeGreen RC2 including #xforms #editor preview will be available soon... stay tuned #FF @betterF ...</atom:content><atom:id>tag:twitter.com,2007:http://twitter.com/existdb/statuses/84231634618036224</atom:id><atom:published>2011-06-24T12:09:21+00:00</atom:published><atom:updated>2011-06-24T12:09:21+00:00</atom:updated><atom:link type="text/html" rel="alternate" href="http://twitter.com/existdb/statuses/84231634618036224"/><atom:link type="image/png" rel="image" href="http://a3.twimg.com/profile_images/1283963001/x_normal.png"/><atom:author><atom:name>eXist XML Database</atom:name><atom:uri>http://www.exist-db.org</atom:uri></atom:author><twitter:source>&lt;a href="http://www.tweetdeck.com" rel="nofollow"&gt;TweetDeck&lt;/a&gt;</twitter:source><twitter:place/></atom:entry><atom:entry><atom:title>existdb: RT @dizzzz: Uploaded another pre-view of #existdb version 1.4.1 .... getting close !  http://t.co/wJzlJfo please help us testing!</atom:title><atom:content type="html">existdb: RT @dizzzz: Uploaded another pre-view of #existdb version 1.4.1 .... getting close !  http://t.co/wJzlJfo please help us testing!</atom:content><atom:id>tag:twitter.com,2007:http://twitter.com/existdb/statuses/83608097733615616</atom:id><atom:published>2011-06-22T18:51:38+00:00</atom:published><atom:updated>2011-06-22T18:51:38+00:00</atom:updated><atom:link type="text/html" rel="alternate" href="http://twitter.com/existdb/statuses/83608097733615616"/><atom:link type="image/png" rel="image" href="http://a3.twimg.com/profile_images/1283963001/x_normal.png"/><atom:author><atom:name>eXist XML Database</atom:name><atom:uri>http://www.exist-db.org</atom:uri></atom:author><twitter:source>&lt;a href="http://itunes.apple.com/us/app/twitter/id409789998?mt=12" rel="nofollow"&gt;Twitter for Mac&lt;/a&gt;</twitter:source><twitter:place/></atom:entry><atom:entry><atom:title>existdb: RT @dizzzz: Reconstructed my old article about #jfreechart in #existdb : http://t.co/bZKEpc1</atom:title><atom:content type="html">existdb: RT @dizzzz: Reconstructed my old article about #jfreechart in #existdb : http://t.co/bZKEpc1</atom:content><atom:id>tag:twitter.com,2007:http://twitter.com/existdb/statuses/83608074245509120</atom:id><atom:published>2011-06-22T18:51:32+00:00</atom:published><atom:updated>2011-06-22T18:51:32+00:00</atom:updated><atom:link type="text/html" rel="alternate" href="http://twitter.com/existdb/statuses/83608074245509120"/><atom:link type="image/png" rel="image" href="http://a3.twimg.com/profile_images/1283963001/x_normal.png"/><atom:author><atom:name>eXist XML Database</atom:name><atom:uri>http://www.exist-db.org</atom:uri></atom:author><twitter:source>&lt;a href="http://itunes.apple.com/us/app/twitter/id409789998?mt=12" rel="nofollow"&gt;Twitter for Mac&lt;/a&gt;</twitter:source><twitter:place/></atom:entry><atom:entry><atom:title>existdb: The #existdb development team published a (final?) pre-release version of #existdb 1.4.1 ; more details on http://tinyurl.com/6x57wrh</atom:title><atom:content type="html">existdb: The #existdb development team published a (final?) pre-release version of #existdb 1.4.1 ; more details on http://tinyurl.com/6x57wrh</atom:content><atom:id>tag:twitter.com,2007:http://twitter.com/existdb/statuses/79966235030327297</atom:id><atom:published>2011-06-12T17:40:10+00:00</atom:published><atom:updated>2011-06-12T17:40:10+00:00</atom:updated><atom:link type="text/html" rel="alternate" href="http://twitter.com/existdb/statuses/79966235030327297"/><atom:link type="image/png" rel="image" href="http://a3.twimg.com/profile_images/1283963001/x_normal.png"/><atom:author><atom:name>eXist XML Database</atom:name><atom:uri>http://www.exist-db.org</atom:uri></atom:author><twitter:source>&lt;a href="http://www.tweetdeck.com" rel="nofollow"&gt;TweetDeck&lt;/a&gt;</twitter:source><twitter:place/></atom:entry></atom:feed>