<!--<?oxygen RNGSchema="http://telotadev.bbaw.de/editionswissenschaften/kursschema.rng" type="xml"?>--><?oxygen RNGSchema="kursschema.rng" type="xml"?><TEI xmlns="http://www.tei-c.org/ns/1.0"><teiHeader><fileDesc><titleStmt><title>Sitzungsprotokoll der Berliner Akademie der Wissenschaften vom
                    12.8.1880</title><author/></titleStmt><publicationStmt><p/></publicationStmt>
            <!--       <notesStmt>
                <note>Testtranskription von schnoepf. Personenkeys beinhalten die PND-Nummer.
                to do: PND-Nummern ergänzen, Handschriftliches von Gedrucktem unterscheiden.</note>
                </notesStmt>--><sourceDesc><p>Retrodigitalisiert vom Winter-Band und an die handschriftlichen Quellen
                    angepasst</p></sourceDesc></fileDesc></teiHeader><text><body><pb n="67"/><head>Sitzung vom <date from-iso="1880-08-12" to-iso="1880-08-12">12. August
                1880</date>.<ref target="http://digilib.bbaw.de/digitallibrary/digilib.jsp?fn=archiv/sitzungsprotokolle/II_V_57/S_41-43_65-68/&amp;pn=6&amp;pt=7"> Bild</ref></head><div type="anwesende"><head>Anwesende Mitglieder:</head><div type="physikalische_Klasse"><head>Physikalisch-mathematische Klasse.</head><list><item>Herr<persName key="118719874">Hagen</persName><abbr>Vet.</abbr></item><item> - <persName key="116545259">Riess</persName><abbr>Vet.</abbr></item><item> - <hi rend="underline"><persName key="118527665">du
                                    Bois-Reymond</persName></hi></item><item> - <hi rend="underline"><persName key="104356480">Peters</persName></hi></item><item> - <persName key="120170906">Beyrich</persName></item><item> - <persName key="116612789">Ewald</persName></item><item>- <persName key="116327480">Rammelsberg</persName></item><item> - <persName key="118725335">Kummer</persName></item><item> - <hi rend="strokethru"><persName key="116246170">Borchard</persName></hi></item><item> - <persName key="11876618X">Weierstrass</persName></item><item> - <persName key="116399279">Reichert</persName></item><item> Herr <hi rend="underline"><persName key="118567020">Kronecker</persName></hi></item><item> - <hi rend="underline"><persName key="118552627">Hofmann</persName></hi></item><item> - <hi rend="underline"><persName key="116388765">Auwers</persName></hi></item><item> - <persName>Roth</persName></item><item> - <hi rend="underline"><persName>Pringsheim</persName></hi></item><item> - <persName>Kirchhoff</persName></item><item> - <persName>Helmholtz</persName></item><item> - <persName>Siemens</persName></item><item> - <persName>Virchow</persName></item><item> - <persName>Websky</persName></item><item> - <persName>Schwendener</persName></item><item> - <persName>Munk</persName></item><item> - <hi rend="underline"><persName>Eichler</persName></hi></item></list></div><div type="philosophisch_historisch"><head> Philosophisch-historische Klasse.</head><list><item>Herr <persName><abbr>v.</abbr> Ranke</persName> Vet.</item><item> - <persName>Schott</persName></item><item> - <persName>Lepsius</persName></item><item> - <hi rend="strokethru"><persName>Buschmann</persName></hi></item><item> - <persName>Kiepert</persName></item><item> - <persName>Weber</persName></item><item> - <hi rend="underline"><persName>Mommsen</persName></hi></item><item> - <persName>Olshausen</persName></item><item> - <hi rend="underline"><persName>Kirchhoff</persName></hi></item><item> - <hi rend="underline"><persName>Curtius</persName></hi></item><item> - <persName>Müllenhoff</persName></item><item> - <persName>Droysen</persName></item><item> - <persName>Bonitz</persName></item><item> Herr <persName>Kuhn</persName></item><item> - <hi rend="underline"><persName>Zeller</persName></hi></item><item> - <hi rend="strokethru"><persName>Harms</persName></hi></item><item> - <persName>Duncker</persName></item><item> - <persName>Vahlen</persName></item><item> - <hi rend="underline"><persName>Bruns</persName></hi></item><item> - <hi rend="underline"><persName>Waitz</persName></hi></item><item> - <persName>Schrader</persName></item><item> - <persName><abbr>v.</abbr> Sybel</persName></item><item> - <persName>Dillmann</persName></item><item> - <persName>Conze</persName></item><item> - <hi rend="strokethru"><persName>Nitzsch</persName></hi></item></list></div><div type="Fremde"><head> Fremde:</head></div></div><div type="Verhandlungen"><head>Verhandlungen:</head><p> Nach Verlesung und Genehmigung des Protokolls der vorigen Sitzung las <lb/><abbr type="title">Hr.</abbr><persName>Kronecker</persName> eine von Hrn. <persName>Weierstrass</persName>
                    eingesandte und für den <abbr>MB</abbr> bestimte <lb/> Abhandlung<lb/><bibl rend="center"><ref target="http://bibliothek.bbaw.de/bibliothek-digital/digitalequellen/schriften/anzeige?band=09-mon/1880&amp;seite:int=00000739">Zur Functionenlehre</ref></bibl><lb/> Hierauf kamen folgende Geschäfte
                    zur Verhandlung.<lb/></p><p> 1) Das vorgeordnete Ministerium übersendet unter dem <date from-iso="1880-08-06" to-iso="1880-08-06">6. <abbr>d M.</abbr></date> eine Eingabe <lb/> des <abbr type="title">Dr.</abbr><persName><forename>Paul</forename> Piper</persName> in
                        <placeName>Altona</placeName> im Anschluss an sein Gesuch vom <date from-iso="1880-08-02" to-iso="1880-08-02">2. <abbr>v M</abbr></date>, welches von <lb/> der <abbr>phil. hist.</abbr> Klasse auf Veranlassung
                    des Ministeriums in Beratung gezogen <lb/> ist und gegenwärtig <abbr type="title">Hrn.</abbr><persName>Müllenhoff</persName> zur Begutachtung vorliegt. Die neue Eingabe
                    <lb/> ist letzterem gleichfalls zur Berichterstattung in der Klasse in
                    Verbindung mit <lb/> seinem vorbezeichneten Gutachten zu überweisen.<lb/></p><p> 2) Dasselbe Ministerium schickt ferner eine Circular-Verfügung vom <date from-iso="1880-07-31" to-iso="1880-07-31">31. Juli</date><lb/> mit, <abbr>betr.</abbr> das bei der Vergebung und Abnahme von Bauten und
                    Lieferungen zu <lb/> beobachtende Verfahren.<lb/></p><trailer> Nächste Sitzung: den <date from-iso="1880-10-14" to-iso="1880-10-14">14
                        October</date><abbr type="title">Hr.</abbr> wird lesen. </trailer></div><div type="Verhandlungen"><pb n="68"/><p><ref target="http://digilib.bbaw.de/digitallibrary/digilib.jsp?fn=archiv/sitzungsprotokolle/II_V_57/S_41-43_65-68/&amp;pn=7&amp;pt=7"> Bildtest</ref> 3) Die <orgName type="institution">Société d'Études Scientifiques
                        d'Angers</orgName> beantragt unter dem <date from-iso="1880-08-01" to-iso="1880-08-01">1. <abbr>Aug.</abbr></date><lb/> den Austausch der akademischen Publicationen gegen ihr Bulletin, indem sie
                    <lb/> die Zusendung des demnächst auszugebenden 8. Hefts desselben in Aussicht
                    stellt. <lb/> Es wird beschlossen der Gesellschaft die Monatsberichte vom
                    laufenden Jahr <lb/> an zu senden, und soll vorbehalten bleiben noch eine
                    entsprechende Anzahl <lb/> früherer Jahrgänge zu überweisen, wenn die
                    Gesellschaft zur Nachlieferung ihrer <lb/> früheren Publicationen veranlasst
                    werden kann.<lb/></p><p> 4) Die Engelmann'sche Buchhandlung hat in Erfüllung der ihr bei Sub-<lb/>
                    ventionierung der <persName><rs key="116516828" type="person">Chun</rs></persName>'schen <title><ref target="http://vzopc4.gbv.de:8080/DB=38/SET=5/TTL=31/CMD?ACT=SRCHA&amp;IKT=1016&amp;SRT=YOP&amp;TRM=PPN+094723001">Monographie der Rippenquallen</ref></title> auferlegten
                    Verpflicht-<lb/> tung 2 Exemplare des gedruckten Werks eingesandt. <abbr type="title">Hr.</abbr><persName>Peters</persName> beantragte eines <lb/> dieser Exemplare dem
                    Zoologischen Museum zu überweisen. Der Unterzeichnete trug <lb/> Bedenken, mit
                    Rücksicht auf §72 der Statuten, diesem Antrag ohne besondere <lb/> höhere
                    Genehmigung nachzugeben, weil nach den Subventions-Bedingungen beide <lb/>
                    Exemplare als Bestandtheile des beweglichen Vermögens der Akademie inventa-<lb/>
                    risiert werden müssen. Es wurde indes angegeben, dass bereits Präcendenzfälle
                    vorlägen <lb/> und es in denselben als ausreichend befunden sei die Verfügung
                        <hi rend="strokethru">zu</hi> über das 2te <lb/> Exemplar zu Gunsten eines
                    anderen Instituts in dem Accessions-Catalog zu vermerken,<lb/> und wurde demnach
                    beschlossen im vorliegenden Falle in gleicher Weise zu verfahren.<lb/></p><p> 5) <abbr type="title">Hr.</abbr><persName><abbr>A.</abbr> Kirchhoff</persName> theilte der Akademie den Wunsch des
                            <persName><abbr type="title">Hrn. Prof.</abbr> Schäfer</persName><lb/> in <rs type="place">Bonn</rs> mit, die Aushängebogen des <abbr>z.Z.</abbr>
                    in ihrem befindlichen von <persName><abbr type="title">Hrn. Prof.</abbr> Köhler
                    </persName><lb/> redigierten Bandes der C.J.Att. zu benutzen. Die Akademie hat
                    hiergegen in dem <lb/> Falle nichts einzuwenden, dass der Herausgeber selbst,
                    dessen Antwort auf eine <lb/> an ihn gerichtete Anfrage noch nicht hat
                    eintreffen können, keine Bedenken haben <lb/> sollte.<lb/></p><p> Hierauf wurde die Sitzung geschlossen.<lb/></p><signed><persName><abbr>A.</abbr> Auwers</persName></signed></div></body></text></TEI>