<collection xmlns="http://exist.sourceforge.net/NS/exist" name="/db/user/xml" owner="admin" group="dba" mode="755" created="2010-02-26T20:11:01+01:00" version="1">
    <resource type="XMLResource" name="1880_08_12_schema_neu.xml" owner="admin" group="dba" mode="755" created="2011-02-16T16:43:10+01:00" modified="2011-02-16T17:02:43+01:00" filename="1880_08_12_schema_neu.xml" mimetype="application/xml"/>
    <resource type="XMLResource" name="Dok102xml.xml" owner="admin" group="dba" mode="755" created="2010-07-23T19:01:07+02:00" modified="2010-07-23T19:01:07+02:00" filename="Dok102xml.xml" mimetype="application/xml"/>
    <resource type="XMLResource" name="Dok105xml.xml" owner="admin" group="dba" mode="755" created="2010-07-23T19:01:07+02:00" modified="2010-07-23T19:01:07+02:00" filename="Dok105xml.xml" mimetype="application/xml"/>
    <resource type="XMLResource" name="Ehrlich_1_1_04.xml" owner="admin" group="dba" mode="755" created="2010-07-22T17:33:00+02:00" modified="2010-07-22T17:33:00+02:00" filename="Ehrlich_1_1_04.xml" mimetype="application/xml"/>
    <resource type="XMLResource" name="Ehrlich_1_1_05.xml" owner="admin" group="dba" mode="755" created="2010-07-22T17:33:00+02:00" modified="2010-08-02T12:57:52+02:00" filename="Ehrlich_1_1_05.xml" mimetype="application/xml"/>
    <resource type="XMLResource" name="II_11_fertig.xml" owner="admin" group="dba" mode="755" created="2011-02-25T16:04:55+01:00" modified="2011-02-25T16:04:55+01:00" filename="II_11_fertig.xml" mimetype="application/xml"/>
    <resource type="XMLResource" name="TEI-P5_oxygen.xml" owner="admin" group="dba" mode="755" created="2011-03-18T12:36:09+01:00" modified="2011-03-18T12:36:09+01:00" filename="TEI-P5_oxygen.xml" mimetype="application/xml"/>
    <resource type="XMLResource" name="kurs1.xml" owner="admin" group="dba" mode="755" created="2011-02-09T15:19:09+01:00" modified="2011-02-09T15:19:09+01:00" filename="kurs1.xml" mimetype="application/xml"/>
    <resource type="XMLResource" name="kurs2.xml" owner="admin" group="dba" mode="755" created="2011-02-10T00:48:02+01:00" modified="2011-02-10T00:48:02+01:00" filename="kurs2.xml" mimetype="application/xml"/>
</collection>