<TEI><teiHeader><fileDesc><titleStmt><title type="series"> Briefwechsel Alexander v. Humboldt - Ehrenberg </title><title type="item"> TITEL DES BRIEFS </title><author>Alexander v. Humboldt</author><editor>Anne Jobst</editor><funder>Berlin-Brandenburgische Akademie der Wissenschaften,
                    Alexander-von-Humboldt-Forschungsstelle</funder></titleStmt><publicationStmt><publisher>AvH elektronische Edition</publisher><idno/></publicationStmt><sourceDesc><msDesc><msIdentifyer><repository>Archiv der Berlin-Brandenburgischen Akademie der Wissenschaften</repository><institution>Berlin-Brandenburgischen Akademie der Wissenschaften</institution><idno>Hs.: ABBAW, NL Ehrenberg 105</idno></msIdentifyer></msDesc></sourceDesc></fileDesc><encodingDesc><projectDesc><p>Berlin-Brandenburgische Akademie der Wissenschaften,
                    Alexander-von-Humboldt-Forschungsstelle</p></projectDesc><editorialDecl><p> VERWEIS ZU DEN EDITIONSRICHTLINIEN </p></editorialDecl></encodingDesc><profileDesc><creation><date type="editor" from="1839" to="1839" circa="">1839-08-20</date><place><placeName>Charlottenhof</placeName></place></creation><textClass/><particDesc><person role="sender"><persName>Alexander v. Humboldt</persName></person><person role="addressee"><persName>Christian Gottfried Ehrenberg</persName></person></particDesc></profileDesc></teiHeader><text type="letter"><front><persName name="Humboldt">Humboldt</persName> an <persName name="Ehrenberg">Ehrenberg</persName> Hs.: ABBAW, NL Ehrenberg 105 <lb/> TD: Laue, Max: Christian
        Gottfried Ehrenberg. Ein Vertreter deutscher Naturforschung im neunzehnten Jahrhundert
        1795-1876. Nach seinen Reiseberichten, seinem Briefwechsel mit A.v. Humboldt, v. Chamisso,
        Darwin, v. Martius u.a. Familienaufzeichngen, sowie anderm handschriftlichen Material.
        Berlin. J. Springer, 1895. p. 193 <placeName name="Charlottenhof">Charlottenhof</placeName><date type="editor" from="1839" to="1839" circa="">1839-08-20</date><note type="c" n="1">Zur
        Datierung: E.s Vorführung in Sanssouci am 21. 08. 1839 ist belegt</note></front><body>
            S[eine]r
        Wohlgeboren Herrn Professor Dr. <persName name="Ehrenberg">Ehrenberg</persName><lb/> Ritter des Rothen Adler Ordens <lb/> Mitgl[ied] der Kön[iglichen] Akademie <lb/> der
        Wissenschaften <lb/><placeName name="Berlin">Berlin</placeName> Französische Str. n 34 od[er] 35 <lb/> hinter
        der Katholischen [Kirche] <lb/> gegenüber dem Hause der Gesellschaft <lb/> Naturforschender
        Freunde <lb/> bald zu besorgen <lb/><persName name="Humboldt">AlHumboldt</persName><lb/><lb/> Die <persName name="Elisabeth Ludovika">Kronprinzessin</persName> hat Ihrer Mutter,
        der <persName name="Karoline Friederike Wilhelmine">Königin von Bayern</persName>, so viel
        von Ihrer Liebenswürdigkeit und dem Reichthum Ihrer Entdekkungen gesagt, dass der <persName name="Friedrich Wilhelm IV.">Kronprinz</persName> mich auffordert, Sie theurester
        Freund, auf morgen <hi rend="u">Mittwoch </hi><note type="e" n="1">(1) Dienstag (2) Mittwoch</note> zu Sich nach <placeName name="Sanssouci">Sanssouci</placeName> einzuladen. Er befiehlt dass ich hinzusezen soll,
        „seine Bitte sei unbescheiden und selbstsüchtig, denn er wünsche zugleich, dass Sie Ihr
        Microscop, und die Kreidethierchen, Trippel und, wenn thunlich, ein Paar lebendige Bestien
        mitbrächten.“ Ich fürchte, dass <hi rend="u">dies</hi> alles Ihnen etwas unbequem fällt,
        aber wie sollte ich den <persName name=" Friedrich Wilhelm  IV.">Kronprinzen</persName>
        abhalten? Kommen Sie, theurer Freund, mit der Eisenbahn um sieben Uhr früh <hi rend="u">(Mittwochs)</hi><note type="e" n="2">(1) (Dienstag morgen) (2) <hi rend="u">(Mittwoch)</hi></note> so begeben Sie Sich gleich zu mir nach <placeName name="Charlottenhof">Charlottenhof</placeName> wo ich im Schlösschen wohne und wo wir
        den Morgen zusammen zubringen können; denn das zeigen unter dem Microscope findet erst statt
        etwa um 1 Uhr. Wir essen in <placeName name="Sanssouci">Sanssouci</placeName> um 3 Uhr und
        Sie fahren den Abend, wann Sie wollen zurük. Ziehen Sie vor, erst mit der Eisenbahn um halb
        eilf zu fahren, so kommen Sie unmittelbar und zuerst nach <placeName name="Sanssouci">Sanssouci</placeName>, wo ich Sie erwarten werde. Fragen Sie nach dem Zimmer des
        Hofmarschalls v[on] <persName name="Meyerinck">Meyring</persName> in den Neuen Kammern
            <placeName name="Sanssouci">(Sanssouci)</placeName>: da werde ich [Sie] dann wenn Sie
        nicht ganz früh kommen, von halb zwölf Uhr an erwarten. So scheint es mir am bequemsten.
        Also debarquiren Sie morgen Mittwochs<note type="e" n="3">morgen Mittwochs erg. H</note> vor
        der Eisenbahn, in <placeName name="Potsdam">Potsdam</placeName> in einer Troschke entweder
        um 8 U[hr] bei mir in <placeName name="Charlottenhof">Charlottenhof</placeName>, oder um
        halb zwölf ( auch viel später, ganz wie Sie wollen) in den Neuen Kammern bei Hofmarschall
            <persName name="Meyerinck">Meyrink</persName>. Es wird mir eine grosse grosse Freude
        sein, einen Tag in dieser jezt reich mit Blumen geschmükten Gegend zuzubringen.<lb/><persName name="Humboldt">AlHumboldt</persName><lb/> Bringen Sie ja auch von Ihren troknen Präparaten und eine Rolle Zeichnungen und Kupfer
        mit. <lb/> Runder Hut, Stiefeln ganz gewöhnlicher Anzug.<lb/> Versichern Sie Sich ja der
        Stunden der Eisenbahn.<lb/> Vielleicht schöpfen Sie bei <placeName name="Potsdam">Potsdam</placeName> einige Infusorien od[er] im Graben bei <placeName name="Charlottenhof">Charlottenhof</placeName>.<lb/><lb/><placeName name="Charlottenhof ">Charlottenhof</placeName> Dienstag früh 
        </body></text></TEI>