<TEI><teiHeader><fileDesc><titleStmt><title type="series"> Briefwechsel Alexander v. Humboldt - Ehrenberg </title><title type="item"> TITEL DES BRIEFS </title><author>Alexander v. Humboldt</author><editor>Anne Jobst</editor><funder>Berlin-Brandenburgische Akademie der Wissenschaften,
                    Alexander-von-Humboldt-Forschungsstelle</funder></titleStmt><publicationStmt><publisher>AvH elektronische Edition</publisher><idno/></publicationStmt><sourceDesc><msDesc><msIdentifyer><repository>Archiv der Berlin-Brandenburgischen Akademie der Wissenschaften</repository><institution>Berlin-Brandenburgischen Akademie der Wissenschaften</institution><idno>Hs.: ABBAW, NL Ehrenberg 102</idno></msIdentifyer></msDesc></sourceDesc></fileDesc><encodingDesc><projectDesc><p>Berlin-Brandenburgische Akademie der Wissenschaften,
                    Alexander-von-Humboldt-Forschungsstelle</p></projectDesc><editorialDecl><p> VERWEIS ZU DEN EDITIONSRICHTLINIEN </p></editorialDecl></encodingDesc><profileDesc><creation><date type="editor" from="1837" to="" circa="">1837-11-00</date><place><placeName>Berlin</placeName></place></creation><textClass/><particDesc><person role="sender"><persName>Alexander v. Humboldt</persName></person><person role="addressee"><persName>Christian Gottfried Ehrenberg</persName></person></particDesc></profileDesc></teiHeader><text type="letter"><front><persName name="Humboldt">Humboldt</persName> an <persName name="Ehrenberg">Ehrenberg</persName> Hs.: ABBAW, NL Ehrenberg 102 <placeName name="Berlin">[Berlin]</placeName>
            nach<date type="editor" from="1837" to="" circa="">1837-11-00</date><note type="c" n="1">Zur Datierung: Am 18. November 1837 protestierten sieben Göttinger
                Professoren gegen die Aufhebung der Verfassung im Königreich Hannover und wurden
                deshalb entlassen.</note></front><body> 
            Sie sind, theurer Freund einer der wenigen Zeitgenossen auf deren Zuneigung man stolz
            sein kann. Diese neue geognostische Entdekkung, Frucht Ihrer Untersuchungen eine
            wenigstens 28 Fuss mächtige organische Schicht dazu Pamir Pollen in der Tiefe in
            baumloser Wüste das alles spricht den Verstand und die Phantasie zugleich an! <note type="p" n="1"> Christian Gottfried Ehrenberg. Ueber ein in der Lüneburger Haide
                entdecktes großes Infusorienlager. Bericht über die zur Bekanntmachung geeigneten
                Verhandlungen der Königl. Preuß. Akademie der Wissenschaften zu Berlin1837 S.
            165</note> Darf ich Sie bitten wenn Sie <persName name="Hausmann">Hausmann</persName>
            antworten, ihm zu sagen „wie sehr ich bedauert hätte ihn nicht gefunden zu haben, als
            ich ihn bei meinem Wegreisen besuchte. Ich liess bei ihm als Geschenk <persName name="G_Rose">Rose’s</persName> vortrefliches Buch<note type="p" n="2">G. Rose.
                Reise nach dem Ural, dem Altai und dem Kaspischen Meere ... im Jahre 1829 ausgeführt
                von A. v. Humboldt, G. Ehrenberg u. G. Rose ; Mineralogisch-geognostischer Theil und
                historischer Bericht der Reise. Berlin, 1837- 42</note> unserer Reise und bit[t]e
            ihn, dringend davon eine freundliche Anzeige in den Gött[inger] Anzeigen zu machen.“
                <persName name="Hausmann">Haussmann</persName> scheint nicht „zu den <persName name="sieben Wilde">sieben Wilden aus
                Göttingen</persName> zu gehören, von denen der Tyrann <persName name="Ernst August I.">Ernestus</persName> hierher schreibt,
            dass Sie Ihn angefallen.“ Ihr <persName name="Humboldt">AlHumboldt</persName><lb/>
            Trösten Sie Sich mit meiner Geographie des Mittelalters<note type="p" n="3">Alexandre de
                Humboldt. Examen critique de l'histoire de la géographie du nouveau continent et des
                progrès de l'astronomie nautique aux quinzième et seizième siècles. Paris
            1836-1839</note> die auch nicht endet. Ich habe 125 Bogen. </body></text></TEI>