<?oxygen RNGSchema="http://www.tei-c.org/release/xml/tei/custom/schema/relaxng/tei_all.rng" type="xml"?><TEI xmlns:math="http://www.w3.org/1998/Math/MathML" xmlns="http://www.tei-c.org/ns/1.0" xmlns:xi="http://www.w3.org/2001/XInclude" xmlns:svg="http://www.w3.org/2000/svg"><teiHeader><fileDesc><titleStmt><title>Title</title></titleStmt><publicationStmt><p>Publication Information</p></publicationStmt><sourceDesc><bibl><title> Letter from <name type="sender">Fritz Brause</name> to <name type="recipient">Horst</name></title></bibl><msDesc><msIdentifier><country>Germany</country><region>Lower Franconia</region><settlement>Würburg</settlement><institution>Universitätsbibliothek Würzburg</institution><idno>Nachlass Paul Ehrlich 1.1.01</idno></msIdentifier><history><origin><origDate when="1910-05-28"/><origPlace>Berlin</origPlace></origin></history></msDesc></sourceDesc></fileDesc></teiHeader><text><body><fw><address><addrLine><rs type="person">GEP. OB.-MED. RATH PROF. DR. P. EHRLICH</rs></addrLine><addrLine>WESTENDSTRASSE 62</addrLine></address></fw><opener><dateline><rs type="place">Frankfurt a/M.</rs>,<date when="1910-06-28">28.
                        Juni,1910</date>.</dateline><address><addrLine>Herrn <rs type="person">Prof. Dr. Spiethoff.</rs></addrLine><addrLine> Dermatologische
                            Klinik der Universität <rs type="place">Jena</rs>. </addrLine></address><salute>Hochgeehrter Herr Kollege!</salute></opener><p> Ich kann Ihnen garnicht sagen, wie sehr mich Ali Kachricht von dem Unglücksfall der
                bei Ihnen eingetreten ist, aufgeregt hat. Ich möchte nur wünschen, dass Ihnen für </p><p>[...]</p><p>muss man daran denken, dass möglich er?; et se doch etat abnorme Irregbarkelt des
                HerznervenSystems Terhanden war» In der 2?at ist von verschiedenen Seiten - und
                «uerst auch vom Alt • starke Pulsbeschleunigung lach Anwendung von 606 kogfttatieft
                werden, sodass offenbar das Präparat auch bei anscheinend gesundem Herzen eine funkt
                ton est örung gelegentlich hervorrufen kann. lob habe daraufhin und aucb in
                Rücksicht auf den Unfall bei Iversen, wo eine <rs type="med">Myocarditis</rs>
                vorgelegen hatte, in Minen neuerem Instruktionen, von denen ioh ein Exemplar
                beifüge, besonders darauf hingewiesen, dass man Leute mit er* regbare«
                Herznervensystem oder gar ein«» Herzfehler der </p><p>[...]</p><p> Möglichkeiten, die ich erwähnt habe, Ihnen sei bot ron Bedeutung zu sein scheinen.
                Für die Atoxyltherapie würde es auch von Wichtigkeit sein festzustellen, ob die
                damals, ror 2 Jahren durchgemachte Kur eise länger fortgesetzte und intensiv«
                genesen Ist, resp. ob die« selbe nur «inmalig eder reite&gt;riert vorgenommen wurde.
                Vielleicht haben Sie die Güte, mir einmal gelegen*-</p><closer><salute>Mit den besten GrÜssen und in vorzüglicher Hoch achtung, Ihr seht ergebener </salute><signed/></closer></body></text></TEI>