<?oxygen RNGSchema="http://www.tei-c.org/release/xml/tei/custom/schema/relaxng/tei_all.rng" type="xml"?><TEI xmlns:math="http://www.w3.org/1998/Math/MathML" xmlns="http://www.tei-c.org/ns/1.0" xmlns:xi="http://www.w3.org/2001/XInclude" xmlns:svg="http://www.w3.org/2000/svg"><teiHeader><fileDesc><titleStmt><title>Title</title></titleStmt><publicationStmt><p>Publication Information</p></publicationStmt><sourceDesc><p>/|B_II /|P_11 /|S_Bogen_III /|S_5 /|A_21_174,16-176,06</p></sourceDesc></fileDesc></teiHeader><text><body><div xml:id="B_II_P_11" type="page"><div xml:id="P_11T_1-5"><lb n="1"/><head>Übergang <lb n="2"/>von den metaphysischen Anfangsgründen <lb n="3"/>der Naturwissenschaft <lb n="4"/>zur <lb n="5"/>Physik.</head></div><lb/><note type="editor">Linie</note><div xml:id="P_11T_6"><lb n="6"/><head><hi rend="underline">Vorrede</hi></head></div><div xml:id="P_11T_7-19"><ab rend="indent"><lb n="7"/> We<expan>nn</expan> in einem System (nicht dem fragmentarischen Aggregat) dergleichen <lb n="8"/>die <ptr target="*1"/><hi rend="underline">Naturwissenschaft</hi><ptr target="*2"/> überhaupt ist, eine Obereintheilung wie die in die <lb n="9"/>metaphysische und physische Anfangsgründe derselben sich der Vernunft von <lb n="10"/>selbst darbietet gleichwohl aber diese Theile ungleichartig <add type="b">sind,</add> mithin <ptr cRef="*3"/> eigentlich <lb n="11"/>nicht <hi rend="underline">fortschreitend</hi><del type="w">gena<expan>nn</expan>t</del><add type="b"><foreign xml:lang="la">progressus</foreign></add> ist so wird die <del type="w">Ergänzung</del><add type="a">Vermehrung</add> jener Wissenschaft <lb n="12"/><del type="w">durch</del><add type="a">mit</add><subst rend="overwritten"><del>diese</del><add>dieser</add></subst> ein <hi rend="underline">Übergang</hi> (<foreign xml:lang="la">transitus</foreign>) von den metaphysischen Anfangsgründen <lb n="13"/>der
            Naturwissenschaft zur Physik <del type="w">seyn</del> und weder das eine noch das <lb n="14"/>andere für sich allein sondern <del type="w">beydes dieses für
              jenes zur <unclear unit="chars" quantity="1"/></del> diese für <lb n="15"/>jene überhaupt <hi rend="underline">ergänzend</hi> seyn. - Es ist kein Sprung von
            einem Terri- <lb n="16"/>torium aufs <hi rend="capital">a</hi>ndere de<expan>nn</expan> das würde keine <hi rend="underline">nothwendige</hi> Verbindung zum
              <lb n="17"/>Behuf <del type="w">der Natu</del> des <hi rend="capital">G</hi> antzen einer Naturwissenschaft abgeben sondern <lb n="18"/>eine Stellung welche
            die Vernunft <del type="w">zum</del> annehmen muß um beyde Ufer <lb n="19"/>mit einem Schritt zugleich zu berühren <del type="w">(<foreign xml:lang="la">styx
                interfusa coërcet</foreign>)</del>. </ab></div><div xml:id="P_11T_20-36"><ab><lb n="20"/>/ Die Begriffe der inneren Ausspannungskraft (<foreign xml:lang="la"><add type="b">vis</add> øexpansi<gap reason="illegible" unit="letter" quantity="0"/>aø expansiva</foreign>) und die der<lb n="21"/> inneren Zusa<expan>mm</expan>enziehung der Theile einer Materie in ihrer Berührung (<foreign xml:lang="la">cohaesio</foreign>):<lb n="22"/> - die der Vestigkeit und Flüßigkeit - die der Wärme als eines *4 <hi rend="capital">B</hi> eweglichen<lb n="23"/> Stoffs oder einer bloßen Form der <del type="w">Be</del> inneren Bewegung der Theile einer Materie<lb n="24"/> - die der Sperrbarkeit <del type="w">einer</del> (<foreign xml:lang="la">coërcibilitas</foreign>) ø<gap reason="illegible" unit="letter" quantity="0"/>ø sehr vieler Materien aber *5 auch<lb n="25"/> einiger Unsperrbarkeit - selbst die Wägbarkeit (<foreign xml:lang="la">ponderabilitas</foreign>) als Bestre-<lb n="26"/> bung <del type="w">zum</del> der øund d∂verwischt\ungø Bewegung øzurø zum Erdmittelpuncte und Unwägbarkeit ($imponderabi-<lb n="27"/> litas$ als einer Kraft welche øjeneø
            jener <del type="w">auf</del> wiedersteht, - - alle diese øEigen-ø Eigenheiten<lb n="28"/><del type="w">schaften</del> ødø so wie sie uns *6 die Erfahrung kennen lehrt aber ohne sie <del type="w">als</del> doch <add type="b">als</add><lb n="29"/>
            Principien <del type="w">doch</del> zur Erklärung der <del type="w">Erscheinungen der</del> aus ihnen zusa<expan>mm</expan>en-<lb n="30"/> gesetzten
            Erscheinungen in der Physik entbehren zu kö<expan>nn</expan>en sind die allge-<lb n="31"/> meine Vorkentnisse zu der <hi rend="capital">L</hi> etzteren;
              wo<unclear unit="chars" quantity="0">b</unclear>ey noch anzumerken ist daß<lb n="32"/> die Gegeneinanderstellung zweyer einander øwiederstreitendenø
            wiederstreitender Naturbestim-<lb n="33"/> mungen nicht wie ø<foreign xml:lang="la">a</foreign>ø <foreign xml:lang="la">A</foreign> und <foreign xml:lang="la">non A</foreign> (logisch) sondern wie ø<foreign xml:lang="la">a</foreign>ø <foreign xml:lang="la">A</foreign><expan rend="siglum">und</expan><foreign xml:lang="la">-A</foreign> (real)<lb n="34"/> einander entgegenstehend vorgestellt <del type="w">zwe<unclear unit="chars" quantity="0">c</unclear></del> werden z. B. dem Zusa<expan>mm</expan>en-<lb n="35"/> hange nicht <del type="w">das die</del> der <hi rend="underline">Mangel der
              Verbindung</hi> der Theile einer Materie<lb n="36"/> sondern die <hi rend="underline">Trennung</hi> als Ursache desselben hiebey vorgestellt werden. ~ </ab></div><div xml:id="P_11O"><ab> /|P_11O ∂leer </ab></div><div xml:id="P_11L"><ab> /|P_11L ∂leer </ab></div><div xml:id="P_11R_37"><ab> /|P_11R<lb n="37"/>/∂_8T *1 philosophische </ab></div><div xml:id="P_11R_38-39"><ab><lb n="38"/>/∂_8T *2 ($philosophia<lb n="39"/> naturalis$) </ab></div><div xml:id="P_11R_40-41"><ab><lb n="40"/>/∂_10T *3 ihre Hinzu-<lb n="41"/> kunft </ab></div><div xml:id="P_11R_42"><ab><lb n="42"/>/∂_22T *4 <hi rend="capital">b</hi> esonderen </ab></div><div xml:id="P_11R_43"><ab><lb n="43"/>/∂_24T *5 doch </ab></div><div xml:id="P_11R_44"><ab><lb n="44"/>/∂_28T *6 zwar nur </ab></div><div xml:id="P_11R_45-48"><ab><lb n="45"/> Hr. <persName>Fr._Nic</persName>: Der Verleger<lb n="46"/> hat es viel besser gemacht<lb n="47"/> Er hat Sache<expan>n</expan> die wichtig
              ware<expan>n</expan><lb n="48"/> ins Lächer<unclear unit="chars" quantity="0">l.</unclear> gezog<expan>en</expan></ab></div><div xml:id="P_11R_49-54"><ab><lb n="49"/> $øoø Ovidius Vestam<lb n="50"/> deducit a Ve et stando<lb n="51"/> et latinae fecit originis<lb n="52"/> l. 6 Fastorum v. 299<lb n="53"/> nomen
            est a firmiter<lb n="54"/> stando.$ ~ </ab></div><div xml:id="P_11U_55-59"><ab> /|P_11U<lb n="55"/> Die <hi rend="underline"><hi rend="capital">B</hi> ewegende Kraft</hi>, d. i. die Ursache der Bewegung erklärt nichts sondern ist
              <foreign xml:lang="la">qualitas occulta</foreign><lb n="56"/> Etwas was Bewegung wirkt und was wir nicht ke<expan>nn</expan>en. Anstatt dieser werden wir
            also die Bewegung<lb n="57"/> der Materie in einem Moment: <hi rend="capital">D</hi> a also der Körper nicht mehr in Ruhe aber auch noch nicht<lb n="58"/> in
            Bewegung ist. Von seiten des Körpers <foreign xml:lang="la">nisus</foreign>; von Seiten der Ursache der Bewegung øsø S<foreign xml:lang="la">olicitatio</foreign><lb n="59"/>/ <foreign xml:lang="la">Solicitare est quasi loco <add type="b">sol<gap reason="illegible" unit="letter" quantity="0"/></add> ciere (poetis sollicitare)</foreign> daher <foreign xml:lang="la">Solicitare ad laborem, <hi rend="underline"><persName>Seneca</persName></hi></foreign> ~ </ab></div></div></body></text></TEI>