<?oxygen RNGSchema="http://telotadev.bbaw.de/editionswissenschaften/kursschema.rng" type="xml"?><TEI xmlns="http://www.tei-c.org/ns/1.0"><teiHeader><fileDesc><titleStmt><title>Sitzung vom 05. August 1880.</title></titleStmt><sourceDesc><p/></sourceDesc></fileDesc></teiHeader><text><body><head>65</head><lb/><head>Sitzung vom <date when="1880-08-05">05. August 1880</date>.</head><lb/><table rows="1" cols="1"><row><cell>Anwesende Mitglieder:</cell></row></table><table rows="1" cols="2"><row><cell>Physikalisch-mathematische Klasse.</cell><cell>Philosophisch-historische Klasse.</cell></row></table><table rows="13" cols="4"><row><cell>Herr <name rend="italics">Hagen</name> Vet.<lb/></cell><cell>Herr <hi rend="underline"><name rend="italics">Kronecker</name></hi><lb/></cell><cell>Herr <name rend="italics">v.Ranke</name> Vet.<lb/></cell><cell>Herr <name rend="italics">Kuhn</name><lb/></cell></row><row><cell> - <name rend="italics">Riess</name> Vet.<lb/></cell><cell> - <hi rend="underline"><name rend="italics">Hofmann</name></hi><lb/></cell><cell> - <name rend="italics">Schott</name><lb/></cell><cell> - <hi rend="underline"><name rend="italics">Zeller</name></hi><lb/></cell></row><row><cell> - <hi rend="underlinestroke"><name rend="italics">du Bois-Reymond</name></hi><lb/></cell><cell> - <hi rend="underline"><name rend="italics">Auwers</name></hi><lb/></cell><cell> - <name rend="italics">Lepsius</name><lb/></cell><cell> - <hi rend="strokethru"><name rend="italics">Harms</name></hi><lb/></cell></row><row><cell> - <hi rend="underline"><name rend="italics">Peters</name></hi><lb/></cell><cell> - <name rend="italics">Roth</name><lb/></cell><cell> - <hi rend="strokethru"><name rend="italics">Buschmann</name></hi><lb/></cell><cell> - <name rend="italics">Duncker</name><lb/></cell></row><row><cell> - <hi rend="underline"><name rend="italics">Beyrich</name></hi><lb/></cell><cell> - <name rend="italics">Pringsheim</name><lb/></cell><cell> - <name rend="italics">Kiepert</name><lb/></cell><cell> - <name rend="italics">Vahlen</name><lb/></cell></row><row><cell> - <hi rend="underline"><name rend="italics">Ewald</name></hi><lb/></cell><cell> - <hi rend="underline"><name rend="italics">Kirchhoff</name></hi><lb/></cell><cell> - <hi rend="underline"><name rend="italics">Weber</name></hi><lb/></cell><cell> - <name rend="italics">Bruns</name><lb/></cell></row><row><cell> - <name rend="italics">Rammelsberg</name><lb/></cell><cell> - <name rend="italics">Helmholtz</name><lb/></cell><cell> - <hi rend="underline"><name rend="italics">Mommsen</name></hi><lb/></cell><cell> - <name rend="italics">Waitz</name><lb/></cell></row><row><cell> - <hi rend="underline"><name rend="italics">Kummer</name></hi><lb/></cell><cell> - <name rend="italics">Siemens</name><lb/></cell><cell> - <name rend="italics">Olshausen</name><lb/></cell><cell> - <name rend="italics">Schrader</name><lb/></cell></row><row><cell> - <hi rend="strokethru"><name rend="italics">Borchardt</name></hi><lb/></cell><cell> - <name rend="italics">Virchow</name><lb/></cell><cell> - <name rend="italics">Kirchhoff</name><lb/></cell><cell> - <name rend="italics">v. Sybel</name><lb/></cell></row><row><cell> - <name rend="italics">Weierstrass</name><lb/></cell><cell> - <hi rend="underline"><name rend="italics">Websky</name></hi><lb/></cell><cell> - <name rend="italics">Curtius</name><lb/></cell><cell> - <name rend="italics">Dillmann</name><lb/></cell></row><row><cell> - <name rend="italics">Reichert</name><lb/></cell><cell> - <name rend="italics">Schwendener</name><lb/></cell><cell> - <name rend="italics">Müllenhoff</name><lb/></cell><cell> - <name rend="italics">Conze</name><lb/></cell></row><row><cell/><cell> - <name rend="italics">Munk</name><lb/></cell><cell> - <name rend="italics">Droysen</name><lb/></cell><cell> - <hi rend="strokethru"><name rend="italics">Nitzsch</name></hi><lb/></cell></row><row><cell/><cell> - <hi rend="underline"><name rend="italics">Eichler</name></hi><lb/></cell><cell> - <name rend="italics">Bonitz</name><lb/></cell><cell/></row></table><p>Fremde:</p><p>Verhandlungen:</p><p>Nach Verlesung und Genehmigung des Protocolls der vorigen Sitzung las<lb/></p><p>Hr. Kummer eine von Hrn. Weierstrass eingesandte und für den MB bestimmte Abhandlung<lb/></p><p>Über einen functionentheoretischen Satz des G. Mittag Leffler.</p><p>Ferner machte Hr. Websky eine Mittheilung als Nachtrag zu einem am 21.<lb/></p><p>Juli gehaltenen Vortrag über den xxx, welche jenem im MB Juli ab-<lb/></p><p>zudruckenden Vortage als nachträglich hinzugefügt angexxx werden soll.<lb/></p><p>Hierauf wurden folgende Geschäfte verhandelt.<lb/></p><p>19 Die phys. math. Klasse xxx in Erledigung der ihr am 8. April<lb/></p><p>vom Plenum ertheilten Auftrage den Bericht über ihrer Blitzableiter-Com-<lb/></p><p>mission, nachdem sie sich derselben in ihrer Sitzung am 2. d. M. angeeignet<lb/></p><p>hat. Das Plenum beschliesst den Bericht unverändert an das vorgeordnete<lb/></p><p>Ministerium abzusenden.<lb/></p><p>29 die K. Akademie der Künste beantragt die Reparatur des Eingangs des <lb/></p><p>Nächste Sitzung: den Hr. wird lesen.<lb/></p><p>Akademiegebäudes aud gemeinschaftliche Kosten, und zwar so, dass jede<lb/></p><p>der beiden Akademien die Hälfte des auf 625 M. veranschlagten Betrages<lb/></p><p>übernehme. Da die Akademie den Anschlaga nicht xxx, xxx auf denkbar<lb/></p><p>Bewilligungen bei der xxx Höhe der etatsxxx für derartige<lb/></p><p>Ausgaben bestimmten Position aber nicht einlassen kann, wird, in Anbetracht<lb/></p><p>der Nothwendigkeit der Restauration selbst, beschlossen, den festen Betrag von 312,50 M<lb/></p><p>zu übernehmen.<lb/></p><p>3) der Unterzeichnete legte seine Abrechnung über das auf Grund der<lb/></p><p>Bewilligung vom 24. Juli 1879 beschaffte Fernrohr vor, welche dem Secretariat<lb/></p><p>zur Revision und weiteren Veranlassung überwiesen wurde.<lb/></p><p>4) Die Generalverwaltung der Kgl. Museen übersendet ein Exemplar<lb/></p><p>der zum 50jähr. Jubiläum der Kgl. Museen erschienenen Geschichte der Museen<lb/></p><p>und des Führers durch die Museen.<lb/></p><p>5) Hr. Dr. Goldstein dankt durch Schreiben vom 4. d. M. für die zur<lb/></p><p>Herausgabe seiner Abhandlung über das electrische Licht erhaltene Unter-<lb/></p><p>stützung. Weiter kam nichts zur Verhandlung.<lb/></p><p>A. Auwers<lb/></p></body></text></TEI>