<?oxygen RNGSchema="http://telotadev.bbaw.de/editionswissenschaften/kursschema.rng"
type="xml"?><TEI xmlns="http://www.tei-c.org/ns/1.0"><teiHeader><fileDesc><titleStmt><title xml:lang="de">Sitzungsprotokoll der Akademie der Wissenschaften</title></titleStmt><sourceDesc><p>Eduard Winter: Die Registres der Akademie der Wissenschaften 1746-1766. Berlin
                    1957</p><p>Hier kommt noch mehr Text hin. Signatur und Ort der HS, des Buches, mit welchen
                    technischen Hilfsmitteln gearbeitet wurde blablablubb</p></sourceDesc></fileDesc></teiHeader><text><body xml:lang="de"><div type="protokoll"><p>41</p><p><title> Sitzung vom <date when="1880-05-27">27. Mai 1880</date></title>.</p><table rows="1" cols="2"><head rend="center">Anwesende Mitglieder:</head><row><cell><table rows="13" cols="2"><head rend="center">Physikalisch-mathematische Klasse.</head><row><cell>Herr <hi rend="italic"><persName key="PND:118719874"><surname>Hagen</surname></persName></hi>
                                        Vet.</cell><cell>Herr <hi rend="underline"><hi rend="italic"><persName key="PND:118567020"><surname>Kronecker</surname></persName></hi></hi></cell></row><row><cell>- <hi rend="italic"><persName key="PND:116545259"><surname>Riess</surname></persName></hi>
                                        Vet.</cell><cell>- <hi rend="italic"><persName><surname>Hofmann</surname></persName></hi></cell></row><row><cell>- <hi rend="underline"><hi rend="italic"><persName key="PND:118527665"><surname><nameLink>du</nameLink>
                                                  Bois-Reymond</surname></persName></hi></hi></cell><cell>- <hi rend="underline"><hi rend="italic"><persName key="PND:116388765"><surname>Auwers</surname></persName></hi></hi></cell></row><row><cell>- <hi rend="italic"><persName><surname>Peters</surname></persName></hi></cell><cell>- <hi rend="underline"><hi rend="italic"><persName key="PND:119195836"><surname>Roth</surname></persName></hi></hi></cell></row><row><cell>- <hi rend="italic"><persName key="PND:120170906"><surname>Beyrich</surname></persName></hi></cell><cell>- <hi rend="underline"><hi rend="Italic"><persName key="PND:116290684"><surname>Pringsheim</surname></persName></hi></hi></cell></row><row><cell>- <hi rend="italic"><persName><surname>Ewald</surname></persName></hi></cell><cell>- <hi rend="underline"><hi rend="italic"><persName><surname>Kirchhoff</surname></persName></hi></hi></cell></row><row><cell>- <hi rend="italic"><persName><surname>Rammelsberg</surname></persName></hi></cell><cell>- <hi rend="underline"><hi rend="italic"><persName key="PND:11854893X"><surname>Helmholtz</surname></persName></hi></hi></cell></row><row><cell>- <hi rend="italic"><persName key="PND:118725335"><surname>Kummer</surname></persName></hi></cell><cell>- <hi rend="underline"><hi rend="italic"><persName key="PND:118614088:"><surname>Siemens</surname></persName></hi></hi></cell></row><row><cell>- <hi rend="italic"><persName key="PND:116246170"><surname>Borchardt</surname></persName></hi></cell><cell>- <hi rend="underline"><hi rend="italic"><persName key="PND:118627198"><surname>Virchow</surname></persName></hi></hi></cell></row><row><cell>- <hi rend="italic"><persName><surname>Weierstrafs</surname></persName></hi></cell><cell>- <hi rend="underline"><hi rend="italic"><persName><surname>Websky</surname></persName></hi></hi></cell></row><row><cell>- <hi rend="italic"><persName><surname>Reichert</surname></persName></hi></cell><cell>- <hi rend="underline"><hi rend="italic"><persName><surname>Schwendener</surname></persName></hi></hi></cell></row><row><cell> </cell><cell>- <hi rend="underline"><hi rend="italic"><persName><surname>Munk</surname></persName></hi></hi></cell></row><row><cell> </cell><cell>- <hi rend="underline"><hi rend="italic"><persName><surname>Eichler</surname></persName></hi></hi></cell></row></table></cell><cell><table rows="13" cols="2"><head rend="center">Philosophisch-historische Klasse</head><row><cell>Herr <hi rend="italic"><persName><surname><nameLink>v.</nameLink>Ranke</surname></persName></hi>
                                        Vet.</cell><cell>Herr <hi rend="underline"><hi rend="italic"><persName><surname>Kuhn</surname></persName></hi></hi></cell></row><row><cell>- <hi rend="underline"><hi rend="italic"><persName><surname>Schott</surname></persName></hi></hi></cell><cell>- <hi rend="underline"><hi rend="italic"><persName><surname>Zeller</surname></persName></hi></hi></cell></row><row><cell>- <hi rend="underline"><hi rend="italic"><persName><surname>Lepsius</surname></persName></hi></hi></cell><cell>- <hi rend="strokethru"><hi rend="italic"><persName><surname>Harms</surname></persName></hi></hi></cell></row><row><cell>- <hi rend="strokethru"><hi rend="italic"><persName><surname>Buschmann</surname></persName></hi></hi></cell><cell>- <hi rend="underline"><hi rend="italic"><persName key="PND:118681230"><surname>Duncker</surname></persName></hi></hi></cell></row><row><cell>- <hi rend="underline"><hi rend="italic"><persName key="PND:116168862"><surname>Kiepert</surname></persName></hi></hi></cell><cell>- <hi rend="italic"><persName key="PND:117325279"><surname>Vahlen</surname></persName></hi></cell></row><row><cell>- <hi rend="underline"><hi rend="italic"><persName><surname>Weber</surname></persName></hi></hi></cell><cell>- <hi rend="underline"><hi rend="italic"><persName key="PND:11681263X"><surname>Bruns</surname></persName></hi></hi></cell></row><row><cell>- <hi rend="underline"><hi rend="italic"><persName key="PND:118583425"><surname>Mommsen</surname></persName></hi></hi></cell><cell>- <hi rend="underline"><hi rend="italic"><persName><surname>Waitz</surname></persName></hi></hi></cell></row><row><cell>- <hi rend="italic"><persName key="PND:117123323"><surname>Olshausen</surname></persName></hi></cell><cell>- <hi rend="underline"><hi rend="italic"><persName><surname>Schrader</surname></persName></hi></hi></cell></row><row><cell>- <hi rend="underline"><hi rend="italic"><persName key="PND:116182431"><surname>Kirchhoff</surname></persName></hi></hi></cell><cell>- <hi rend="italic"><persName key="PND:118620223"><surname><nameLink>v.</nameLink>
                                                Sybel</surname></persName></hi></cell></row><row><cell>- <hi rend="underline"><hi rend="italic"><persName><surname>Curtius</surname></persName></hi></hi></cell><cell>- <hi rend="underline"><hi rend="italic"><persName><surname>Dillmann</surname></persName></hi></hi></cell></row><row><cell>- <hi rend="underline"><hi rend="italic"><persName><surname>Müllenhoff</surname></persName></hi></hi></cell><cell>- <hi rend="underline"><hi rend="italic"><persName><surname>Conze</surname></persName></hi></hi></cell></row><row><cell>- <hi rend="underline"><hi rend="italic"><persName key="PND:11852755X"><surname>Droysen</surname></persName></hi></hi></cell><cell>- <hi rend="italic"><persName><surname>Nitzsch</surname></persName></hi></cell></row><row><cell>- <hi rend="underline"><hi rend="italic"><persName><surname>Bonitz</surname></persName></hi></hi></cell><cell> </cell></row></table>.</cell></row></table><p rend="center">Fremde:</p><p rend="center">Verhandlungen:</p><p>Nach Verlesung und Genehmigung des Protocolls der letzten Sitzung las <persName><abbr>Hr.</abbr><lb/><surname>Conze</surname></persName><lb/></p><p rend="center">über die <title>Gigantomachie-Reliefs des pergamesischen
                        Altarbaues</title><note>Bibliografische Angabe!?</note><lb/> (Auszug für den
                        <abbr>MB</abbr>)</p><lb/><p>Sodann legte <persName key="PND:11854893X">Herr <surname>Helmholtz</surname></persName> einen Auszug
                    aus einer Arbeit des <persName><choice><abbr>Hrn.</abbr><expan>Herrn</expan></choice><forename><abbr>H.</abbr></forename><forename><abbr>F.</abbr></forename><lb/><surname>Weber</surname></persName> in <placeName>Zürich</placeName></p><lb/><p rend="center">über die Beziehung zwischen dem Wärmeleitungsvemögen und <lb/> dem
                    electrischen Leitungsvermögen der Metalle</p><lb/><p>vor, dessen Aufnahme in den <abbr>MB</abbr> gleichfalls beschlossen wurde.<lb/>
                    An Geschäften kam Folgendes vor.<lb/> Die folgenden Rescipte des vorgeordneten
                        <orgName>Ministeriums</orgName><note>welches Minsiterium?</note>:<lb/> 1) vom <date when="1880-05-11">11.
                        Mai</date> btr. die Unterstützung der Herausgabe des <unclear>xxx xxx</unclear><lb/> 2) vom
                        <date when="1880-05-11">11. Mai</date><abbr>btr.</abbr> die Einrichtung einer <orgName>Stiftung für hinterlassene
                        Töchter<lb/> unmittelbarer preussischer Civil-Staatsbeamter</orgName>,</p><lb/><p> </p><p>Nächste Sitzung: den <date when="1880-06-03">3. Juni</date><persName><abbr><genName>Hr.</genName></abbr><surname>Munk</surname></persName> wird lesen.<pb/> 3) vom <date when="1880-05-12">14. Mai</date><abbr>btr.</abbr> die Gnadengehälter für die Hinterbliebenen der
                    verstorbenen<lb/> Akademieker <persName><surname>Harms</surname></persName> und
                            <persName><surname>Buschmann</surname></persName><lb/> 4) vom <date when="1880-05-14">14. Mai</date><abbr>btr.</abbr> die Fortsetzung der Herausgabe der politischen Correspon-<lb/>
                    denz <persName><roleName>König </roleName>Friedrichs II</persName>,<lb/> 5) vom 15. Mai btr. die Fortsetzung der
                    Herausgabe der <bibl>Monumenta Scrip-<lb/> turae quadratae</bibl><lb/> 6) vom
                        <date when="1880-05-15">15. Mai</date><abbr>btr.</abbr> die Subvention für
                            <persName><abbr><genName>Hrn.</genName></abbr><surname>Kiepert</surname></persName>'s neue <bibl>Karte von
                            <country>Kleinasien<!-- was genau ist Kleinasien? --></country></bibl>,<lb/>
                    7) vom <date when="2880-05-19">19 Mai</date><abbr>btr</abbr>. die Gehaltszehlung für die neu eingetretenen Mitglie-<lb/> der
                            <genName><abbr>HH</abbr></genName><persName><surname>Munk</surname></persName> und
                            <persName><surname>Eichler</surname></persName><lb/> 8) vom <date when="1880-05-20">20. Mai</date><abbr>btr.</abbr> die Fortsetzung des <bibl>Corpus Inscriptionum Graecarum</bibl>,<lb/>
                    sämmtlich mit Ausnahme der Mittheilung ad 2) Bestätigungen diesseitiger<lb/>
                    Beschlüsse, wurden vorgelegt, desgleichen ferner <lb/> 9) ein Rescipt<!-- Fußnote: Was ist ein Rescipt? --> des <persName><genName>Herrn</genName><roleName>Justiz-Ministers</roleName></persName>, welcher unter dem <date when="1880-05-15">15. Mai</date><lb/> der <orgName>Akademie</orgName> ein Exemplar der
                    <bibl>Statistiken der preussischen Schwurgerichte</bibl><lb/> für das <date when="1878">Jahr 1878</date> übersendet,
                    und <lb/> 10) ein Schreiben des <persName><roleName><abbr>Gen.</abbr><abbr>Feldmarsch.</abbr> Grafen</roleName> Moltke</persName> vom <date when="1880-05-25">25. <abbr>d. M.</abbr></date>,
                    mit <lb/> welchem der <orgName>Akademie</orgName> das 1). <bibl>Heft der Geschichte des
                    deutsch-französischen<lb/> Krieges</bibl> überreicht wird.<lb/> 11) Ueber die
                    Verwendung der verfügbaren Mittel der <orgName>Humboldt-Stif-<lb/> tung</orgName> wurde heute
                    Beschluss gefasst, nachdem vorschriftsmässiger Einladung <lb/> zu dieser Sitzung
                    ergangen war. Der Antrag der <roleName>phys. math. Classe</roleName>, 16000 M <lb/> zur Fortführung
                    des Reise-Unternehmens des <persName><roleName>Dr.</roleName><forename><abbr>O.</abbr></forename><surname>Finck</surname></persName> zu verwenden,<lb/> wurde mit 29 gegen 1
                    Stimme genehmigt, wozu dem Curatorium der <orgName>Stiftung</orgName><lb/> Anzeige zu machen
                    ist.<lb/> 12) die <orgName>Blitzableiter-Commission</orgName> hat ihren <bibl>Bericht</bibl> über die Eingabe
                    <lb/> des Magistrats zu <placeName>Landsberg a. W.</placeName> in Form eines an denselben zu richtenden
                    <lb/> Antwortschreibens erstattet. Die Absendung dieses Schreibens Namens der
                    <lb/> Akademie wurde beschlossen. Zugleich wurde angeregt die stattgehabte
                    Ver-<lb/> handlung und ihre Resultate durch den MB zur öffentlichen Kenntniss zu
                    <lb/> bringen; da es für wunschenswerth erklärt wurde hierbei auch noch auf
                    frühen, <lb/> unpubliciert gebliebene Berichte zumxxx, wurde zur weiteren
                    Verhandlung <lb/><unclear>xxx</unclear> und event. Auswahl der abzudruckenden Schriftxxx die
                    Angelegen-<lb/> heit an die zuständige phys. math. Klasse abgegeben. <lb/> 13)
                    Die phil. hist. Classe hat in ihrer Sitzung am 24. d. M. beschlossen, <lb/> eine
                    Eingabe btr. die Fortsetzung des Corpus I. L. an das vorgeordnete Minister-<lb/>
                    ium zu richten, in welcher eine weitere Subvention zunächst auf 2 Jahren,<lb/>
                    vom 1. April 1881 bis dahin 1883, in Höhe von jährlich 14000 M. erbeten werden
                    <pb/> 43 soll. Hr. Mommsen trug den Entwurf der Eingabe vor, welcher hierauf
                    ein-<lb/> stimmig genehmigt wurde.<lb/> 14) Dieselbe Klasse hat in der gleichen
                    Sitzung den mit Hrn. G. Reimer <lb/> über den Verlag der Aristoteles-Commentare
                    abzuschliessenden Vertrag <lb/> berathen. Nachdem einige von der Klasse
                    gewünschte Veränderungen des vor <lb/> ber btr. Commission mit Hrn. Reimer
                    vereinbarten Entwurfs inzwischen die <lb/> Zustimmung des letzten erhalten
                    haben, wurde der Vertrag heute dem Plenum <lb/> vorgelegt und auch einiger von
                    Hrn. Zeller gegebenen Erläuterungen ohne <lb/> Widerspruch genehmigt.<lb/> *15)
                    Verschiedene dankschreiben für akademische Publicationen wur-<lb/> den
                    mitgetheilt, u.a. eins des Fürsten Bencampagni für die in der vori-<lb/> gen
                    Sitzung beschlossene Bewilligung. <lb/> 16) Auf Antrag des Hrn. G. Kirchhoff und
                    des Unterzeichneten wurde <lb/> beschlossen, mit dem Astrophysikalischen
                    Observatorium zu Potsdam <lb/> in Schriftenaustausch einzutreten und diesem
                    Institut die Monatsberichte <lb/> und die Abhandlungen der phys. math. Klasse,
                    beide vom Jahrgang 1877 <lb/> ab zu verabfolgen; ferner auf Antrag des
                    Unterzeichneten <lb/> 17) den bereits bestehenden Tauschverkehr mit der Berliner
                    Sternwarte <lb/> dahin auszudehnen, dass dieselbe, welche z. Z. nur die
                    Monatsberichte erhält, <lb/> fortab auch die Abhandlungen der math. phys. Klasse
                    (aber vom Jahrgang <lb/> 1879 ab) erhalten soll. <lb/> 18) eine zusendung der
                    Berliner Beamten-Vereinigung vom 14. Mai vwurde <lb/> vorgelegt, und <lb/> 19)
                    das Protocoll der Sitzung des Geldverwendungs-Ausschusses am <lb/> 29. April
                    vorgetragen. <lb/> Hierauf wurde die Sitzung geschlossen. <lb/><persName key="PND:116388765"><forename><abbr>A.</abbr></forename><surname>Auwers</surname></persName><lb/>
                    *14a) Der Unterzeichnete mchte Mittheilung von einer vom Secretariat <lb/> an
                    das vorgeordnete Ministerium unter dem 20. d. M. gerichteten Eingabe, <lb/> btr.
                    die Mängel des academischen Locals und die Notwendigkeit <lb/> der Herstellung
                    geeigneter Sitzungs- und Geschäftsräume. <lb/> Gehoriger Ort ausgelassen und vor
                    Vorlage des Protocolls hier nach-<lb/> getragen. <persName key="PND:116388765"><forename><abbr>A.</abbr></forename><surname>Auwers</surname></persName></p></div></body></text></TEI>