<!-- Central user configuration. Editing this document will cause the security to reload and update its internal database. Please handle with care! --><auth version="1.0"><!-- Please do not remove the guest and admin groups --><groups last-id="2"><group name="dba" id="1"/><group name="guest" id="2"/></groups><!-- Please do not remove the admin user. --><users last-id="3"><user name="admin" uid="1" password="{MD5}1B2M2Y8AsgTpgAmY7PhCfg==" digest-password="a186774a3158bad9b008ce1bd79422e0" home=""><group>dba</group></user><user name="guest" uid="2" password="{MD5}CE4DQ6BIb/BVMN9scFyLtA==" digest-password="e55d929cdbc8d5a7ce3bda044bc69f59"><group>guest</group></user></users></auth>