<collection xmlns="http://exist.sourceforge.net/NS/exist" name="/db/tei/docx/to" owner="admin" group="dba" mode="755" created="2010-08-03T15:22:43+02:00" version="1">
    <resource type="XMLResource" name="parameters.xsl" owner="admin" group="dba" mode="755" created="2010-08-03T15:22:43+02:00" modified="2010-08-03T15:22:43+02:00" filename="parameters.xsl" mimetype="application/xslt+xml"/>
    <resource type="XMLResource" name="placeholders.xsl" owner="admin" group="dba" mode="755" created="2010-08-03T15:22:43+02:00" modified="2010-08-03T15:22:43+02:00" filename="placeholders.xsl" mimetype="application/xslt+xml"/>
    <resource type="XMLResource" name="teitodocx.xsl" owner="admin" group="dba" mode="755" created="2010-08-03T15:22:43+02:00" modified="2010-08-03T15:22:43+02:00" filename="teitodocx.xsl" mimetype="application/xslt+xml"/>
    <subcollection name="templates" filename="templates"/>
    <subcollection name="dynamic" filename="dynamic"/>
    <subcollection name="graphics" filename="graphics"/>
    <subcollection name="wordsections" filename="wordsections"/>
    <subcollection name="docxfiles" filename="docxfiles"/>
    <subcollection name="maths" filename="maths"/>
    <subcollection name="lists" filename="lists"/>
</collection>