<collection xmlns="http://exist.sourceforge.net/NS/exist" name="/db/ide/xquery" owner="admin" group="dba" mode="755" created="2010-02-28T23:29:47+01:00" version="1">
    <resource type="BinaryResource" name="beispiel1.xql" owner="admin" group="dba" mode="755" created="2010-02-28T23:30:08+01:00" modified="2010-03-04T01:36:02+01:00" filename="beispiel1.xql" mimetype="application/xquery"/>
    <resource type="BinaryResource" name="beispiel2.xql" owner="admin" group="dba" mode="755" created="2010-03-04T01:05:39+01:00" modified="2010-03-04T01:39:45+01:00" filename="beispiel2.xql" mimetype="application/xquery"/>
    <resource type="BinaryResource" name="beispiel3.xql" owner="admin" group="dba" mode="755" created="2010-03-04T01:37:04+01:00" modified="2010-03-04T02:13:07+01:00" filename="beispiel3.xql" mimetype="application/xquery"/>
    <resource type="BinaryResource" name="beispiel4.xql" owner="admin" group="dba" mode="755" created="2010-03-04T01:47:03+01:00" modified="2010-03-04T02:13:10+01:00" filename="beispiel4.xql" mimetype="application/xquery"/>
    <resource type="BinaryResource" name="beispiel5.xql" owner="admin" group="dba" mode="755" created="2010-03-04T02:14:23+01:00" modified="2010-03-04T02:21:33+01:00" filename="beispiel5.xql" mimetype="application/xquery"/>
    <resource type="BinaryResource" name="beispiel6.xql" owner="admin" group="dba" mode="755" created="2010-03-04T02:22:05+01:00" modified="2010-03-04T02:26:05+01:00" filename="beispiel6.xql" mimetype="application/xquery"/>
    <resource type="BinaryResource" name="beispiel7.xql" owner="admin" group="dba" mode="755" created="2010-03-04T02:27:32+01:00" modified="2010-03-04T02:45:04+01:00" filename="beispiel7.xql" mimetype="application/xquery"/>
    <resource type="BinaryResource" name="beispiel8.xql" owner="admin" group="dba" mode="755" created="2010-03-04T02:46:09+01:00" modified="2010-03-04T02:48:33+01:00" filename="beispiel8.xql" mimetype="application/xquery"/>
    <resource type="BinaryResource" name="beispiel9.xql" owner="admin" group="dba" mode="755" created="2010-03-04T02:49:20+01:00" modified="2010-03-04T02:55:01+01:00" filename="beispiel9.xql" mimetype="application/xquery"/>
</collection>