<collection xmlns="http://exist.sourceforge.net/NS/exist" name="/db/tei/docx/to/docxfiles" owner="admin" group="dba" mode="755" created="2010-08-03T15:22:43+02:00" version="1">
    <resource type="XMLResource" name="application.xsl" owner="admin" group="dba" mode="755" created="2010-08-03T15:22:43+02:00" modified="2010-08-03T15:22:43+02:00" filename="application.xsl" mimetype="application/xslt+xml"/>
    <resource type="XMLResource" name="comments.xsl" owner="admin" group="dba" mode="755" created="2010-08-03T15:22:43+02:00" modified="2010-08-03T15:22:43+02:00" filename="comments.xsl" mimetype="application/xslt+xml"/>
    <resource type="XMLResource" name="content-types.xsl" owner="admin" group="dba" mode="755" created="2010-08-03T15:22:43+02:00" modified="2010-08-03T15:22:43+02:00" filename="content-types.xsl" mimetype="application/xslt+xml"/>
    <resource type="XMLResource" name="endnotes.xsl" owner="admin" group="dba" mode="755" created="2010-08-03T15:22:43+02:00" modified="2010-08-03T15:22:43+02:00" filename="endnotes.xsl" mimetype="application/xslt+xml"/>
    <resource type="XMLResource" name="footers.xsl" owner="admin" group="dba" mode="755" created="2010-08-03T15:22:43+02:00" modified="2010-08-03T15:22:43+02:00" filename="footers.xsl" mimetype="application/xslt+xml"/>
    <resource type="XMLResource" name="footnotes.xsl" owner="admin" group="dba" mode="755" created="2010-08-03T15:22:43+02:00" modified="2010-08-03T15:22:43+02:00" filename="footnotes.xsl" mimetype="application/xslt+xml"/>
    <resource type="XMLResource" name="headers.xsl" owner="admin" group="dba" mode="755" created="2010-08-03T15:22:43+02:00" modified="2010-08-03T15:22:43+02:00" filename="headers.xsl" mimetype="application/xslt+xml"/>
    <resource type="XMLResource" name="numbering-definition.xsl" owner="admin" group="dba" mode="755" created="2010-08-03T15:22:43+02:00" modified="2010-08-03T15:22:43+02:00" filename="numbering-definition.xsl" mimetype="application/xslt+xml"/>
    <resource type="XMLResource" name="relationships.xsl" owner="admin" group="dba" mode="755" created="2010-08-03T15:22:43+02:00" modified="2010-08-03T15:22:43+02:00" filename="relationships.xsl" mimetype="application/xslt+xml"/>
    <resource type="XMLResource" name="settings.xsl" owner="admin" group="dba" mode="755" created="2010-08-03T15:22:43+02:00" modified="2010-08-03T15:22:43+02:00" filename="settings.xsl" mimetype="application/xslt+xml"/>
</collection>