<collection xmlns="http://exist.sourceforge.net/NS/exist" name="/db/tei/profiles/iso/schema" owner="admin" group="dba" mode="755" created="2010-08-03T15:22:49+02:00" version="1">
    <resource type="XMLResource" name="a.xsd" owner="admin" group="dba" mode="755" created="2010-08-03T15:22:49+02:00" modified="2010-08-03T15:22:49+02:00" filename="a.xsd" mimetype="application/xml"/>
    <resource type="XMLResource" name="examples.xsd" owner="admin" group="dba" mode="755" created="2010-08-03T15:22:49+02:00" modified="2010-08-03T15:22:49+02:00" filename="examples.xsd" mimetype="application/xml"/>
    <resource type="XMLResource" name="extensions.sch" owner="admin" group="dba" mode="755" created="2010-08-03T15:22:49+02:00" modified="2010-08-03T15:22:49+02:00" filename="extensions.sch" mimetype="application/xml"/>
    <resource type="BinaryResource" name="isotei-lite.dtd" owner="admin" group="dba" mode="755" created="2010-08-03T15:22:49+02:00" modified="2010-08-03T15:22:49+02:00" filename="isotei-lite.dtd" mimetype="text/plain"/>
    <resource type="XMLResource" name="isotei-lite.nvdl" owner="admin" group="dba" mode="755" created="2010-08-03T15:22:49+02:00" modified="2010-08-03T15:22:49+02:00" filename="isotei-lite.nvdl" mimetype="application/xml"/>
    <resource type="BinaryResource" name="isotei-lite.rnc" owner="admin" group="dba" mode="755" created="2010-08-03T15:22:49+02:00" modified="2010-08-03T15:22:49+02:00" filename="isotei-lite.rnc" mimetype="text/plain"/>
    <resource type="XMLResource" name="isotei-lite.rng" owner="admin" group="dba" mode="755" created="2010-08-03T15:22:49+02:00" modified="2010-08-03T15:22:49+02:00" filename="isotei-lite.rng" mimetype="application/xml"/>
    <resource type="XMLResource" name="isotei-lite.sch" owner="admin" group="dba" mode="755" created="2010-08-03T15:22:49+02:00" modified="2010-08-03T15:22:49+02:00" filename="isotei-lite.sch" mimetype="application/xml"/>
    <resource type="XMLResource" name="isotei-lite.xsd" owner="admin" group="dba" mode="755" created="2010-08-03T15:22:49+02:00" modified="2010-08-03T15:22:49+02:00" filename="isotei-lite.xsd" mimetype="application/xml"/>
    <resource type="XMLResource" name="isotei-lite.xsl" owner="admin" group="dba" mode="755" created="2010-08-03T15:22:50+02:00" modified="2010-08-03T15:22:50+02:00" filename="isotei-lite.xsl" mimetype="application/xslt+xml"/>
    <resource type="BinaryResource" name="isotei-odd.dtd" owner="admin" group="dba" mode="755" created="2010-08-03T15:22:50+02:00" modified="2010-08-03T15:22:50+02:00" filename="isotei-odd.dtd" mimetype="text/plain"/>
    <resource type="XMLResource" name="isotei-odd.nvdl" owner="admin" group="dba" mode="755" created="2010-08-03T15:22:50+02:00" modified="2010-08-03T15:22:50+02:00" filename="isotei-odd.nvdl" mimetype="application/xml"/>
    <resource type="BinaryResource" name="isotei-odd.rnc" owner="admin" group="dba" mode="755" created="2010-08-03T15:22:50+02:00" modified="2010-08-03T15:22:50+02:00" filename="isotei-odd.rnc" mimetype="text/plain"/>
    <resource type="XMLResource" name="isotei-odd.rng" owner="admin" group="dba" mode="755" created="2010-08-03T15:22:50+02:00" modified="2010-08-03T15:22:50+02:00" filename="isotei-odd.rng" mimetype="application/xml"/>
    <resource type="XMLResource" name="isotei-odd.sch" owner="admin" group="dba" mode="755" created="2010-08-03T15:22:52+02:00" modified="2010-08-03T15:22:52+02:00" filename="isotei-odd.sch" mimetype="application/xml"/>
    <resource type="XMLResource" name="isotei-odd.xsd" owner="admin" group="dba" mode="755" created="2010-08-03T15:22:52+02:00" modified="2010-08-03T15:22:52+02:00" filename="isotei-odd.xsd" mimetype="application/xml"/>
    <resource type="XMLResource" name="isotei-odd.xsl" owner="admin" group="dba" mode="755" created="2010-08-03T15:22:53+02:00" modified="2010-08-03T15:22:53+02:00" filename="isotei-odd.xsl" mimetype="application/xslt+xml"/>
    <resource type="BinaryResource" name="isotei.dtd" owner="admin" group="dba" mode="755" created="2010-08-03T15:22:53+02:00" modified="2010-08-03T15:22:53+02:00" filename="isotei.dtd" mimetype="text/plain"/>
    <resource type="XMLResource" name="isotei.nvdl" owner="admin" group="dba" mode="755" created="2010-08-03T15:22:53+02:00" modified="2010-08-03T15:22:53+02:00" filename="isotei.nvdl" mimetype="application/xml"/>
    <resource type="BinaryResource" name="isotei.rnc" owner="admin" group="dba" mode="755" created="2010-08-03T15:22:53+02:00" modified="2010-08-03T15:22:53+02:00" filename="isotei.rnc" mimetype="text/plain"/>
    <resource type="XMLResource" name="isotei.rng" owner="admin" group="dba" mode="755" created="2010-08-03T15:22:53+02:00" modified="2010-08-03T15:22:53+02:00" filename="isotei.rng" mimetype="application/xml"/>
    <resource type="XMLResource" name="isotei.sch" owner="admin" group="dba" mode="755" created="2010-08-03T15:22:53+02:00" modified="2010-08-03T15:22:53+02:00" filename="isotei.sch" mimetype="application/xml"/>
    <resource type="XMLResource" name="isotei.xsd" owner="admin" group="dba" mode="755" created="2010-08-03T15:22:53+02:00" modified="2010-08-03T15:22:53+02:00" filename="isotei.xsd" mimetype="application/xml"/>
    <resource type="XMLResource" name="isotei.xsl" owner="admin" group="dba" mode="755" created="2010-08-03T15:22:54+02:00" modified="2010-08-03T15:22:54+02:00" filename="isotei.xsl" mimetype="application/xslt+xml"/>
    <resource type="XMLResource" name="main.xsd" owner="admin" group="dba" mode="755" created="2010-08-03T15:22:54+02:00" modified="2010-08-03T15:22:54+02:00" filename="main.xsd" mimetype="application/xml"/>
    <resource type="XMLResource" name="math.xsd" owner="admin" group="dba" mode="755" created="2010-08-03T15:22:54+02:00" modified="2010-08-03T15:22:54+02:00" filename="math.xsd" mimetype="application/xml"/>
    <resource type="XMLResource" name="mathml.xsd" owner="admin" group="dba" mode="755" created="2010-08-03T15:22:54+02:00" modified="2010-08-03T15:22:54+02:00" filename="mathml.xsd" mimetype="application/xml"/>
    <resource type="XMLResource" name="mathml2-main.rng" owner="admin" group="dba" mode="755" created="2010-08-03T15:22:54+02:00" modified="2010-08-03T15:22:54+02:00" filename="mathml2-main.rng" mimetype="application/xml"/>
    <resource type="XMLResource" name="mathml2-qname-1.mod.rng" owner="admin" group="dba" mode="755" created="2010-08-03T15:22:54+02:00" modified="2010-08-03T15:22:54+02:00" filename="mathml2-qname-1.mod.rng" mimetype="application/xml"/>
    <resource type="XMLResource" name="mathml2.rng" owner="admin" group="dba" mode="755" created="2010-08-03T15:22:54+02:00" modified="2010-08-03T15:22:54+02:00" filename="mathml2.rng" mimetype="application/xml"/>
    <resource type="XMLResource" name="ns1.xsd" owner="admin" group="dba" mode="755" created="2010-08-03T15:22:54+02:00" modified="2010-08-03T15:22:54+02:00" filename="ns1.xsd" mimetype="application/xml"/>
    <resource type="XMLResource" name="ns2.xsd" owner="admin" group="dba" mode="755" created="2010-08-03T15:22:54+02:00" modified="2010-08-03T15:22:54+02:00" filename="ns2.xsd" mimetype="application/xml"/>
    <resource type="XMLResource" name="relax.rng" owner="admin" group="dba" mode="755" created="2010-08-03T15:22:54+02:00" modified="2010-08-03T15:22:54+02:00" filename="relax.rng" mimetype="application/xml"/>
    <resource type="XMLResource" name="relaxng.rng" owner="admin" group="dba" mode="755" created="2010-08-03T15:22:54+02:00" modified="2010-08-03T15:22:54+02:00" filename="relaxng.rng" mimetype="application/xml"/>
    <resource type="XMLResource" name="rng.xsd" owner="admin" group="dba" mode="755" created="2010-08-03T15:22:54+02:00" modified="2010-08-03T15:22:54+02:00" filename="rng.xsd" mimetype="application/xml"/>
    <resource type="XMLResource" name="schematron.rng" owner="admin" group="dba" mode="755" created="2010-08-03T15:22:54+02:00" modified="2010-08-03T15:22:54+02:00" filename="schematron.rng" mimetype="application/xml"/>
    <resource type="XMLResource" name="structure.xsd" owner="admin" group="dba" mode="755" created="2010-08-03T15:22:54+02:00" modified="2010-08-03T15:22:54+02:00" filename="structure.xsd" mimetype="application/xml"/>
    <resource type="XMLResource" name="svg11.rng" owner="admin" group="dba" mode="755" created="2010-08-03T15:22:54+02:00" modified="2010-08-03T15:22:54+02:00" filename="svg11.rng" mimetype="application/xml"/>
    <resource type="XMLResource" name="t.xsd" owner="admin" group="dba" mode="755" created="2010-08-03T15:22:54+02:00" modified="2010-08-03T15:22:54+02:00" filename="t.xsd" mimetype="application/xml"/>
    <resource type="XMLResource" name="teidocx.xsd" owner="admin" group="dba" mode="755" created="2010-08-03T15:22:54+02:00" modified="2010-08-03T15:22:54+02:00" filename="teidocx.xsd" mimetype="application/xml"/>
    <resource type="XMLResource" name="teix.xsd" owner="admin" group="dba" mode="755" created="2010-08-03T15:22:54+02:00" modified="2010-08-03T15:22:54+02:00" filename="teix.xsd" mimetype="application/xml"/>
    <resource type="XMLResource" name="template.nvdl" owner="admin" group="dba" mode="755" created="2010-08-03T15:22:55+02:00" modified="2010-08-03T15:22:55+02:00" filename="template.nvdl" mimetype="application/xml"/>
    <resource type="XMLResource" name="test.xsl" owner="admin" group="dba" mode="755" created="2010-08-03T15:22:55+02:00" modified="2010-08-03T15:22:55+02:00" filename="test.xsl" mimetype="application/xslt+xml"/>
    <resource type="XMLResource" name="test2.xsl" owner="admin" group="dba" mode="755" created="2010-08-03T15:22:55+02:00" modified="2010-08-03T15:22:55+02:00" filename="test2.xsl" mimetype="application/xslt+xml"/>
    <resource type="XMLResource" name="test3.xsl" owner="admin" group="dba" mode="755" created="2010-08-03T15:22:55+02:00" modified="2010-08-03T15:22:55+02:00" filename="test3.xsl" mimetype="application/xslt+xml"/>
    <resource type="XMLResource" name="tm9901.xsd" owner="admin" group="dba" mode="755" created="2010-08-03T15:22:55+02:00" modified="2010-08-03T15:22:55+02:00" filename="tm9901.xsd" mimetype="application/xml"/>
    <resource type="XMLResource" name="w.xsd" owner="admin" group="dba" mode="755" created="2010-08-03T15:22:55+02:00" modified="2010-08-03T15:22:55+02:00" filename="w.xsd" mimetype="application/xml"/>
    <resource type="XMLResource" name="xinclude.xsd" owner="admin" group="dba" mode="755" created="2010-08-03T15:22:55+02:00" modified="2010-08-03T15:22:55+02:00" filename="xinclude.xsd" mimetype="application/xml"/>
    <resource type="XMLResource" name="xlink.xsd" owner="admin" group="dba" mode="755" created="2010-08-03T15:22:55+02:00" modified="2010-08-03T15:22:55+02:00" filename="xlink.xsd" mimetype="application/xml"/>
    <resource type="XMLResource" name="xml.xsd" owner="admin" group="dba" mode="755" created="2010-08-03T15:22:55+02:00" modified="2010-08-03T15:22:55+02:00" filename="xml.xsd" mimetype="application/xml"/>
</collection>