<xqdoc xmlns="http://www.xqdoc.org/1.0"><control><date>2010-07-21T13:53:37.421+02:00</date><version>1.0</version></control><module type="library"><uri>http://exist-db.org/xquery/util</uri><name>util</name><comment><description>A module for various utility extension functions.</description><since>&amp;lt; eXist-1.0</since></comment></module><functions><function><comment><description>Converts the number $number from base $base to xs:integer.</description><param>$number The number to convert</param><param>$base The base of $number</param><return>the xs:integer representation of $number in base $base</return></comment><name>base-to-integer</name><signature>util:base-to-integer($number as item(), $base as xs:integer) xs:integer</signature></function><function><comment><description>Decode the given Base64 encoded string back to clear text</description><param>$string The Base64 string to be decoded</param><return>the decoded output</return></comment><name>base64-decode</name><signature>util:base64-decode($string as xs:string?) xs:string?</signature></function><function><comment><description>Encodes the given string as Base64</description><param>$string The string to be Base64 encoded</param><return>the Base64 encoded output, with trailing newlines trimmed</return></comment><name>base64-encode</name><signature>util:base64-encode($string as xs:string?) xs:string?</signature></function><function><comment><description>Encodes the given string as Base64</description><param>$string The string to be Base64 encoded</param><param>$trim Trim trailing newlines?</param><return>the Base64 encoded output</return></comment><name>base64-encode</name><signature>util:base64-encode($string as xs:string?, $trim as xs:boolean) xs:string?</signature></function><function><comment><description>Retrieves the binary resource and returns its contents as a value of type xs:base64Binary. An empty sequence is returned if the resource could not be found or $binary-resource was empty.</description><param>$binary-resource The path to the binary resource</param><return>the binary document</return></comment><name>binary-doc</name><signature>util:binary-doc($binary-resource as xs:string?) xs:base64Binary?</signature></function><function><comment><description>Checks if the binary resource identified by $binary-resource is available.</description><param>$binary-resource The path to the binary resource</param><return>true if the binary document is available</return></comment><name>binary-doc-available</name><signature>util:binary-doc-available($binary-resource as xs:string?) xs:boolean</signature></function><function><comment><description>Returns the contents of a binary resource as an xs:string value. The binary data is transformed into a Java string using the encoding specified in the optional second argument or the default of UTF-8.</description><param>$binary-resource The binary resource</param><return>the string containing the encoded binary resource</return></comment><name>binary-to-string</name><signature>util:binary-to-string($binary-resource as xs:base64Binary?) xs:string?</signature></function><function><comment><description>Returns the contents of a binary resource as an xs:string value. The binary data is transformed into a Java string using the encoding specified in the optional second argument or the default of UTF-8.</description><param>$binary-resource The binary resource</param><param>$encoding The encoding type.  i.e. 'UTF-8'</param><return>the string containing the encoded binary resource</return></comment><name>binary-to-string</name><signature>util:binary-to-string($binary-resource as xs:base64Binary?, $encoding as xs:string) xs:string?</signature></function><function><comment><description>Invokes a first-class function reference created by util:function. The function to be called is passed as the first argument. All remaining arguments are forwarded to the called function.</description><param>$function-reference The function to ba called</param><param>$parameters The parameters to be passed into the function</param><param>overloaded</param><return>the results from the function called</return></comment><name>call</name><signature>util:call($function-reference as function, $parameters as item()*, ...) item()*</signature></function><function><comment><description>This function corresponds to a try-catch statement in Java. The code block in $try-code-blocks will be put inside a try-catch statement. If an exception is thrown while executing $try-code-blocks, the function checks the name of the exception and calls $catch-code-blocks if it matches one of the fully qualified Java class names specified in $java-classnames.  A value of "*" in $java-classnames will catch all java exceptions</description><param>$java-classnames The list of one or more fully qualified Java class names.  An entry of '*' will catch all java exceptions.</param><param>$try-code-blocks The code blocks that will be put inside of a the try part of the try-catch statement.</param><param>$catch-code-blocks The code blocks that will be will called if the catch matches one of the $java-classnames</param><return>the results from the try-catch</return></comment><name>catch</name><signature>util:catch($java-classnames as xs:string+, $try-code-blocks as item()*, $catch-code-blocks as item()*) item()*</signature></function><function><comment><description>Returns a sequence of strings containing all collation locales that might be specified in the '?lang=' parameter of a collation URI.</description><return>the sequence of strings containing all collation locales that might be specified in the '?lang=' parameter of a collation URI.</return></comment><name>collations</name><signature>util:collations() xs:string*</signature></function><function><comment><description>Returns the name of the collection from a passed node or path string. If the argument is a node, the function returns the name of the collection to which the node's document belongs. If the argument is a string, it is interpreted as path to a resource and the function returns the computed parent collection path for this resource.</description><param>$node-or-path-string The document node or a path string.</param><return>the name of the collection.</return></comment><name>collection-name</name><signature>util:collection-name($node-or-path-string as item()?) xs:string?</signature></function><function><comment><description>Dynamically evaluates the XPath/XQuery expression specified in $expression within the current instance of the query engine.</description><param>$expression The XPath/XQuery expression.</param><return>the results of the expression</return></comment><name>compile</name><signature>util:compile($expression as xs:string) xs:string</signature></function><function><comment><description>Dynamically declares a namespace/prefix mapping for the current context.</description><param>$prefix The prefix to be assigned to the namespace</param><param>$namespace-uri The namespace URI</param></comment><name>declare-namespace</name><signature>util:declare-namespace($prefix as xs:string, $namespace-uri as xs:anyURI) empty()</signature></function><function><comment><description>Dynamically declares a serialization option as with 'declare option'.</description><param>$name The serialization option name</param><param>$option The serialization option value</param></comment><name>declare-option</name><signature>util:declare-option($name as xs:string, $option as xs:string) empty()</signature></function><function><comment><description>Performs a Deep Clone of the passed in item.</description><param>$item The item to be cloned</param><return>the item clone</return></comment><name>deep-copy</name><signature>util:deep-copy($item as item()?) item()?</signature></function><function><comment><description>Describes a built-in function. Returns an element describing the function signature.</description><param>$function-name The name of the function to get the signature of</param><return>the signature of the function</return></comment><name>describe-function</name><signature>util:describe-function($function-name as xs:QName) node()</signature></function><function><comment><description>Disable profiling output within the query.</description><param>$a</param></comment><name>disable-profiling</name><signature>util:disable-profiling() empty()</signature></function><function><comment><description>Returns the document nodes of the documents with the given DOCTYPE(s).</description><param>$doctype The DOCTYPE of the documents to find</param><param>overloaded</param><return>the document nodes</return></comment><name>doctype</name><signature>util:doctype($doctype as xs:string+, ...) node()*</signature></function><function><comment><description>Returns the internal integer id of a document. The argument can either be a node or a string path pointing to a resource in the database. If the resource does not exist or the node does not belong to a stored document, the empty sequence is returned.</description><param>$node-or-path The node or a string path pointing to a resource in the database.</param><return>the ID of the document</return></comment><name>document-id</name><signature>util:document-id($node-or-path as item()) xs:int?</signature></function><function><comment><description>Returns the name of a document (excluding the collection path). The argument can either be a node or a string path pointing to a resource in the database. If the resource does not exist or the node does not belong to a stored document, the empty sequence is returned.</description><param>$node-or-path The node or a string path pointing to a resource in the database.</param><return>the name of the document</return></comment><name>document-name</name><signature>util:document-name($node-or-path as item()) xs:string?</signature></function><function><comment><description>Enable profiling output within the query. The profiling starts with this function call and will end with a call to 'disable-profiling'. Argument $verbosity specifies the verbosity. All other profiling options can be configured via the 'declare option exist:profiling ...' in the query prolog.</description><param>$verbosity The verbosity of the profiling</param></comment><name>enable-profiling</name><signature>util:enable-profiling($verbosity as xs:int) empty()</signature></function><function><comment><description>Dynamically evaluates an XPath/XQuery expression. </description><param>$expression The expression to be evaluated.  If it is of type xs:string, the function tries to execute this string as the query. If the first argument is of type xs:anyURI, the function will try to load the query from the resource to which the URI resolves. If the URI has no scheme, it is assumed that the query is stored in the db and the URI is interpreted as a database path. This is the same as calling util:eval(xs:anyURI('xmldb:exist:///db/test/test.xq')). The query inherits the current execution context, i.e. all namespace declarations and variable declarations are visible from within the inner expression. The function returns an empty sequence if a whitespace string is passed.</param><return>the results of the evaluated XPath/XQuery expression</return></comment><name>eval</name><signature>util:eval($expression as item()) node()*</signature></function><function><comment><description>Dynamically evaluates an XPath/XQuery expression. </description><param>$expression The expression to be evaluated.  If it is of type xs:string, the function tries to execute this string as the query. If the first argument is of type xs:anyURI, the function will try to load the query from the resource to which the URI resolves. If the URI has no scheme, it is assumed that the query is stored in the db and the URI is interpreted as a database path. This is the same as calling util:eval(xs:anyURI('xmldb:exist:///db/test/test.xq')). The query inherits the current execution context, i.e. all namespace declarations and variable declarations are visible from within the inner expression. The function returns an empty sequence if a whitespace string is passed.</param><param>$cache-flag The flag for whether the compiled query should be cached.  The cached query will be globally available within the db instance.</param><return>the results of the evaluated XPath/XQuery expression</return></comment><name>eval</name><signature>util:eval($expression as item(), $cache-flag as xs:boolean) node()*</signature></function><function><comment><description>Dynamically evaluates an XPath/XQuery expression. </description><param>$expression The expression to be evaluated.  If it is of type xs:string, the function tries to execute this string as the query. If the first argument is of type xs:anyURI, the function will try to load the query from the resource to which the URI resolves. If the URI has no scheme, it is assumed that the query is stored in the db and the URI is interpreted as a database path. This is the same as calling util:eval(xs:anyURI('xmldb:exist:///db/test/test.xq')). The query inherits the current execution context, i.e. all namespace declarations and variable declarations are visible from within the inner expression. The function returns an empty sequence if a whitespace string is passed.</param><param>$cache-flag The flag for whether the compiled query should be cached.  The cached query will be globally available within the db instance.</param><param>$external-variable External variables to be bound for the query that is being evaluated. Should be alternating variable QName and value.</param><return>the results of the evaluated XPath/XQuery expression</return></comment><name>eval</name><signature>util:eval($expression as item(), $cache-flag as xs:boolean, $external-variable as xs:anyType*) node()*</signature></function><function><comment><description>Dynamically evaluates an XPath/XQuery expression.</description><param>$inline-context The inline context</param><param>$expression The expression to be evaluated.  If it is of type xs:string, the function tries to execute this string as the query. If the first argument is of type xs:anyURI, the function will try to load the query from the resource to which the URI resolves. If the URI has no scheme, it is assumed that the query is stored in the db and the URI is interpreted as a database path. This is the same as calling util:eval(xs:anyURI('xmldb:exist:///db/test/test.xq')). The query inherits the current execution context, i.e. all namespace declarations and variable declarations are visible from within the inner expression. The function returns an empty sequence if a whitespace string is passed.</param><return>the results of the evaluated XPath/XQuery expression</return></comment><name>eval-inline</name><signature>util:eval-inline($inline-context as item()*, $expression as item()) item()*</signature></function><function><comment><description>Dynamically evaluates an XPath/XQuery expression.</description><param>$inline-context The inline context</param><param>$expression The expression to be evaluated.  If it is of type xs:string, the function tries to execute this string as the query. If the first argument is of type xs:anyURI, the function will try to load the query from the resource to which the URI resolves. If the URI has no scheme, it is assumed that the query is stored in the db and the URI is interpreted as a database path. This is the same as calling util:eval(xs:anyURI('xmldb:exist:///db/test/test.xq')). The query inherits the current execution context, i.e. all namespace declarations and variable declarations are visible from within the inner expression. The function returns an empty sequence if a whitespace string is passed.</param><param>$cache-flag The flag for whether the compiled query should be cached.  The cached query will be globally available within the db instance.</param><return>the results of the evaluated XPath/XQuery expression</return></comment><name>eval-inline</name><signature>util:eval-inline($inline-context as item()*, $expression as item(), $cache-flag as xs:boolean) item()*</signature></function><function><comment><description>Dynamically evaluates an XPath/XQuery expression. </description><param>$expression The expression to be evaluated.  If it is of type xs:string, the function tries to execute this string as the query. If the first argument is of type xs:anyURI, the function will try to load the query from the resource to which the URI resolves. If the URI has no scheme, it is assumed that the query is stored in the db and the URI is interpreted as a database path. This is the same as calling util:eval(xs:anyURI('xmldb:exist:///db/test/test.xq')). The query inherits the current execution context, i.e. all namespace declarations and variable declarations are visible from within the inner expression. The function returns an empty sequence if a whitespace string is passed.</param><param>$context The query inherits the context described by the XML fragment in this parameter. It should have the format:
&lt;static-context&gt;
	&lt;output-size-limit value="-1"&gt;
	&lt;unbind-namespace uri="http://exist.sourceforge.net/NS/exist"/&gt;
	&lt;current-dateTime value="dateTime"/&gt;
	&lt;implicit-timezone value="duration"/&gt;
	&lt;variable name="qname"&gt;variable value&lt;/variable&gt;
	&lt;default-context&gt;explicitly provide default context here&lt;/default-context&gt;
	&lt;mapModule namespace="uri" uri="uri_to_module"/&gt;
&lt;/static-context&gt;.
</param><param>$cache-flag The flag for whether the compiled query should be cached.  The cached query will be globally available within the db instance.</param><return>the results of the evaluated XPath/XQuery expression</return></comment><name>eval-with-context</name><signature>util:eval-with-context($expression as item(), $context as node()?, $cache-flag as xs:boolean) node()*</signature></function><function><comment><description>Dynamically evaluates an XPath/XQuery expression.</description><param>$expression The expression to be evaluated.  If it is of type xs:string, the function tries to execute this string as the query. If the first argument is of type xs:anyURI, the function will try to load the query from the resource to which the URI resolves. If the URI has no scheme, it is assumed that the query is stored in the db and the URI is interpreted as a database path. This is the same as calling util:eval(xs:anyURI('xmldb:exist:///db/test/test.xq')). The query inherits the current execution context, i.e. all namespace declarations and variable declarations are visible from within the inner expression. The function returns an empty sequence if a whitespace string is passed.</param><param>$context The query inherits the context described by the XML fragment in this parameter. It should have the format:
&lt;static-context&gt;
	&lt;output-size-limit value="-1"&gt;
	&lt;unbind-namespace uri="http://exist.sourceforge.net/NS/exist"/&gt;
	&lt;current-dateTime value="dateTime"/&gt;
	&lt;implicit-timezone value="duration"/&gt;
	&lt;variable name="qname"&gt;variable value&lt;/variable&gt;
	&lt;default-context&gt;explicitly provide default context here&lt;/default-context&gt;
	&lt;mapModule namespace="uri" uri="uri_to_module"/&gt;
&lt;/static-context&gt;.
</param><param>$cache-flag The flag for whether the compiled query should be cached.  The cached query will be globally available within the db instance.</param><param>$eval-context-item the context item against which the expression will be evaluated</param><return>the results of the evaluated XPath/XQuery expression</return></comment><name>eval-with-context</name><signature>util:eval-with-context($expression as item(), $context as node()?, $cache-flag as xs:boolean, $eval-context-item as item()?) node()*</signature></function><function><comment><description>Puts an exclusive lock on the owner documents of all nodes in the first argument $nodes. Then evaluates the expressions in the second argument $expression and releases the acquired locks after their completion.</description><param>$nodes The nodes whose owning documents will have exclusive locks set.</param><param>$expression The expression(s) that are to be evaluated before the acquired locks are released.</param><return>the results of the evaluated expression(s)</return></comment><name>exclusive-lock</name><signature>util:exclusive-lock($nodes as node()*, $expression as item()*) item()*</signature></function><function><comment><description>Creates an in-memory copy of the passed node set, using the specified serialization options. By default, full-text match terms will be tagged with &amp;lt;exist:match&amp;gt; and XIncludes will be expanded.</description><param>$node The node(s) to create in-memory copies of.</param><return>the results</return></comment><name>expand</name><signature>util:expand($node as node()*) node()*</signature></function><function><comment><description>Creates an in-memory copy of the passed node set, using the specified serialization options. By default, full-text match terms will be tagged with &amp;lt;exist:match&amp;gt; and XIncludes will be expanded. Serialization parameters can be set in the second argument, which accepts the same parameters as the exist:serialize option.</description><param>$node The node(s) to create in-memory copies of.</param><param>$serialization-parameters The serialization parameters</param><return>the results</return></comment><name>expand</name><signature>util:expand($node as node()*, $serialization-parameters as xs:string) node()*</signature></function><function><comment><description>Returns an XML document which describes the functions available in a given module. The module is identified through its module namespace URI, which is passed as an argument. The function returns a module documentation in XQDoc format.</description><param>$uri The namespace URI of the function module</param><return>the xqdocs for the function module</return></comment><name>extract-docs</name><signature>util:extract-docs($uri as xs:string) node()?</signature></function><function><comment><description>Creates a reference to an XQuery function which can later be called from util:call. This allows for higher-order functions to be implemented in XQuery. A higher-order function is a function that takes another function as argument. The first argument represents the name of the function, which should bea valid QName. The second argument is the arity (number of parameters) of the function. If no function can be found that matches the name and arity, an error is thrown. Please note: the arguments to this function have to be literals or need to be resolvable at compile time at least.</description><param>$name The name of the function</param><param>$arity The arity of the function</param><return>the reference to the XQuery function</return></comment><name>function</name><signature>util:function($name as xs:QName, $arity as xs:integer) function</signature></function><function><comment><description>Returns an xml fragment or a sequence of nodes between two elements (normally milestone elements). The $beginning-node represents the first node/milestone element, $ending-node, the second one. The third argument, $make-fragment, is a boolean value for the path completion. If it is set to true() the result sequence is wrapped into a parent element node. Example call of the function for getting the fragment between two TEI page break element nodes:   let $fragment := util:get-fragment-between(//pb[1], //pb[2], true())</description><param>$beginning-node The first node/milestone element</param><param>$ending-node The second node/milestone element</param><param>$make-fragment The flag make a fragment.</param><return>the string containing the fragments between the two node/milestone elements.</return></comment><name>get-fragment-between</name><signature>util:get-fragment-between($beginning-node as node()?, $ending-node as node()?, $make-fragment as xs:boolean?) xs:string</signature></function><function><comment><description>Returns a short description of the module identified by the namespace URI.</description><param>$namespace-uri The namespace URI of the module</param><return>the description of the active function module identified by the namespace URI</return></comment><name>get-module-description</name><signature>util:get-module-description($namespace-uri as xs:string) xs:string</signature></function><function><comment><description>Returns the string representation of the type of sequence.</description><param>$sequence-type The type of sequence</param><return>the string representation of the type of sequence</return></comment><name>get-sequence-type</name><signature>util:get-sequence-type($sequence-type as xs:anyType*) xs:string</signature></function><function><comment><description>Calculates a hashcode from a string based on a specified algorithm.</description><param>$message The string to generate the hashcode from</param><param>$algorithm The algorithm used to generate the hashcode</param><return>the hashcode</return></comment><name>hash</name><signature>util:hash($message as item(), $algorithm as xs:string) xs:string</signature></function><function><comment><description>Calculates a hashcode from a string based on a specified algorithm.</description><param>$message The string to generate the hashcode from</param><param>$algorithm The algorithm used to generate the hashcode</param><param>$base64flag The flag that specifies whether to return the result as Base64 encoded</param><return>the hashcode</return></comment><name>hash</name><signature>util:hash($message as item(), $algorithm as xs:string, $base64flag as xs:boolean) xs:string</signature></function><function><comment><description>Dynamically imports an XQuery module into the current context. The parameters have the same meaning as in an 'import module ...' expression in the query prolog.</description><param>$module-uri The namespace URI of the module</param><param>$prefix The prefix to be assigned to the namespace</param><param>$location The location of the module</param></comment><name>import-module</name><signature>util:import-module($module-uri as xs:anyURI, $prefix as xs:string, $location as xs:anyURI) empty()</signature></function><function><comment><description>Return the number of documents for an indexed value.</description><param>$nodes The nodes whose content is indexed</param><param>$value The indexed value to search for</param><return>the number of documents for the indexed value</return></comment><name>index-key-documents</name><signature>util:index-key-documents($nodes as node()*, $value as xdt:anyAtomicType) xs:integer?</signature></function><function><comment><description>Return the number of documents for an indexed value.</description><param>$nodes The nodes whose content is indexed</param><param>$value The indexed value to search for</param><param>$index The index in which the search is made</param><return>the number of documents for the indexed value</return></comment><name>index-key-documents</name><signature>util:index-key-documents($nodes as node()*, $value as xdt:anyAtomicType, $index as xs:string) xs:integer?</signature></function><function><comment><description>Return the number of occurrences for an indexed value.</description><param>$nodes The nodes whose content is indexed</param><param>$value The indexed value to search for</param><return>the number of occurrences for the indexed value</return></comment><name>index-key-occurrences</name><signature>util:index-key-occurrences($nodes as node()*, $value as xdt:anyAtomicType) xs:integer?</signature></function><function><comment><description>Return the number of occurrences for an indexed value.</description><param>$nodes The nodes whose content is indexed</param><param>$value The indexed value to search for</param><param>$index The index in which the search is made</param><return>the number of occurrences for the indexed value</return></comment><name>index-key-occurrences</name><signature>util:index-key-occurrences($nodes as node()*, $value as xdt:anyAtomicType, $index as xs:string) xs:integer?</signature></function><function><comment><description>Can be used to query existing range indexes defined on a set of nodes. All index keys defined for the given node set are reported to a callback function. The function will check for indexes defined on path as well as indexes defined by QName. </description><param>$node-set The node set</param><param>$start-value Only index keys of the same type but being greater than $start-value will be reported for non-string types. For string types, only keys starting with the given prefix are reported.</param><param>$function-reference The function reference as created by the util:function function. It can be an arbitrary user-defined function, but it should take exactly 2 arguments: 1) the current index key as found in the range index as an atomic value, 2) a sequence containing three int values: a) the overall frequency of the key within the node set, b) the number of distinct documents in the node set the key occurs in, c) the current position of the key in the whole list of keys returned.</param><param>$max-number-returned The maximum number of returned keys</param><return>the results of the eval of the $function-reference</return></comment><name>index-keys</name><signature>util:index-keys($node-set as node()*, $start-value as xdt:anyAtomicType?, $function-reference as function, $max-number-returned as xs:int?) item()*</signature></function><function><comment><description>Can be used to query existing range indexes defined on a set of nodes. All index keys defined for the given node set are reported to a callback function. The function will check for indexes defined on path as well as indexes defined by QName. </description><param>$node-set The node set</param><param>$start-value Only index keys of the same type but being greater than $start-value will be reported for non-string types. For string types, only keys starting with the given prefix are reported.</param><param>$function-reference The function reference as created by the util:function function. It can be an arbitrary user-defined function, but it should take exactly 2 arguments: 1) the current index key as found in the range index as an atomic value, 2) a sequence containing three int values: a) the overall frequency of the key within the node set, b) the number of distinct documents in the node set the key occurs in, c) the current position of the key in the whole list of keys returned.</param><param>$max-number-returned The maximum number of returned keys</param><param>$index The index in which the search is made</param><return>the results of the eval of the $function-reference</return></comment><name>index-keys</name><signature>util:index-keys($node-set as node()*, $start-value as xdt:anyAtomicType?, $function-reference as function, $max-number-returned as xs:int?, $index as xs:string) item()*</signature></function><function><comment><description>Can be used to query existing range indexes defined on a set of nodes. All index keys defined for the given node set are reported to a callback function. The function will check for indexes defined on path as well as indexes defined by QName. </description><param>$qname The node set</param><param>$start-value Only index keys of the same type but being greater than $start-value will be reported for non-string types. For string types, only keys starting with the given prefix are reported.</param><param>$function-reference The function reference as created by the util:function function. It can be an arbitrary user-defined function, but it should take exactly 2 arguments: 1) the current index key as found in the range index as an atomic value, 2) a sequence containing three int values: a) the overall frequency of the key within the node set, b) the number of distinct documents in the node set the key occurs in, c) the current position of the key in the whole list of keys returned.</param><param>$max-number-returned The maximum number of returned keys</param><param>$index The index in which the search is made</param><return>the results of the eval of the $function-reference</return></comment><name>index-keys-by-qname</name><signature>util:index-keys-by-qname($qname as xs:QName*, $start-value as xdt:anyAtomicType?, $function-reference as function, $max-number-returned as xs:int?, $index as xs:string) item()*</signature></function><function><comment><description>Returns the range index type for a set of nodes or an empty sequence if no index is defined. </description><param>$set-of-nodes The set of nodes</param><return>the range index type</return></comment><name>index-type</name><signature>util:index-type($set-of-nodes as node()*) xs:string?</signature></function><function><comment><description>Converts the xs:integer $number (unsigned) into base $base as xs:string. Bases 2, 8, and 16 are supported.</description><param>$number The number to convert</param><param>$base The base of $number</param><return>the xs:string representation of $number in base $base</return></comment><name>integer-to-base</name><signature>util:integer-to-base($number as xs:integer, $base as xs:integer) xs:string</signature></function><function><comment><description>Checks if the resource identified by $binary-resource is a binary resource.</description><param>$binary-resource The path to the binary resource</param><return>true if the resource is a binary document</return></comment><name>is-binary-doc</name><signature>util:is-binary-doc($binary-resource as xs:string?) xs:boolean</signature></function><function><comment><description>Returns a Boolean value if the module statically mapped to a source location in the configuration file.</description><param>$namespace-uri The namespace URI of the module</param><return>true if the namespace URI is mapped as an active function module</return></comment><name>is-module-mapped</name><signature>util:is-module-mapped($namespace-uri as xs:string) xs:boolean</signature></function><function><comment><description>Returns a Boolean value if the module identified by the namespace URI is registered.</description><param>$namespace-uri The namespace URI of the module</param><return>true if the namespace URI is registered as an active function module</return></comment><name>is-module-registered</name><signature>util:is-module-registered($namespace-uri as xs:string) xs:boolean</signature></function><function><comment><description>Logs the message to the current logger.</description><param>$priority The logging priority: 'error', 'warn', 'debug', 'info', 'trace'</param><param>$message The message to log</param></comment><name>log</name><signature>util:log($priority as xs:string, $message as item()*) empty()</signature></function><function><comment><description>Logs the message to the named logger</description><param>$priority The logging priority: 'error', 'warn', 'debug', 'info', 'trace'</param><param>$logger-name The name of the logger, eg: my.app.log</param><param>$message The message to log</param></comment><name>log-app</name><signature>util:log-app($priority as xs:string, $logger-name as xs:string, $message as item()*) empty()</signature></function><function><comment><description>Logs the message to System.err.</description><param>$message The message to log</param></comment><name>log-system-err</name><signature>util:log-system-err($message as item()*) empty()</signature></function><function><comment><description>Logs the message to System.out.</description><param>$message The message to log</param></comment><name>log-system-out</name><signature>util:log-system-out($message as item()*) empty()</signature></function><function><comment><description>Map the module to a source location. This function is only available to the DBA role.</description><param>$namespace-uri The namespace URI of the module</param><param>$location-uri The location URI of the module</param><return>Returns an empty sequence</return></comment><name>map-module</name><signature>util:map-module($namespace-uri as xs:string, $location-uri as xs:string) empty()</signature></function><function><comment><description>Returns a sequence containing the namespace URIs of all XQuery modules which are statically mapped to a source location in the configuration file. This does not include any built in modules.</description><param>$a</param><return>the sequence of all of the active function modules namespace URIs</return></comment><name>mapped-modules</name><signature>util:mapped-modules() xs:string+</signature></function><function><comment><description>Retrieves a node by its internal node-id. The document is specified via the first argument. It may either be a document node or another node from the same document from which the target node will be retrieved by its id. The second argument is the internal node-id, specified as a string. Please note: the function does not check if the passed id does really point to an existing node. It just returns a pointer, which may thus be invalid.</description><param>$document The document whose node is to be retrieved by its id</param><param>$node-id The internal node id</param><return>the node</return></comment><name>node-by-id</name><signature>util:node-by-id($document as node(), $node-id as xs:string) node()</signature></function><function><comment><description>Returns the internal node-id of a node. The internal node-id uniquely identifies a node within its document. It is encoded as a long number.</description><param>$node The node to get the internal node-id from</param><return>the internal node-id</return></comment><name>node-id</name><signature>util:node-id($node as node()) xs:string</signature></function><function><comment><description>Returns the XPath for a Node.</description><param>$node The node to retrieve the XPath to</param><return>the XPath expression of the node</return></comment><name>node-xpath</name><signature>util:node-xpath($node as node()) xs:string?</signature></function><function><comment><description>Parses the passed string value into an XML fragment. The string has to be well-formed XML. An empty sequence is returned if the argument is an empty string or sequence.</description><param>$to-be-parsed The string to be parsed</param><return>the XML fragment parsed from the string</return></comment><name>parse</name><signature>util:parse($to-be-parsed as xs:string?) document-node()?</signature></function><function><comment><description>Parses the passed string value into an XML fragment. The HTML string may not be well-formed XML. It will be passed through the Neko HTML parser to make it well-formed. An empty sequence is returned if the argument is an empty string or sequence.</description><param>$to-be-parsed The string to be parsed</param><return>the XML fragment parsed from the string</return></comment><name>parse-html</name><signature>util:parse-html($to-be-parsed as xs:string?) document-node()?</signature></function><function><comment><description>Can be used to query existing qname indexes defined on a set of nodes. </description><param>$qname The QName</param><param>$comparison-value The comparison value</param><return>the result</return></comment><name>qname-index-lookup</name><signature>util:qname-index-lookup($qname as xs:QName, $comparison-value as xdt:anyAtomicType) node()*</signature></function><function><comment><description>Returns a random number between 0 and $max</description><param>$max The maximum value for the random number.</param><return>a random number between 0 and $max</return></comment><name>random</name><signature>util:random($max as xs:integer) xs:integer</signature></function><function><comment><description>Returns a random number between 0.0 and 1.0</description><param>$a</param><return>a random number between 0.0 and 1.0</return></comment><name>random</name><signature>util:random() xs:double</signature></function><function><comment><description>Returns a sequence containing the QNames of all functions declared in the module identified by the specified namespace URI. An error is raised if no module is found for the specified URI.</description><param>$namespace-uri The namespace URI of the function module</param><return>the sequence of function names</return></comment><name>registered-functions</name><signature>util:registered-functions($namespace-uri as xs:string) xs:string+</signature></function><function><comment><description>Returns a sequence containing the QNames of all functions currently known to the system, including functions in imported and built-in modules.</description><param>$a</param><return>the sequence of function names</return></comment><name>registered-functions</name><signature>util:registered-functions() xs:string+</signature></function><function><comment><description>Returns a sequence containing the namespace URIs of all modules currently known to the system, including built in and imported modules.</description><param>$a</param><return>the sequence of all of the active function modules namespace URIs</return></comment><name>registered-modules</name><signature>util:registered-modules() xs:string+</signature></function><function><comment><description>Writes the node set passed in parameter $a into a file on the file system. The full path to the file is specified in parameter $b. $c contains a sequence of zero or more serialization parameters specified as key=value pairs. The serialization options are the same as those recognized by "declare option exist:serialize". The function does NOT automatically inherit the serialization options of the XQuery it is called from. False is returned if the specified file can not be created or is not writable, true on success. The empty sequence is returned if the argument sequence is empty.</description><param>$a</param><param>$b</param><param>$c</param><deprecated>Use the file:serialize() function in the file extension module instead!
This function could be removed at anytime during the 1.5 development and will be removed in the 1.6 release.</deprecated></comment><name>serialize</name><signature>util:serialize($a as node()*, $b as xs:string, $c as xs:string*) xs:boolean?</signature></function><function><comment><description>Returns the Serialized node set passed in parameter $node-set. $parameters contains a sequence of zero or more serialization parameters specified as key=value pairs. The serialization options are the same as those recognized by "declare option exist:serialize". The function does NOT automatically inherit the serialization options of the XQuery it is called from.</description><param>$node-set The node set to serialize</param><param>$parameters The serialization parameters</param><return>the string containing the serialized node set.</return></comment><name>serialize</name><signature>util:serialize($node-set as node()*, $parameters as xs:string*) xs:string?</signature></function><function><comment><description>Puts a shared lock on the owner documents of all nodes in the first argument $nodes. Then evaluates the expressions in the second argument $expression and releases the acquired locks aftertheir completion.</description><param>$nodes The nodes that the shared lock will be placed on their owning documents.</param><param>$expression The expression to be evaluated before the acquired locks are released.</param><return>the results of the evaluation of the expression(s)</return></comment><name>shared-lock</name><signature>util:shared-lock($nodes as node()*, $expression as item()*) item()*</signature></function><function><comment><description>Returns the contents of a string as an base64binary value. The string data is transformed into a binary using the encoding specified in the optional second argument or the default of UTF-8.</description><param>$encoded-string The string containing the encoded binary resource</param><return>the binary resource</return></comment><name>string-to-binary</name><signature>util:string-to-binary($encoded-string as xs:string?) xs:base64Binary?</signature></function><function><comment><description>Returns the contents of a string as a base64binary value. The string data is transformed into a binary using the encoding specified in the optional second argument or the default of UTF-8.</description><param>$encoded-string The string containing the encoded binary resource</param><param>$encoding the encoding type.  i.e. 'UTF-8'</param><return>the binary resource</return></comment><name>string-to-binary</name><signature>util:string-to-binary($encoded-string as xs:string?, $encoding as xs:string) xs:base64Binary?</signature></function><function><comment><description>Returns the current xs:date (with timezone) as reported by the Java method System.currentTimeMillis(). Contrary to fn:current-date, this function is not stable, i.e. the returned xs:date will change during the evaluation time of a query and can be used to measure time differences.</description><param>$a</param><return>the current xs:date (with timezone)</return></comment><name>system-date</name><signature>util:system-date() xs:date</signature></function><function><comment><description>Returns the current xs:dateTime (with timezone) as reported by the Java method System.currentTimeMillis(). Contrary to fn:current-dateTime, this function is not stable, i.e. the returned xs:dateTime will change during the evaluation time of a query and can be used to measure time differences.</description><param>$a</param><return>the current xs:dateTime (with timezone)</return></comment><name>system-dateTime</name><signature>util:system-dateTime() xs:dateTime</signature></function><function><comment><description>Returns the value of a system property. Similar to the corresponding XSLT function. Predefined properties are: vendor, vendor-url, product-name, product-version, product-build, and all Java system properties.</description><param>$property-name The name of the system property to retrieve the value of.</param><return>the value of the named system property</return></comment><name>system-property</name><signature>util:system-property($property-name as xs:string) xs:string?</signature></function><function><comment><description>Returns the current xs:time (with timezone) as reported by the Java method System.currentTimeMillis(). Contrary to fn:current-time, this function is not stable, i.e. the returned xs:time will change during the evaluation time of a query and can be used to measure time differences.</description><param>$a</param><return>the current xs:time (with timezone)</return></comment><name>system-time</name><signature>util:system-time() xs:time</signature></function><function><comment><description>Returns an un-escaped URL escaped string with the encoding scheme (e.g. "UTF-8"). Decodes encoded sensitive characters from a URL, for example "%2F" becomes "/", i.e. does the oposite to escape-uri()</description><param>$escaped-string The escaped string to be un-escaped</param><param>$encoding The encoding scheme to use in the un-escaping of the string</param><return>the un-escaped string</return></comment><name>unescape-uri</name><signature>util:unescape-uri($escaped-string as xs:string, $encoding as xs:string) xs:string</signature></function><function><comment><description>Remove relation between module namespace and source location. This function is only available to the DBA role.</description><param>$namespace-uri The namespace URI of the module</param><return>Returns an empty sequence</return></comment><name>unmap-module</name><signature>util:unmap-module($namespace-uri as xs:string) empty()</signature></function><function><comment><description>Generate a version 3 universally unique identifier (UUID) string, e.g. 154ad200-9c79-44f3-8cff-9780d91552a6</description><param>$name The input value for UUID calculation.</param><return>a generated UUID string</return></comment><name>uuid</name><signature>util:uuid($name as item()) xs:string</signature></function><function><comment><description>Generate a version 4 (random) universally unique identifier (UUID) string, e.g. 154ad200-9c79-44f3-8cff-9780d91552a6</description><return>a generated UUID string</return></comment><name>uuid</name><signature>util:uuid() xs:string</signature></function><function><comment><description>Wait for the specified number of milliseconds</description><param>$interval Number of milliseconds to wait.</param><return>Returns an empty sequence</return></comment><name>wait</name><signature>util:wait($interval as xs:integer) empty()</signature></function></functions></xqdoc>