<xqdoc xmlns="http://www.xqdoc.org/1.0"><control><date>2010-07-21T13:53:37.125+02:00</date><version>1.0</version></control><module type="library"><uri>http://exist-db.org/xquery/system</uri><name>system</name><comment><description>A module for retrieving information about eXist and the system.</description><since>eXist-1.0</since></comment></module><functions><function><comment><description>A pseudo-function to execute a limited block of code as a different user. The first argument is the name of the user, the second is the password. If the user can be authenticated, the function will execute the code block given in the third argument with the permissions of that user andreturns the result of the execution. Before the function completes, it switches the current user back to the old user.</description><param>$username The username of the user to run the code against</param><param>$password The password of the user to run the code against</param><param>$code-block The code block to run as the identified user</param><return>the results of the code block executed</return></comment><name>as-user</name><signature>system:as-user($username as xs:string, $password as xs:string?, $code-block as item()*) item()*</signature></function><function><comment><description>Clear the global trace log.</description><param>$a</param></comment><name>clear-trace</name><signature>system:clear-trace() empty()</signature></function><function><comment><description>Returns the number of eXist instances that are active.</description><return>the count</return></comment><name>count-instances-active</name><signature>system:count-instances-active() xs:integer</signature></function><function><comment><description>Returns the number of eXist instances that are available.</description><return>the count</return></comment><name>count-instances-available</name><signature>system:count-instances-available() xs:integer</signature></function><function><comment><description>Returns the maximum number of eXist instances.</description><return>the count</return></comment><name>count-instances-max</name><signature>system:count-instances-max() xs:integer</signature></function><function><comment><description>Enable function tracing on the database instance.</description><param>$enable The boolean flag to enable/disable function tracing</param></comment><name>enable-tracing</name><signature>system:enable-tracing($enable as xs:boolean) empty()</signature></function><function><comment><description>Enable function tracing on the database instance.</description><param>$enable The enable boolean flag to enable/disable function tracing</param><param>$tracelog The tracelog boolean flag: if set to true, entering/exiting a function will be logged to the logger 'xquery.profiling'</param></comment><name>enable-tracing</name><signature>system:enable-tracing($enable as xs:boolean, $tracelog as xs:boolean) empty()</signature></function><function><comment><description>Internal function doing old full-text index lookup filtering. Intended to support the query optimizer by allowing restrictive filtering early on.</description><param>$nodes The nodes</param><param>$string-filter The string-filter</param><return>the nodes matching the string-filter</return></comment><name>ft-index-lookup</name><signature>system:ft-index-lookup($nodes as node()*, $string-filter as xs:string?) node()*</signature></function><function><comment><description>Returns the build of eXist running this query.</description><return>the build number</return></comment><name>get-build</name><signature>system:get-build() xs:string</signature></function><function><comment><description>Returns the eXist home location.</description><return>the path to the eXist home</return></comment><name>get-exist-home</name><signature>system:get-exist-home() xs:string</signature></function><function><comment><description>Internal function</description><param>$a</param><return>the resource containing the index statistics</return></comment><name>get-index-statistics</name><signature>system:get-index-statistics() node()?</signature></function><function><comment><description>Return a requested lib file from exist's libs</description><param>$name The name of the lib (jar file) from '$EXIST_HOME', '$EXIST_HOME/lib/core', '$EXIST_HOME/lib/optional' and '$EXIST_HOME/lib/user' or 'WEB-INF/lib' (if eXist is worrking in servlet container environment). The name can contain mask kind of 'name-%latest%.jar' for getting latest version of lib</param><return>Binary content of the lib</return></comment><name>get-lib</name><signature>system:get-lib($name as xs:string) node()?</signature></function><function><comment><description>Return name and size requested lib file from exist's libs</description><param>$name The name of the lib (jar file) from '$EXIST_HOME', '$EXIST_HOME/lib/core', '$EXIST_HOME/lib/optional' and '$EXIST_HOME/lib/user' or 'WEB-INF/lib' (if eXist is worrking in servlet container environment). The name can contain mask kind of 'name-%latest%.jar' for getting latest version of lib.</param><return>Info about lib: szie, last modified time</return></comment><name>get-lib-info</name><signature>system:get-lib-info($name as xs:string) node()?</signature></function><function><comment><description>Returns the amount of free memory available to eXist.</description><return>the size of memory</return></comment><name>get-memory-free</name><signature>system:get-memory-free() xs:long</signature></function><function><comment><description>Returns the maximum amount of memory eXist may use.</description><return>the size of memory</return></comment><name>get-memory-max</name><signature>system:get-memory-max() xs:long</signature></function><function><comment><description>Returns the total amount of memory in use by eXist.</description><return>the size of memory</return></comment><name>get-memory-total</name><signature>system:get-memory-total() xs:long</signature></function><function><comment><description>Returns the module load path from the current query context. The module load path corresponds to the location on the file system from where modules are loaded into an XQuery. This is usually the directory from which the main XQuery was compiled, or - when executing a stored XQuery - the collection in which the main query resides. The module load path is also used to resolve relative XInclude paths.</description><return>the load path</return></comment><name>get-module-load-path</name><signature>system:get-module-load-path() xs:string</signature></function><function><comment><description>Returns the SubVersion (SVN) revision ID of eXist running this query.</description><return>the revision ID.</return></comment><name>get-revision</name><signature>system:get-revision() xs:string</signature></function><function><comment><description>Get a list of running jobs (dba role only).</description><param>$a</param><return>the list of running jobs</return></comment><name>get-running-jobs</name><signature>system:get-running-jobs() item()</signature></function><function><comment><description>Get a list of running XQueries (dba role only).</description><param>$a</param><return>a node containing the list of running XQueries</return></comment><name>get-running-xqueries</name><signature>system:get-running-xqueries() item()</signature></function><function><comment><description>Get a list of scheduled jobs (dba role only).</description><param>$a</param><return>a node containing the list of scheduled jobs</return></comment><name>get-scheduled-jobs</name><signature>system:get-scheduled-jobs() item()</signature></function><function><comment><description>Returns the version of eXist running this query.</description><return>the version string</return></comment><name>get-version</name><signature>system:get-version() xs:string</signature></function><function><comment><description>Kill a running XQuey (dba role only).</description><param>$xquery-id The XQuery ID obtained from get-running-xqueries()</param></comment><name>kill-running-xquery</name><signature>system:kill-running-xquery($xquery-id as xs:integer) empty()</signature></function><function><comment><description>Kill a running XQuey (dba role only).</description><param>$xquery-id The XQuery ID obtained from get-running-xqueries()</param><param>$wait-time The wait time in milliseconds before terminating the XQuery</param></comment><name>kill-running-xquery</name><signature>system:kill-running-xquery($xquery-id as xs:integer, $wait-time as xs:long) empty()</signature></function><function><comment><description>Restore the database or a section of the database (admin user only).</description><param>$dir-or-file This is either a backup directory with the backup descriptor (__contents__.xml) or a backup ZIP file.</param><param>$admin-pass The password for the admin user</param><param>$new-admin-pass Set the admin password to this new password.</param><return>the restore results</return></comment><name>restore</name><signature>system:restore($dir-or-file as xs:string, $admin-pass as xs:string?, $new-admin-pass as xs:string?) node()</signature></function><function><comment><description>Shutdown eXist.  This method is only available to the DBA role.</description><param>$delay The delay in milliseconds before eXist starts to shutdown.</param></comment><name>shutdown</name><signature>system:shutdown($delay as xs:long) empty()</signature></function><function><comment><description>Shutdown eXist immediately.  This method is only available to the DBA role.</description><param>$a</param></comment><name>shutdown</name><signature>system:shutdown() empty()</signature></function><function><comment><description>Returns function call statistics gathered by the trace log.</description><param>$a</param><return>the call statistics gathered by the trace</return></comment><name>trace</name><signature>system:trace() node()</signature></function><function><comment><description>Returns true if function tracing is currently enabled on the database instance.</description><param>$a</param><return>true is tracing is enabled.</return></comment><name>tracing-enabled</name><signature>system:tracing-enabled() xs:boolean</signature></function><function><comment><description>Trigger a system task.</description><param>$java-classname The full name of the Java class to execute.  It must implement org.exist.storage.SystemTask</param><param>$task-parameters The XML fragment with the following structure: &lt;parameters&gt;&lt;param name="param-name1" value="param-value1"/&gt;&lt;/parameters&gt;</param></comment><name>trigger-system-task</name><signature>system:trigger-system-task($java-classname as xs:string, $task-parameters as node()?) empty()</signature></function><function><comment><description>This function is part of the unfinished index statistics module, which is not yet usable in a normal eXist setup. update-statistics rebuilds index statistics for the entire database.</description><param>$a</param></comment><name>update-statistics</name><signature>system:update-statistics() empty()</signature></function></functions></xqdoc>