<xqdoc xmlns="http://www.xqdoc.org/1.0"><control><date>2010-07-21T13:53:37.875+02:00</date><version>1.0</version></control><module type="library"><uri>http://exist-db.org/xquery/ngram</uri><name>ngram</name><comment><description>A module for NGram-based indexed searching.</description><since>eXist-1.2</since></comment></module><functions><function><comment><description>Similar to the standard XQuery fn:contains function, but based on the NGram index. Searches the given $queryString in the index defined on the input node set $nodes. The string may appear at any position within the node content. String comparison is case insensitive. Nodes need to have an ngram index to be searched.</description><param>$nodes The input node set to search</param><param>$queryString The exact string to search for</param><return>a set of nodes from the input node set $nodes containing the query string or the empty sequence</return></comment><name>contains</name><signature>ngram:contains($nodes as node()*, $queryString as xs:string?) node()*</signature></function><function><comment><description>Similar to the standard XQuery fn:ends-with function, but based on the NGram index. Searches the given $queryString in the index defined on the input node set $nodes. The string has to appear at the end of the node's content. String comparison is case insensitive. Nodes need to have an ngram index to be searched.</description><param>$nodes The input node set to search</param><param>$queryString The exact string to search for</param><return>a set of nodes from the input node set $nodes ending with the query string or the empty sequence</return></comment><name>ends-with</name><signature>ngram:ends-with($nodes as node()*, $queryString as xs:string?) node()*</signature></function><function><comment><description>Highlight matching strings within text nodes that resulted from a ngram search. The function takes a sequence of nodes as first argument $nodes and a callback function (defined with util:function) as second parameter $function-reference. Each node in $nodes will be copied into a new document fragment. For each ngram match found while copying a node, the callback function in $function-reference will be called once. The callback function should take 2 arguments:

1) the matching text string as xs:string,
2) the node to which this text string belongs.

The callback function should return zero or more nodes, which will be inserted into the resulting node set at the place where the matching text sequence occurred.

Note: a ngram match on mixed content may span multiple nodes. In this case, the callback function is called once for every text node which is part of the matching text sequence.</description><param>$nodes The sequence of nodes</param><param>$function-reference The callback function</param><return>a resulting node set</return></comment><name>filter-matches</name><signature>ngram:filter-matches($nodes as node()*, $function-reference as function) node()*</signature></function><function><comment><description>Similar to the standard XQuery fn:starts-with function, but based on the NGram index. Searches the given $queryString in the index defined on the input node set $nodes. The string may appear at any position within the node content. String comparison is case insensitive. Nodes need to have an ngram index to be searched.</description><param>$nodes The input node set to search</param><param>$queryString The exact string to search for</param><return>a set of nodes from the input node set $nodes starting with the query string or the empty sequence</return></comment><name>starts-with</name><signature>ngram:starts-with($nodes as node()*, $queryString as xs:string?) node()*</signature></function></functions></xqdoc>