<xqdoc:xqdoc xmlns:xqdoc="http://www.xqdoc.org/1.0"><xqdoc:control><xqdoc:date>Wed Jul 21 13:53:39 CEST 2010</xqdoc:date><xqdoc:version>1.0</xqdoc:version></xqdoc:control><xqdoc:module type="library"><xqdoc:uri>http://xproc.net/xproc/std</xqdoc:uri><xqdoc:name>std</xqdoc:name><xqdoc:body xml:space="preserve">xquery version "1.0" encoding "UTF-8";
module namespace std = "http://xproc.net/xproc/std";
(: ------------------------------------------------------------------------------------- 

	std.xqm - Implements all standard xproc steps.
	
---------------------------------------------------------------------------------------- :)


(: XProc Namespace Declaration :)
declare namespace p="http://www.w3.org/ns/xproc";
declare namespace c="http://www.w3.org/ns/xproc-step";
declare namespace err="http://www.w3.org/ns/xproc-error";
declare namespace xsl="http://www.w3.org/1999/XSL/Transform";
declare namespace xproc = "http://xproc.net/xproc";

declare namespace t = "http://xproc.org/ns/testsuite";


(: Module Imports :)
import module namespace u = "http://xproc.net/xproc/util";
import module namespace const = "http://xproc.net/xproc/const";
import module namespace http = "http://www.expath.org/mod/http-client";


(: -------------------------------------------------------------------------- :)

(: Module Vars :)
declare variable $std:add-attribute :=util:function(xs:QName("std:add-attribute"), 3);
declare variable $std:add-xml-base :=util:function(xs:QName("std:add-xml-base"), 3);
declare variable $std:count :=util:function(xs:QName("std:count"), 3);
declare variable $std:compare :=util:function(xs:QName("std:compare"),3);
declare variable $std:delete :=util:function(xs:QName("std:delete"),3);
declare variable $std:error :=util:function(xs:QName("std:error"), 3);
declare variable $std:filter :=util:function(xs:QName("std:filter"), 3);
declare variable $std:directory-list :=util:function(xs:QName("std:directory-list"), 3);
declare variable $std:escape-markup :=util:function(xs:QName("std:escape-markup"), 3);
declare variable $std:http-request :=util:function(xs:QName("std:http-request"), 3);
declare variable $std:identity :=util:function(xs:QName("std:identity"), 3);
declare variable $std:insert :=util:function(xs:QName("std:insert"), 3);
declare variable $std:label-elements :=util:function(xs:QName("std:label-elements"), 3);
declare variable $std:load :=util:function(xs:QName("std:load"), 3);
declare variable $std:make-absolute-uris :=util:function(xs:QName("std:make-absolute-uris"), 3);
declare variable $std:namespace-rename :=util:function(xs:QName("std:namespace-rename"), 3);
declare variable $std:pack :=util:function(xs:QName("std:pack"), 3);
declare variable $std:parameters :=util:function(xs:QName("std:parameters"), 3);
declare variable $std:rename :=util:function(xs:QName("std:rename"), 3);
declare variable $std:replace :=util:function(xs:QName("std:replace"), 3);
declare variable $std:set-attributes :=util:function(xs:QName("std:set-attributes"), 3);
declare variable $std:sink :=util:function(xs:QName("std:sink"), 3);
declare variable $std:split-sequence :=util:function(xs:QName("std:split-sequence"), 3);
declare variable $std:store :=util:function(xs:QName("std:store"), 3);
declare variable $std:string-replace :=util:function(xs:QName("std:string-replace"), 3);
declare variable $std:unescape-markup :=util:function(xs:QName("std:unescape-markup"), 3);
declare variable $std:xinclude :=util:function(xs:QName("std:xinclude"), 3);
declare variable $std:wrap :=util:function(xs:QName("std:wrap"), 3);
declare variable $std:wrap-sequence :=util:function(xs:QName("std:wrap-sequence"), 3);
declare variable $std:unwrap :=util:function(xs:QName("std:unwrap"), 3);
declare variable $std:xslt :=util:function(xs:QName("std:xslt"), 3);


(: -------------------------------------------------------------------------- :)
declare function std:add-attribute($primary,$secondary,$options) {
let $v := u:get-primary($primary)
let $match := u:get-option('match',$options,$v)
let $query := if (starts-with($match,'/')) then
				$match
			  else
				concat('//',$match)
let $matchresult := u:evalXPATH($query, $v, $primary)
let $attribute-name := u:get-option('attribute-name',$options,$v)
let $attribute-value := u:get-option('attribute-value',$options,$v)
return
	u:add-attribute-matching-elements($v/*,$matchresult,$attribute-name,$attribute-value)
};


(: -------------------------------------------------------------------------- :)
declare function std:add-xml-base($primary,$secondary,$options) {
let $v := u:get-primary($primary)
let $all := u:get-option('all',$options,$v)
let $relative := u:get-option('relative',$options,$v)
let $matchresult := u:evalXPATH('//*', $v, $primary)
let $attribute-name := "xml:base"
let $attribute-value := base-uri($v)
return
&lt;test uri="{$attribute-value}"&gt;{$v}&lt;/test&gt;
(:
	u:add-attribute-matching-elements($v,$matchresult,$attribute-name,$attribute-value)
:)};


(: -------------------------------------------------------------------------- :)
declare function std:compare($primary,$secondary,$options) {
let $v := u:get-primary($primary)
let $alternate : = u:get-secondary('alternate',$secondary)
let $strict := xs:boolean(u:get-option('xproc:strict',$options,$v)) (: ext attribute xproc:strict:)
let $fail-if-not-equal := xs:boolean(u:get-option('fail-if-not-equal',$options,$v))

let $result :=  if ($strict and count($v/*) eq 1) then
		deep-equal($v,$alternate)

else if ($strict and count($v/*) gt 1) then
	u:deep-equal-seq($v,$alternate,'1')

else if (count($v/*) gt 1) then
	u:deep-equal-seq($v,$alternate,'0')

else 
	deep-equal(u:treewalker($v/*),u:treewalker($alternate/*))

    return


       if($fail-if-not-equal) then
            if ($result) then          
      			u:outputResultElement('true')
            else
                u:stepError('err:XC0019','p:compare fail-if-not-equal option is enabled and documents were not equal')
        else
            u:outputResultElement($result)
};


(: -------------------------------------------------------------------------- :)
declare function std:count($primary,$secondary,$options){
let $v := u:get-primary($primary)
let $limit := xs:integer(u:get-option('limit',$options,$v))
let $count := count($v/*)
return
    if (empty($limit) or $limit eq 0 or $count lt $limit ) then
		u:outputResultElement($count)
    else
   		u:outputResultElement($limit)
};


(: -------------------------------------------------------------------------- :)
declare function std:delete($primary,$secondary,$options){
let $v := u:get-primary($primary)
let $match := u:get-option('match',$options,$v)
let $query := if (contains($match,'/')) then
				$match
			  else
				concat('//',$match)
let $matchresult := u:evalXPATH($query, $v)
return
   	u:delete-matching-elements($v/*, $matchresult)
};


(: -------------------------------------------------------------------------- :)
declare function std:directory-list($primary,$secondary,$options) {
let $v := u:get-primary($primary)
let $path := u:get-option('path',$options,$v)
let $include-filter := u:get-option('include-filter',$options,$v)
let $exclude-filter := u:get-option('exclude-filter',$options,$v)
let $result := if (starts-with($path,'file://')) then
                let $query := concat("file:directory-list('",substring-after($path,'file://'),"','",$include-filter,"')")
                let $files := u:eval($query)
                return
                    &lt;c:directory name=""&gt;
					{for $file in $files//*:file
					return
						&lt;c:file name="{$file/@name}"/&gt;
					}
				    &lt;/c:directory&gt;
              else
                let $files := collection($path)/util:document-name(.)
                return
                    &lt;c:directory name=""&gt;
					{for $file in $files
					return
						&lt;c:file name="{$file}"/&gt;
					}
				    &lt;/c:directory&gt;
return
		u:outputResultElement($result)
};


(: -------------------------------------------------------------------------- :)
declare function std:escape-markup($primary,$secondary,$options) {
(: TODO: test with sequences :)
let $v := u:get-primary($primary)
return
	element{name($v/*)}{
    	u:serialize($v/*/*,$const:ESCAPE_SERIALIZE)
	}
};


(: -------------------------------------------------------------------------- :)
declare function std:error($primary,$secondary,$options) {
(: TODO: this should be generated to the error port:)

let $v := u:get-primary($primary)
let $code := u:get-option('code',$options,$v)
let $err := &lt;c:errors xmlns:c="http://www.w3.org/ns/xproc-step"
          xmlns:p="http://www.w3.org/ns/xproc"
          xmlns:my="http://www.example.org/error"&gt;
		&lt;c:error href="" column="" offset=""
         	name="step-name" type="p:error"
         	code="{$code}"&gt;
    		&lt;message&gt;{$v}&lt;/message&gt;
		&lt;/c:error&gt;
&lt;/c:errors&gt;
return
	u:dynamicError('err:XD0030',concat(": p:error throw custom error code - ",$code," ",u:serialize($err,$const:TRACE_SERIALIZE)))

};


(: -------------------------------------------------------------------------- :)
declare function std:filter($primary,$secondary,$options) {
(: TODO - broken :)
u:assert(exists($options/p:with-option[@name='select']/@select),'p:with-option match is required'),
let $v := u:get-primary($primary)
let $select := string(u:get-option('select',$options,$v))
let $result := u:evalXPATH($select, $v, $primary)
    return
        if(exists($result)) then
        	$result
		else
            $select
};


(: -------------------------------------------------------------------------- :)
declare function std:http-request($primary,$secondary,$options) {
    let $v := u:get-primary($primary)
    let $href := $v/c:request/@href
    let $method := $v/c:request/@method
    let $content-type := $v/c:request/c:body/@content-type
    let $body := $v/c:request/c:body
    let $status-only := $v/c:request/@status-only
    let $detailed := $v/c:request/@detailed
    let $username := ''
    let $password := ''
    let $auth-method := ''
    let $send-authorization := ''
    let $override-content-type := ''
    let $follow-redirect := ''
    let $http-request := &lt;http:request href="{$href}" method="{$method}"&gt;{
            for $header in $v/c:request/c:header
            return
                &lt;http:header name="{$header/@name}" value="{$header/@value}"/&gt;,

            if (empty($body)) then
                ()
            else
              &lt;http:body content-type="{$content-type}"&gt;
                 {$body}
              &lt;/http:body&gt;
        }
           &lt;/http:request&gt;
    let $raw-response := http:send-request($http-request)
    let $response-headers := for $header in $raw-response//http:header
            return
                &lt;c:header name="{$header/@name}" value="{$header/@value}"/&gt;

    let $response-body := if ($status-only) then
            ()
         else if ($detailed) then
            &lt;c:body&gt;{$raw-response/*[not(name(.) eq 'http:body')][not(name(.) eq 'http:header')]}&lt;/c:body&gt;
         else
            $raw-response/*[not(name(.) eq 'http:body')][not(name(.) eq 'http:header')]

    return

        if (not($v/c:request)) then
                u:dynamicError('err:XC0040',"source port must contain c:request element")
        else if ($detailed) then
          &lt;c:response status="{$raw-response/@status}"&gt;
            {$response-headers}
            {$response-body}
          &lt;/c:response&gt;
        else
            $response-body
};


(: -------------------------------------------------------------------------- :)
declare function std:identity($primary,$secondary,$options) {
let $v := u:get-primary($primary)
return
	$v
};


(: -------------------------------------------------------------------------- :)
declare function std:insert($primary,$secondary,$options) {
let $v := u:get-primary($primary)
let $match := u:get-option('match',$options,$v)
let $position := u:get-option('position',$options,$v)
let $query := if (contains($match,'/')) then
				$match
			  else
				concat('//',$match)
let $matchresult := u:evalXPATH($query, $v, $primary)
let $insertion := u:get-secondary('insertion',$secondary)
return
	u:insert-matching-elements($v/*,$matchresult,$insertion,$position)
};


(: -------------------------------------------------------------------------- :)
declare function std:label-elements($primary,$secondary,$options) {
let $v := u:get-primary($primary)
let $match := u:get-option('match',$options,$v)
let $attribute := u:get-option('attribute',$options,$v)
let $label := u:get-option('label',$options,$v)
let $replace := u:get-option('replace',$options,$v)
let $query := if (contains($match,'/')) then
				$match
			  else
				concat('//',$match)
let $matchresult := u:evalXPATH($query, $v, $primary)
return
	u:label-matching-elements($v/*,$matchresult,$attribute,$label,$replace)
};


(: -------------------------------------------------------------------------- :)
declare function std:load($primary,$secondary,$options) {
let $v := u:get-primary($primary)
let $href := u:get-option('href',$options,$v)
let $xproc:output-uri := u:get-option('xproc:output-uri',$options,$v)
return
if (empty($href)) then
	u:dynamicError('err:XC0026',"p:load option href is empty.")
else if(starts-with($href,'file://')) then
		let $test-exists := concat("file:exists('",
									 substring-after($href,'file://'),
									 "')")
		let $query := concat("file:read('",
									 $href,
									 "')")			
		return
			if (u:eval($test-exists)) then
				u:parse-string(u:eval($query))
			else
				u:dynamicError('err:XC0026',"p:load could not access or find the file.")			
else
	let $load := doc($href)
	return
		if ($xproc:output-uri eq 'true') then
			u:outputResultElement($href)
		else
			$load
};


(: -------------------------------------------------------------------------- :)
declare function std:make-absolute-uris($primary,$secondary,$options) {
let $v := u:get-primary($primary)
return
	$v
};


(: -------------------------------------------------------------------------- :)
declare function std:namespace-rename($primary,$secondary,$options) {
let $v := u:get-primary($primary)
return
	$v
};



(: -------------------------------------------------------------------------- :)
declare function std:pack($primary,$secondary,$options) {
let $v := u:get-primary($primary)
let $alternate := u:get-secondary('alternate',$secondary)
let $wrapper := u:get-option('wrapper',$options,$v)
return

    for $child at $count in $v
    return
	    element {$wrapper}{
	        $child,
	        $alternate
	    }
};


(: -------------------------------------------------------------------------- :)
declare function std:parameters($primary,$secondary,$options) {
let $v := u:get-primary($primary)
return
	$v
};


(: -------------------------------------------------------------------------- :)
declare function std:rename($primary,$secondary,$options) {
let $v := u:get-primary($primary)
let $match := u:get-option('match',$options,$v)
let $query := if (contains($match,'/')) then
				$match
			  else
				concat('//',$match)
let $matchresult := u:evalXPATH($query, $v, $primary)
let $new-name := u:get-option('new-name',$options,$v)
return
	u:rename-matching-elements($v/*,$matchresult,$new-name)
};


(: -------------------------------------------------------------------------- :)
declare function std:replace($primary,$secondary,$options) {
let $v := u:get-primary($primary)
let $match := u:get-option('match',$options,$v)
let $query := if (contains($match,'/')) then
				$match
			  else
				concat('//',$match)
let $matchresult := u:evalXPATH($query, $v, $primary)
let $replacement := u:get-secondary('replacement',$secondary)
return
	u:replace-matching-elements($v/*,$matchresult,$replacement)
};


(: -------------------------------------------------------------------------- :)
declare function std:set-attributes($primary,$secondary,$options) {
let $v := u:get-primary($primary)
let $attributes := u:get-secondary('attributes',$secondary)
let $match := u:get-option('match',$options,$v)
let $matchresult := u:evalXPATH(string($match), $v, $primary)
return
	u:add-attributes-matching-elements($v/*,$matchresult,$attributes/*/@*)
};


(: -------------------------------------------------------------------------- :)
declare function std:sink($primary,$secondary,$options) {
    (string(''))
};


(: -------------------------------------------------------------------------- :)
declare function std:split-sequence($primary,$secondary,$options) {
let $v := u:get-primary($primary)
let $test := u:get-option('test',$options,$v)
let $match := u:evalXPATH($test, $v, $primary)
return
    for $child at $count in $match
    return
        if($child) then
            $v[$count]
        else
            ()
};


(: -------------------------------------------------------------------------- :)
declare function std:store($primary,$secondary,$options) {
(:TODO - check existence of collection path :)
let $v := u:get-primary($primary)
let $href-uri := u:get-option('href',$options,$v)
let $name := tokenize($href-uri, "/")[last()]
let $xproc:output-document := u:get-option('xproc:output-document',$options,$v)
let $path := substring-before($href-uri,$name)
let $serialized := u:serialize($v,$const:DEFAULT_SERIALIZE)
let $store := if(starts-with($path,'file://')) then
				let $query := concat("file:serialize(",
									 $serialized,
								 	 ",'",
									 substring-after($href-uri,'file://'),
									 "','method=xml')")
				return
					u:eval($query) 
			  else
								xmldb:store($path,$name,$v)
return
if($xproc:output-document eq 'true') then
		$v
	else
		u:outputResultElement(concat($path,$name))
};


(: -------------------------------------------------------------------------- :)
declare function std:string-replace($primary,$secondary,$options) {
let $v := u:get-primary($primary)
let $match := u:get-option('match',$options,$v)
let $query := if (contains($match,'/')) then
				$match
			  else
				concat('//',$match)
let $matchresult := u:evalXPATH($query, $v, $primary)
let $replace := string(u:get-option('replace',$options,$v))

(:
let $replace := u:evalXPATH(string(u:get-option('replace',$options,$v)),$v)
:)
return
	u:string-replace-matching-elements($v/*,$matchresult,$replace)
};


(: -------------------------------------------------------------------------- :)
declare function std:unescape-markup($primary,$secondary,$options){
(: TODO: test with sequences :)
let $v := u:get-primary($primary)
return
    element{name($v/*)}{
		u:parse-string($v)
		}
};


(: -------------------------------------------------------------------------- :)
declare function std:xinclude($primary,$secondary,$options){
let $v := u:get-primary($primary)
return
	u:parse-string(u:serialize($v,'expand-xincludes=yes'))
};


(: -------------------------------------------------------------------------- :)
declare function std:wrap($primary,$secondary,$options) {
let $v := u:get-primary($primary)
let $match := u:get-option('match',$options,$v)
let $query := if(contains($match,'/')) then
				$match
			  else
				concat('//',$match)
let $matchresult := u:evalXPATH($query, $v, $primary)
let $wrapper := u:get-option('wrapper',$options,$v)
let $group-adjacent := u:get-option('group-adjacent',$options,$v)
return
    if ($match eq '/') then
        element {$wrapper}{
	    	$v
	    }
	else
	    u:wrap-matching-elements($v/*,$matchresult,$wrapper)
};


(: -------------------------------------------------------------------------- :)
declare function std:wrap-sequence($primary,$secondary,$options){
let $v := u:get-primary($primary)
let $wrapper := u:get-option('wrapper',$options,$v)
let $group-adjacent := u:get-option('group-adjacent',$options,$v)
return
	element {$wrapper}{
		$v
	}
};


(: -------------------------------------------------------------------------- :)
declare function std:unwrap($primary,$secondary,$options) {
    let $v := u:get-primary($primary)
    let $match := u:get-option('match',$options,$v)
    let $query := if (contains($match,'/')) then
                    $match
                  else
                    concat('//',$match)
    let $matchresult := u:evalXPATH($query, $v, $primary)
    return
        u:unwrap-matching-elements($v/*,$matchresult)
};


(: -------------------------------------------------------------------------- :)
declare function std:xslt($primary,$secondary,$options){
    u:assert(exists($secondary/xproc:input[@port='stylesheet']/*),'stylesheet is required'),
	let $v := u:get-primary($primary)
    let $stylesheet := u:get-secondary('stylesheet',$secondary)
    return
    $v
    (:
        u:xslt($stylesheet,$v)
:)
};


(: -------------------------------------------------------------------------- :)
</xqdoc:body></xqdoc:module><xqdoc:imports><xqdoc:import><xqdoc:uri>http://xproc.net/xproc/util</xqdoc:uri></xqdoc:import><xqdoc:import><xqdoc:uri>http://xproc.net/xproc/const</xqdoc:uri></xqdoc:import><xqdoc:import><xqdoc:uri>http://www.expath.org/mod/http-client</xqdoc:uri></xqdoc:import></xqdoc:imports><xqdoc:variables><xqdoc:variable><xqdoc:uri>add-attribute</xqdoc:uri></xqdoc:variable><xqdoc:variable><xqdoc:uri>add-xml-base</xqdoc:uri></xqdoc:variable><xqdoc:variable><xqdoc:uri>count</xqdoc:uri></xqdoc:variable><xqdoc:variable><xqdoc:uri>compare</xqdoc:uri></xqdoc:variable><xqdoc:variable><xqdoc:uri>delete</xqdoc:uri></xqdoc:variable><xqdoc:variable><xqdoc:uri>error</xqdoc:uri></xqdoc:variable><xqdoc:variable><xqdoc:uri>filter</xqdoc:uri></xqdoc:variable><xqdoc:variable><xqdoc:uri>directory-list</xqdoc:uri></xqdoc:variable><xqdoc:variable><xqdoc:uri>escape-markup</xqdoc:uri></xqdoc:variable><xqdoc:variable><xqdoc:uri>http-request</xqdoc:uri></xqdoc:variable><xqdoc:variable><xqdoc:uri>identity</xqdoc:uri></xqdoc:variable><xqdoc:variable><xqdoc:uri>insert</xqdoc:uri></xqdoc:variable><xqdoc:variable><xqdoc:uri>label-elements</xqdoc:uri></xqdoc:variable><xqdoc:variable><xqdoc:uri>load</xqdoc:uri></xqdoc:variable><xqdoc:variable><xqdoc:uri>make-absolute-uris</xqdoc:uri></xqdoc:variable><xqdoc:variable><xqdoc:uri>namespace-rename</xqdoc:uri></xqdoc:variable><xqdoc:variable><xqdoc:uri>pack</xqdoc:uri></xqdoc:variable><xqdoc:variable><xqdoc:uri>parameters</xqdoc:uri></xqdoc:variable><xqdoc:variable><xqdoc:uri>rename</xqdoc:uri></xqdoc:variable><xqdoc:variable><xqdoc:uri>replace</xqdoc:uri></xqdoc:variable><xqdoc:variable><xqdoc:uri>set-attributes</xqdoc:uri></xqdoc:variable><xqdoc:variable><xqdoc:uri>sink</xqdoc:uri></xqdoc:variable><xqdoc:variable><xqdoc:uri>split-sequence</xqdoc:uri></xqdoc:variable><xqdoc:variable><xqdoc:uri>store</xqdoc:uri></xqdoc:variable><xqdoc:variable><xqdoc:uri>string-replace</xqdoc:uri></xqdoc:variable><xqdoc:variable><xqdoc:uri>unescape-markup</xqdoc:uri></xqdoc:variable><xqdoc:variable><xqdoc:uri>xinclude</xqdoc:uri></xqdoc:variable><xqdoc:variable><xqdoc:uri>wrap</xqdoc:uri></xqdoc:variable><xqdoc:variable><xqdoc:uri>wrap-sequence</xqdoc:uri></xqdoc:variable><xqdoc:variable><xqdoc:uri>unwrap</xqdoc:uri></xqdoc:variable><xqdoc:variable><xqdoc:uri>xslt</xqdoc:uri></xqdoc:variable></xqdoc:variables><xqdoc:functions><xqdoc:function><xqdoc:name>add-attribute</xqdoc:name><xqdoc:signature>add-attribute($primary,$secondary,$options)</xqdoc:signature><xqdoc:invoked><xqdoc:uri>http://xproc.net/xproc/util</xqdoc:uri><xqdoc:name>evalXPATH</xqdoc:name></xqdoc:invoked><xqdoc:invoked><xqdoc:uri>http://xproc.net/xproc/util</xqdoc:uri><xqdoc:name>add-attribute-matching-elements</xqdoc:name></xqdoc:invoked><xqdoc:invoked><xqdoc:uri>http://xproc.net/xproc/util</xqdoc:uri><xqdoc:name>get-primary</xqdoc:name></xqdoc:invoked><xqdoc:invoked><xqdoc:uri>http://xproc.net/xproc/util</xqdoc:uri><xqdoc:name>get-option</xqdoc:name></xqdoc:invoked><xqdoc:body xml:space="preserve">declare function std:add-attribute($primary,$secondary,$options){
let $v := u:get-primary($primary)
let $match := u:get-option('match',$options,$v)
let $query := if (starts-with($match,'/')) then
				$match
			  else
				concat('//',$match)
let $matchresult := u:evalXPATH($query, $v, $primary)
let $attribute-name := u:get-option('attribute-name',$options,$v)
let $attribute-value := u:get-option('attribute-value',$options,$v)
return
	u:add-attribute-matching-elements($v/*,$matchresult,$attribute-name,$attribute-value)
};</xqdoc:body></xqdoc:function><xqdoc:function><xqdoc:name>add-xml-base</xqdoc:name><xqdoc:signature>add-xml-base($primary,$secondary,$options)</xqdoc:signature><xqdoc:invoked><xqdoc:uri>http://xproc.net/xproc/util</xqdoc:uri><xqdoc:name>evalXPATH</xqdoc:name></xqdoc:invoked><xqdoc:invoked><xqdoc:uri>http://xproc.net/xproc/util</xqdoc:uri><xqdoc:name>get-primary</xqdoc:name></xqdoc:invoked><xqdoc:invoked><xqdoc:uri>http://xproc.net/xproc/util</xqdoc:uri><xqdoc:name>get-option</xqdoc:name></xqdoc:invoked><xqdoc:body xml:space="preserve">declare function std:add-xml-base($primary,$secondary,$options){
let $v := u:get-primary($primary)
let $all := u:get-option('all',$options,$v)
let $relative := u:get-option('relative',$options,$v)
let $matchresult := u:evalXPATH('//*', $v, $primary)
let $attribute-name := "xml:base"
let $attribute-value := base-uri($v)
return
&lt;test uri="{$attribute-value}"&gt;{$v}&lt;/test&gt;
};</xqdoc:body></xqdoc:function><xqdoc:function><xqdoc:name>compare</xqdoc:name><xqdoc:signature>compare($primary,$secondary,$options)</xqdoc:signature><xqdoc:invoked><xqdoc:uri>http://xproc.net/xproc/util</xqdoc:uri><xqdoc:name>outputResultElement</xqdoc:name></xqdoc:invoked><xqdoc:invoked><xqdoc:uri>http://xproc.net/xproc/util</xqdoc:uri><xqdoc:name>treewalker</xqdoc:name></xqdoc:invoked><xqdoc:invoked><xqdoc:uri>http://xproc.net/xproc/util</xqdoc:uri><xqdoc:name>get-primary</xqdoc:name></xqdoc:invoked><xqdoc:invoked><xqdoc:uri>http://xproc.net/xproc/util</xqdoc:uri><xqdoc:name>deep-equal-seq</xqdoc:name></xqdoc:invoked><xqdoc:invoked><xqdoc:uri>http://xproc.net/xproc/util</xqdoc:uri><xqdoc:name>get-secondary</xqdoc:name></xqdoc:invoked><xqdoc:invoked><xqdoc:uri>http://xproc.net/xproc/util</xqdoc:uri><xqdoc:name>get-option</xqdoc:name></xqdoc:invoked><xqdoc:invoked><xqdoc:uri>http://xproc.net/xproc/util</xqdoc:uri><xqdoc:name>stepError</xqdoc:name></xqdoc:invoked><xqdoc:body xml:space="preserve">declare function std:compare($primary,$secondary,$options){
let $v := u:get-primary($primary)
let $alternate : = u:get-secondary('alternate',$secondary)
let $strict := xs:boolean(u:get-option('xproc:strict',$options,$v)) 
let $fail-if-not-equal := xs:boolean(u:get-option('fail-if-not-equal',$options,$v))

let $result :=  if ($strict and count($v/*) eq 1) then
		deep-equal($v,$alternate)

else if ($strict and count($v/*) gt 1) then
	u:deep-equal-seq($v,$alternate,'1')

else if (count($v/*) gt 1) then
	u:deep-equal-seq($v,$alternate,'0')

else 
	deep-equal(u:treewalker($v/*),u:treewalker($alternate/*))

    return


       if($fail-if-not-equal) then
            if ($result) then          
      			u:outputResultElement('true')
            else
                u:stepError('err:XC0019','p:compare fail-if-not-equal option is enabled and documents were not equal')
        else
            u:outputResultElement($result)
};</xqdoc:body></xqdoc:function><xqdoc:function><xqdoc:name>count</xqdoc:name><xqdoc:signature>count($primary,$secondary,$options)</xqdoc:signature><xqdoc:invoked><xqdoc:uri>http://xproc.net/xproc/util</xqdoc:uri><xqdoc:name>outputResultElement</xqdoc:name></xqdoc:invoked><xqdoc:invoked><xqdoc:uri>http://xproc.net/xproc/util</xqdoc:uri><xqdoc:name>get-primary</xqdoc:name></xqdoc:invoked><xqdoc:invoked><xqdoc:uri>http://xproc.net/xproc/util</xqdoc:uri><xqdoc:name>get-option</xqdoc:name></xqdoc:invoked><xqdoc:body xml:space="preserve">declare function std:count($primary,$secondary,$options){
let $v := u:get-primary($primary)
let $limit := xs:integer(u:get-option('limit',$options,$v))
let $count := count($v/*)
return
    if (empty($limit) or $limit eq 0 or $count lt $limit ) then
		u:outputResultElement($count)
    else
   		u:outputResultElement($limit)
};</xqdoc:body></xqdoc:function><xqdoc:function><xqdoc:name>delete</xqdoc:name><xqdoc:signature>delete($primary,$secondary,$options)</xqdoc:signature><xqdoc:invoked><xqdoc:uri>http://xproc.net/xproc/util</xqdoc:uri><xqdoc:name>evalXPATH</xqdoc:name></xqdoc:invoked><xqdoc:invoked><xqdoc:uri>http://xproc.net/xproc/util</xqdoc:uri><xqdoc:name>get-primary</xqdoc:name></xqdoc:invoked><xqdoc:invoked><xqdoc:uri>http://xproc.net/xproc/util</xqdoc:uri><xqdoc:name>delete-matching-elements</xqdoc:name></xqdoc:invoked><xqdoc:invoked><xqdoc:uri>http://xproc.net/xproc/util</xqdoc:uri><xqdoc:name>get-option</xqdoc:name></xqdoc:invoked><xqdoc:body xml:space="preserve">declare function std:delete($primary,$secondary,$options){
let $v := u:get-primary($primary)
let $match := u:get-option('match',$options,$v)
let $query := if (contains($match,'/')) then
				$match
			  else
				concat('//',$match)
let $matchresult := u:evalXPATH($query, $v)
return
   	u:delete-matching-elements($v/*, $matchresult)
};</xqdoc:body></xqdoc:function><xqdoc:function><xqdoc:name>directory-list</xqdoc:name><xqdoc:signature>directory-list($primary,$secondary,$options)</xqdoc:signature><xqdoc:invoked><xqdoc:uri>http://xproc.net/xproc/util</xqdoc:uri><xqdoc:name>outputResultElement</xqdoc:name></xqdoc:invoked><xqdoc:invoked><xqdoc:uri>http://xproc.net/xproc/util</xqdoc:uri><xqdoc:name>eval</xqdoc:name></xqdoc:invoked><xqdoc:invoked><xqdoc:uri>http://xproc.net/xproc/util</xqdoc:uri><xqdoc:name>get-primary</xqdoc:name></xqdoc:invoked><xqdoc:invoked><xqdoc:uri>http://xproc.net/xproc/util</xqdoc:uri><xqdoc:name>get-option</xqdoc:name></xqdoc:invoked><xqdoc:body xml:space="preserve">declare function std:directory-list($primary,$secondary,$options){
let $v := u:get-primary($primary)
let $path := u:get-option('path',$options,$v)
let $include-filter := u:get-option('include-filter',$options,$v)
let $exclude-filter := u:get-option('exclude-filter',$options,$v)
let $result := if (starts-with($path,'file://')) then
                let $query := concat("file:directory-list('",substring-after($path,'file://'),"','",$include-filter,"')")
                let $files := u:eval($query)
                return
                    &lt;c:directory name=""&gt;
					{for $file in $files//*:file
					return
						&lt;c:file name="{$file/@name}"/&gt;
					}
				    &lt;/c:directory&gt;
              else
                let $files := collection($path)/util:document-name(.)
                return
                    &lt;c:directory name=""&gt;
					{for $file in $files
					return
						&lt;c:file name="{$file}"/&gt;
					}
				    &lt;/c:directory&gt;
return
		u:outputResultElement($result)
};</xqdoc:body></xqdoc:function><xqdoc:function><xqdoc:name>escape-markup</xqdoc:name><xqdoc:signature>escape-markup($primary,$secondary,$options)</xqdoc:signature><xqdoc:invoked><xqdoc:uri>http://xproc.net/xproc/util</xqdoc:uri><xqdoc:name>serialize</xqdoc:name></xqdoc:invoked><xqdoc:invoked><xqdoc:uri>http://xproc.net/xproc/util</xqdoc:uri><xqdoc:name>get-primary</xqdoc:name></xqdoc:invoked><xqdoc:ref-variable><xqdoc:uri>http://xproc.net/xproc/const</xqdoc:uri><xqdoc:name>ESCAPE_SERIALIZE</xqdoc:name></xqdoc:ref-variable><xqdoc:body xml:space="preserve">declare function std:escape-markup($primary,$secondary,$options){

let $v := u:get-primary($primary)
return
	element{name($v/*)}{
    	u:serialize($v/*/*,$const:ESCAPE_SERIALIZE)
	}
};</xqdoc:body></xqdoc:function><xqdoc:function><xqdoc:name>error</xqdoc:name><xqdoc:signature>error($primary,$secondary,$options)</xqdoc:signature><xqdoc:invoked><xqdoc:uri>http://xproc.net/xproc/util</xqdoc:uri><xqdoc:name>serialize</xqdoc:name></xqdoc:invoked><xqdoc:invoked><xqdoc:uri>http://xproc.net/xproc/util</xqdoc:uri><xqdoc:name>get-primary</xqdoc:name></xqdoc:invoked><xqdoc:invoked><xqdoc:uri>http://xproc.net/xproc/util</xqdoc:uri><xqdoc:name>dynamicError</xqdoc:name></xqdoc:invoked><xqdoc:invoked><xqdoc:uri>http://xproc.net/xproc/util</xqdoc:uri><xqdoc:name>get-option</xqdoc:name></xqdoc:invoked><xqdoc:ref-variable><xqdoc:uri>http://xproc.net/xproc/const</xqdoc:uri><xqdoc:name>TRACE_SERIALIZE</xqdoc:name></xqdoc:ref-variable><xqdoc:body xml:space="preserve">declare function std:error($primary,$secondary,$options){


let $v := u:get-primary($primary)
let $code := u:get-option('code',$options,$v)
let $err := &lt;c:errors xmlns:c="http://www.w3.org/ns/xproc-step"
          xmlns:p="http://www.w3.org/ns/xproc"
          xmlns:my="http://www.example.org/error"&gt;
		&lt;c:error href="" column="" offset=""
         	name="step-name" type="p:error"
         	code="{$code}"&gt;
    		&lt;message&gt;{$v}&lt;/message&gt;
		&lt;/c:error&gt;
&lt;/c:errors&gt;
return
	u:dynamicError('err:XD0030',concat(": p:error throw custom error code - ",$code," ",u:serialize($err,$const:TRACE_SERIALIZE)))

};</xqdoc:body></xqdoc:function><xqdoc:function><xqdoc:name>filter</xqdoc:name><xqdoc:signature>filter($primary,$secondary,$options)</xqdoc:signature><xqdoc:invoked><xqdoc:uri>http://xproc.net/xproc/util</xqdoc:uri><xqdoc:name>evalXPATH</xqdoc:name></xqdoc:invoked><xqdoc:invoked><xqdoc:uri>http://xproc.net/xproc/util</xqdoc:uri><xqdoc:name>get-primary</xqdoc:name></xqdoc:invoked><xqdoc:invoked><xqdoc:uri>http://xproc.net/xproc/util</xqdoc:uri><xqdoc:name>get-option</xqdoc:name></xqdoc:invoked><xqdoc:invoked><xqdoc:uri>http://xproc.net/xproc/util</xqdoc:uri><xqdoc:name>assert</xqdoc:name></xqdoc:invoked><xqdoc:body xml:space="preserve">declare function std:filter($primary,$secondary,$options){

u:assert(exists($options/p:with-option[@name='select']/@select),'p:with-option match is required'),
let $v := u:get-primary($primary)
let $select := string(u:get-option('select',$options,$v))
let $result := u:evalXPATH($select, $v, $primary)
    return
        if(exists($result)) then
        	$result
		else
            $select
};</xqdoc:body></xqdoc:function><xqdoc:function><xqdoc:name>http-request</xqdoc:name><xqdoc:signature>http-request($primary,$secondary,$options)</xqdoc:signature><xqdoc:invoked><xqdoc:uri>http://www.expath.org/mod/http-client</xqdoc:uri><xqdoc:name>send-request</xqdoc:name></xqdoc:invoked><xqdoc:invoked><xqdoc:uri>http://xproc.net/xproc/util</xqdoc:uri><xqdoc:name>get-primary</xqdoc:name></xqdoc:invoked><xqdoc:invoked><xqdoc:uri>http://xproc.net/xproc/util</xqdoc:uri><xqdoc:name>dynamicError</xqdoc:name></xqdoc:invoked><xqdoc:body xml:space="preserve">declare function std:http-request($primary,$secondary,$options){
    let $v := u:get-primary($primary)
    let $href := $v/c:request/@href
    let $method := $v/c:request/@method
    let $content-type := $v/c:request/c:body/@content-type
    let $body := $v/c:request/c:body
    let $status-only := $v/c:request/@status-only
    let $detailed := $v/c:request/@detailed
    let $username := ''
    let $password := ''
    let $auth-method := ''
    let $send-authorization := ''
    let $override-content-type := ''
    let $follow-redirect := ''
    let $http-request := &lt;http:request href="{$href}" method="{$method}"&gt;{
            for $header in $v/c:request/c:header
            return
                &lt;http:header name="{$header/@name}" value="{$header/@value}"/&gt;,

            if (empty($body)) then
                ()
            else
              &lt;http:body content-type="{$content-type}"&gt;
                 {$body}
              &lt;/http:body&gt;
        }
           &lt;/http:request&gt;
    let $raw-response := http:send-request($http-request)
    let $response-headers := for $header in $raw-response//http:header
            return
                &lt;c:header name="{$header/@name}" value="{$header/@value}"/&gt;

    let $response-body := if ($status-only) then
            ()
         else if ($detailed) then
            &lt;c:body&gt;{$raw-response/*[not(name(.) eq 'http:body')][not(name(.) eq 'http:header')]}&lt;/c:body&gt;
         else
            $raw-response/*[not(name(.) eq 'http:body')][not(name(.) eq 'http:header')]

    return

        if (not($v/c:request)) then
                u:dynamicError('err:XC0040',"source port must contain c:request element")
        else if ($detailed) then
          &lt;c:response status="{$raw-response/@status}"&gt;
            {$response-headers}
            {$response-body}
          &lt;/c:response&gt;
        else
            $response-body
};</xqdoc:body></xqdoc:function><xqdoc:function><xqdoc:name>identity</xqdoc:name><xqdoc:signature>identity($primary,$secondary,$options)</xqdoc:signature><xqdoc:invoked><xqdoc:uri>http://xproc.net/xproc/util</xqdoc:uri><xqdoc:name>get-primary</xqdoc:name></xqdoc:invoked><xqdoc:body xml:space="preserve">declare function std:identity($primary,$secondary,$options){
let $v := u:get-primary($primary)
return
	$v
};</xqdoc:body></xqdoc:function><xqdoc:function><xqdoc:name>insert</xqdoc:name><xqdoc:signature>insert($primary,$secondary,$options)</xqdoc:signature><xqdoc:invoked><xqdoc:uri>http://xproc.net/xproc/util</xqdoc:uri><xqdoc:name>evalXPATH</xqdoc:name></xqdoc:invoked><xqdoc:invoked><xqdoc:uri>http://xproc.net/xproc/util</xqdoc:uri><xqdoc:name>get-primary</xqdoc:name></xqdoc:invoked><xqdoc:invoked><xqdoc:uri>http://xproc.net/xproc/util</xqdoc:uri><xqdoc:name>get-secondary</xqdoc:name></xqdoc:invoked><xqdoc:invoked><xqdoc:uri>http://xproc.net/xproc/util</xqdoc:uri><xqdoc:name>get-option</xqdoc:name></xqdoc:invoked><xqdoc:invoked><xqdoc:uri>http://xproc.net/xproc/util</xqdoc:uri><xqdoc:name>insert-matching-elements</xqdoc:name></xqdoc:invoked><xqdoc:body xml:space="preserve">declare function std:insert($primary,$secondary,$options){
let $v := u:get-primary($primary)
let $match := u:get-option('match',$options,$v)
let $position := u:get-option('position',$options,$v)
let $query := if (contains($match,'/')) then
				$match
			  else
				concat('//',$match)
let $matchresult := u:evalXPATH($query, $v, $primary)
let $insertion := u:get-secondary('insertion',$secondary)
return
	u:insert-matching-elements($v/*,$matchresult,$insertion,$position)
};</xqdoc:body></xqdoc:function><xqdoc:function><xqdoc:name>label-elements</xqdoc:name><xqdoc:signature>label-elements($primary,$secondary,$options)</xqdoc:signature><xqdoc:invoked><xqdoc:uri>http://xproc.net/xproc/util</xqdoc:uri><xqdoc:name>evalXPATH</xqdoc:name></xqdoc:invoked><xqdoc:invoked><xqdoc:uri>http://xproc.net/xproc/util</xqdoc:uri><xqdoc:name>get-primary</xqdoc:name></xqdoc:invoked><xqdoc:invoked><xqdoc:uri>http://xproc.net/xproc/util</xqdoc:uri><xqdoc:name>get-option</xqdoc:name></xqdoc:invoked><xqdoc:invoked><xqdoc:uri>http://xproc.net/xproc/util</xqdoc:uri><xqdoc:name>label-matching-elements</xqdoc:name></xqdoc:invoked><xqdoc:body xml:space="preserve">declare function std:label-elements($primary,$secondary,$options){
let $v := u:get-primary($primary)
let $match := u:get-option('match',$options,$v)
let $attribute := u:get-option('attribute',$options,$v)
let $label := u:get-option('label',$options,$v)
let $replace := u:get-option('replace',$options,$v)
let $query := if (contains($match,'/')) then
				$match
			  else
				concat('//',$match)
let $matchresult := u:evalXPATH($query, $v, $primary)
return
	u:label-matching-elements($v/*,$matchresult,$attribute,$label,$replace)
};</xqdoc:body></xqdoc:function><xqdoc:function><xqdoc:name>load</xqdoc:name><xqdoc:signature>load($primary,$secondary,$options)</xqdoc:signature><xqdoc:invoked><xqdoc:uri>http://xproc.net/xproc/util</xqdoc:uri><xqdoc:name>outputResultElement</xqdoc:name></xqdoc:invoked><xqdoc:invoked><xqdoc:uri>http://xproc.net/xproc/util</xqdoc:uri><xqdoc:name>eval</xqdoc:name></xqdoc:invoked><xqdoc:invoked><xqdoc:uri>http://xproc.net/xproc/util</xqdoc:uri><xqdoc:name>get-primary</xqdoc:name></xqdoc:invoked><xqdoc:invoked><xqdoc:uri>http://xproc.net/xproc/util</xqdoc:uri><xqdoc:name>dynamicError</xqdoc:name></xqdoc:invoked><xqdoc:invoked><xqdoc:uri>http://xproc.net/xproc/util</xqdoc:uri><xqdoc:name>get-option</xqdoc:name></xqdoc:invoked><xqdoc:invoked><xqdoc:uri>http://xproc.net/xproc/util</xqdoc:uri><xqdoc:name>parse-string</xqdoc:name></xqdoc:invoked><xqdoc:ref-variable><xqdoc:uri>http://xproc.net/xproc</xqdoc:uri><xqdoc:name>output-uri</xqdoc:name></xqdoc:ref-variable><xqdoc:body xml:space="preserve">declare function std:load($primary,$secondary,$options){
let $v := u:get-primary($primary)
let $href := u:get-option('href',$options,$v)
let $xproc:output-uri := u:get-option('xproc:output-uri',$options,$v)
return
if (empty($href)) then
	u:dynamicError('err:XC0026',"p:load option href is empty.")
else if(starts-with($href,'file://')) then
		let $test-exists := concat("file:exists('",
									 substring-after($href,'file://'),
									 "')")
		let $query := concat("file:read('",
									 $href,
									 "')")			
		return
			if (u:eval($test-exists)) then
				u:parse-string(u:eval($query))
			else
				u:dynamicError('err:XC0026',"p:load could not access or find the file.")			
else
	let $load := doc($href)
	return
		if ($xproc:output-uri eq 'true') then
			u:outputResultElement($href)
		else
			$load
};</xqdoc:body></xqdoc:function><xqdoc:function><xqdoc:name>make-absolute-uris</xqdoc:name><xqdoc:signature>make-absolute-uris($primary,$secondary,$options)</xqdoc:signature><xqdoc:invoked><xqdoc:uri>http://xproc.net/xproc/util</xqdoc:uri><xqdoc:name>get-primary</xqdoc:name></xqdoc:invoked><xqdoc:body xml:space="preserve">declare function std:make-absolute-uris($primary,$secondary,$options){
let $v := u:get-primary($primary)
return
	$v
};</xqdoc:body></xqdoc:function><xqdoc:function><xqdoc:name>namespace-rename</xqdoc:name><xqdoc:signature>namespace-rename($primary,$secondary,$options)</xqdoc:signature><xqdoc:invoked><xqdoc:uri>http://xproc.net/xproc/util</xqdoc:uri><xqdoc:name>get-primary</xqdoc:name></xqdoc:invoked><xqdoc:body xml:space="preserve">declare function std:namespace-rename($primary,$secondary,$options){
let $v := u:get-primary($primary)
return
	$v
};</xqdoc:body></xqdoc:function><xqdoc:function><xqdoc:name>pack</xqdoc:name><xqdoc:signature>pack($primary,$secondary,$options)</xqdoc:signature><xqdoc:invoked><xqdoc:uri>http://xproc.net/xproc/util</xqdoc:uri><xqdoc:name>get-primary</xqdoc:name></xqdoc:invoked><xqdoc:invoked><xqdoc:uri>http://xproc.net/xproc/util</xqdoc:uri><xqdoc:name>get-secondary</xqdoc:name></xqdoc:invoked><xqdoc:invoked><xqdoc:uri>http://xproc.net/xproc/util</xqdoc:uri><xqdoc:name>get-option</xqdoc:name></xqdoc:invoked><xqdoc:body xml:space="preserve">declare function std:pack($primary,$secondary,$options){
let $v := u:get-primary($primary)
let $alternate := u:get-secondary('alternate',$secondary)
let $wrapper := u:get-option('wrapper',$options,$v)
return

    for $child at $count in $v
    return
	    element {$wrapper}{
	        $child,
	        $alternate
	    }
};</xqdoc:body></xqdoc:function><xqdoc:function><xqdoc:name>parameters</xqdoc:name><xqdoc:signature>parameters($primary,$secondary,$options)</xqdoc:signature><xqdoc:invoked><xqdoc:uri>http://xproc.net/xproc/util</xqdoc:uri><xqdoc:name>get-primary</xqdoc:name></xqdoc:invoked><xqdoc:body xml:space="preserve">declare function std:parameters($primary,$secondary,$options){
let $v := u:get-primary($primary)
return
	$v
};</xqdoc:body></xqdoc:function><xqdoc:function><xqdoc:name>rename</xqdoc:name><xqdoc:signature>rename($primary,$secondary,$options)</xqdoc:signature><xqdoc:invoked><xqdoc:uri>http://xproc.net/xproc/util</xqdoc:uri><xqdoc:name>evalXPATH</xqdoc:name></xqdoc:invoked><xqdoc:invoked><xqdoc:uri>http://xproc.net/xproc/util</xqdoc:uri><xqdoc:name>rename-matching-elements</xqdoc:name></xqdoc:invoked><xqdoc:invoked><xqdoc:uri>http://xproc.net/xproc/util</xqdoc:uri><xqdoc:name>get-primary</xqdoc:name></xqdoc:invoked><xqdoc:invoked><xqdoc:uri>http://xproc.net/xproc/util</xqdoc:uri><xqdoc:name>get-option</xqdoc:name></xqdoc:invoked><xqdoc:body xml:space="preserve">declare function std:rename($primary,$secondary,$options){
let $v := u:get-primary($primary)
let $match := u:get-option('match',$options,$v)
let $query := if (contains($match,'/')) then
				$match
			  else
				concat('//',$match)
let $matchresult := u:evalXPATH($query, $v, $primary)
let $new-name := u:get-option('new-name',$options,$v)
return
	u:rename-matching-elements($v/*,$matchresult,$new-name)
};</xqdoc:body></xqdoc:function><xqdoc:function><xqdoc:name>replace</xqdoc:name><xqdoc:signature>replace($primary,$secondary,$options)</xqdoc:signature><xqdoc:invoked><xqdoc:uri>http://xproc.net/xproc/util</xqdoc:uri><xqdoc:name>evalXPATH</xqdoc:name></xqdoc:invoked><xqdoc:invoked><xqdoc:uri>http://xproc.net/xproc/util</xqdoc:uri><xqdoc:name>replace-matching-elements</xqdoc:name></xqdoc:invoked><xqdoc:invoked><xqdoc:uri>http://xproc.net/xproc/util</xqdoc:uri><xqdoc:name>get-primary</xqdoc:name></xqdoc:invoked><xqdoc:invoked><xqdoc:uri>http://xproc.net/xproc/util</xqdoc:uri><xqdoc:name>get-secondary</xqdoc:name></xqdoc:invoked><xqdoc:invoked><xqdoc:uri>http://xproc.net/xproc/util</xqdoc:uri><xqdoc:name>get-option</xqdoc:name></xqdoc:invoked><xqdoc:body xml:space="preserve">declare function std:replace($primary,$secondary,$options){
let $v := u:get-primary($primary)
let $match := u:get-option('match',$options,$v)
let $query := if (contains($match,'/')) then
				$match
			  else
				concat('//',$match)
let $matchresult := u:evalXPATH($query, $v, $primary)
let $replacement := u:get-secondary('replacement',$secondary)
return
	u:replace-matching-elements($v/*,$matchresult,$replacement)
};</xqdoc:body></xqdoc:function><xqdoc:function><xqdoc:name>set-attributes</xqdoc:name><xqdoc:signature>set-attributes($primary,$secondary,$options)</xqdoc:signature><xqdoc:invoked><xqdoc:uri>http://xproc.net/xproc/util</xqdoc:uri><xqdoc:name>evalXPATH</xqdoc:name></xqdoc:invoked><xqdoc:invoked><xqdoc:uri>http://xproc.net/xproc/util</xqdoc:uri><xqdoc:name>add-attributes-matching-elements</xqdoc:name></xqdoc:invoked><xqdoc:invoked><xqdoc:uri>http://xproc.net/xproc/util</xqdoc:uri><xqdoc:name>get-primary</xqdoc:name></xqdoc:invoked><xqdoc:invoked><xqdoc:uri>http://xproc.net/xproc/util</xqdoc:uri><xqdoc:name>get-secondary</xqdoc:name></xqdoc:invoked><xqdoc:invoked><xqdoc:uri>http://xproc.net/xproc/util</xqdoc:uri><xqdoc:name>get-option</xqdoc:name></xqdoc:invoked><xqdoc:body xml:space="preserve">declare function std:set-attributes($primary,$secondary,$options){
let $v := u:get-primary($primary)
let $attributes := u:get-secondary('attributes',$secondary)
let $match := u:get-option('match',$options,$v)
let $matchresult := u:evalXPATH(string($match), $v, $primary)
return
	u:add-attributes-matching-elements($v/*,$matchresult,$attributes/*/@*)
};</xqdoc:body></xqdoc:function><xqdoc:function><xqdoc:name>sink</xqdoc:name><xqdoc:signature>sink($primary,$secondary,$options)</xqdoc:signature><xqdoc:body xml:space="preserve">declare function std:sink($primary,$secondary,$options){
    (string(''))
};</xqdoc:body></xqdoc:function><xqdoc:function><xqdoc:name>split-sequence</xqdoc:name><xqdoc:signature>split-sequence($primary,$secondary,$options)</xqdoc:signature><xqdoc:invoked><xqdoc:uri>http://xproc.net/xproc/util</xqdoc:uri><xqdoc:name>evalXPATH</xqdoc:name></xqdoc:invoked><xqdoc:invoked><xqdoc:uri>http://xproc.net/xproc/util</xqdoc:uri><xqdoc:name>get-primary</xqdoc:name></xqdoc:invoked><xqdoc:invoked><xqdoc:uri>http://xproc.net/xproc/util</xqdoc:uri><xqdoc:name>get-option</xqdoc:name></xqdoc:invoked><xqdoc:body xml:space="preserve">declare function std:split-sequence($primary,$secondary,$options){
let $v := u:get-primary($primary)
let $test := u:get-option('test',$options,$v)
let $match := u:evalXPATH($test, $v, $primary)
return
    for $child at $count in $match
    return
        if($child) then
            $v[$count]
        else
            ()
};</xqdoc:body></xqdoc:function><xqdoc:function><xqdoc:name>store</xqdoc:name><xqdoc:signature>store($primary,$secondary,$options)</xqdoc:signature><xqdoc:invoked><xqdoc:uri>http://xproc.net/xproc/util</xqdoc:uri><xqdoc:name>outputResultElement</xqdoc:name></xqdoc:invoked><xqdoc:invoked><xqdoc:uri>http://xproc.net/xproc/util</xqdoc:uri><xqdoc:name>eval</xqdoc:name></xqdoc:invoked><xqdoc:invoked><xqdoc:uri>http://xproc.net/xproc/util</xqdoc:uri><xqdoc:name>serialize</xqdoc:name></xqdoc:invoked><xqdoc:invoked><xqdoc:uri>http://xproc.net/xproc/util</xqdoc:uri><xqdoc:name>get-primary</xqdoc:name></xqdoc:invoked><xqdoc:invoked><xqdoc:uri>http://xproc.net/xproc/util</xqdoc:uri><xqdoc:name>get-option</xqdoc:name></xqdoc:invoked><xqdoc:ref-variable><xqdoc:uri>http://xproc.net/xproc/const</xqdoc:uri><xqdoc:name>DEFAULT_SERIALIZE</xqdoc:name></xqdoc:ref-variable><xqdoc:ref-variable><xqdoc:uri>http://xproc.net/xproc</xqdoc:uri><xqdoc:name>output-document</xqdoc:name></xqdoc:ref-variable><xqdoc:body xml:space="preserve">declare function std:store($primary,$secondary,$options){

let $v := u:get-primary($primary)
let $href-uri := u:get-option('href',$options,$v)
let $name := tokenize($href-uri, "/")[last()]
let $xproc:output-document := u:get-option('xproc:output-document',$options,$v)
let $path := substring-before($href-uri,$name)
let $serialized := u:serialize($v,$const:DEFAULT_SERIALIZE)
let $store := if(starts-with($path,'file://')) then
				let $query := concat("file:serialize(",
									 $serialized,
								 	 ",'",
									 substring-after($href-uri,'file://'),
									 "','method=xml')")
				return
					u:eval($query) 
			  else
								xmldb:store($path,$name,$v)
return
if($xproc:output-document eq 'true') then
		$v
	else
		u:outputResultElement(concat($path,$name))
};</xqdoc:body></xqdoc:function><xqdoc:function><xqdoc:name>string-replace</xqdoc:name><xqdoc:signature>string-replace($primary,$secondary,$options)</xqdoc:signature><xqdoc:invoked><xqdoc:uri>http://xproc.net/xproc/util</xqdoc:uri><xqdoc:name>evalXPATH</xqdoc:name></xqdoc:invoked><xqdoc:invoked><xqdoc:uri>http://xproc.net/xproc/util</xqdoc:uri><xqdoc:name>get-primary</xqdoc:name></xqdoc:invoked><xqdoc:invoked><xqdoc:uri>http://xproc.net/xproc/util</xqdoc:uri><xqdoc:name>string-replace-matching-elements</xqdoc:name></xqdoc:invoked><xqdoc:invoked><xqdoc:uri>http://xproc.net/xproc/util</xqdoc:uri><xqdoc:name>get-option</xqdoc:name></xqdoc:invoked><xqdoc:body xml:space="preserve">declare function std:string-replace($primary,$secondary,$options){
let $v := u:get-primary($primary)
let $match := u:get-option('match',$options,$v)
let $query := if (contains($match,'/')) then
				$match
			  else
				concat('//',$match)
let $matchresult := u:evalXPATH($query, $v, $primary)
let $replace := string(u:get-option('replace',$options,$v))


return
	u:string-replace-matching-elements($v/*,$matchresult,$replace)
};</xqdoc:body></xqdoc:function><xqdoc:function><xqdoc:name>unescape-markup</xqdoc:name><xqdoc:signature>unescape-markup($primary,$secondary,$options)</xqdoc:signature><xqdoc:invoked><xqdoc:uri>http://xproc.net/xproc/util</xqdoc:uri><xqdoc:name>get-primary</xqdoc:name></xqdoc:invoked><xqdoc:invoked><xqdoc:uri>http://xproc.net/xproc/util</xqdoc:uri><xqdoc:name>parse-string</xqdoc:name></xqdoc:invoked><xqdoc:body xml:space="preserve">declare function std:unescape-markup($primary,$secondary,$options){

let $v := u:get-primary($primary)
return
    element{name($v/*)}{
		u:parse-string($v)
		}
};</xqdoc:body></xqdoc:function><xqdoc:function><xqdoc:name>xinclude</xqdoc:name><xqdoc:signature>xinclude($primary,$secondary,$options)</xqdoc:signature><xqdoc:invoked><xqdoc:uri>http://xproc.net/xproc/util</xqdoc:uri><xqdoc:name>serialize</xqdoc:name></xqdoc:invoked><xqdoc:invoked><xqdoc:uri>http://xproc.net/xproc/util</xqdoc:uri><xqdoc:name>get-primary</xqdoc:name></xqdoc:invoked><xqdoc:invoked><xqdoc:uri>http://xproc.net/xproc/util</xqdoc:uri><xqdoc:name>parse-string</xqdoc:name></xqdoc:invoked><xqdoc:body xml:space="preserve">declare function std:xinclude($primary,$secondary,$options){
let $v := u:get-primary($primary)
return
	u:parse-string(u:serialize($v,'expand-xincludes=yes'))
};</xqdoc:body></xqdoc:function><xqdoc:function><xqdoc:name>wrap</xqdoc:name><xqdoc:signature>wrap($primary,$secondary,$options)</xqdoc:signature><xqdoc:invoked><xqdoc:uri>http://xproc.net/xproc/util</xqdoc:uri><xqdoc:name>wrap-matching-elements</xqdoc:name></xqdoc:invoked><xqdoc:invoked><xqdoc:uri>http://xproc.net/xproc/util</xqdoc:uri><xqdoc:name>evalXPATH</xqdoc:name></xqdoc:invoked><xqdoc:invoked><xqdoc:uri>http://xproc.net/xproc/util</xqdoc:uri><xqdoc:name>get-primary</xqdoc:name></xqdoc:invoked><xqdoc:invoked><xqdoc:uri>http://xproc.net/xproc/util</xqdoc:uri><xqdoc:name>get-option</xqdoc:name></xqdoc:invoked><xqdoc:body xml:space="preserve">declare function std:wrap($primary,$secondary,$options){
let $v := u:get-primary($primary)
let $match := u:get-option('match',$options,$v)
let $query := if(contains($match,'/')) then
				$match
			  else
				concat('//',$match)
let $matchresult := u:evalXPATH($query, $v, $primary)
let $wrapper := u:get-option('wrapper',$options,$v)
let $group-adjacent := u:get-option('group-adjacent',$options,$v)
return
    if ($match eq '/') then
        element {$wrapper}{
	    	$v
	    }
	else
	    u:wrap-matching-elements($v/*,$matchresult,$wrapper)
};</xqdoc:body></xqdoc:function><xqdoc:function><xqdoc:name>wrap-sequence</xqdoc:name><xqdoc:signature>wrap-sequence($primary,$secondary,$options)</xqdoc:signature><xqdoc:invoked><xqdoc:uri>http://xproc.net/xproc/util</xqdoc:uri><xqdoc:name>get-primary</xqdoc:name></xqdoc:invoked><xqdoc:invoked><xqdoc:uri>http://xproc.net/xproc/util</xqdoc:uri><xqdoc:name>get-option</xqdoc:name></xqdoc:invoked><xqdoc:body xml:space="preserve">declare function std:wrap-sequence($primary,$secondary,$options){
let $v := u:get-primary($primary)
let $wrapper := u:get-option('wrapper',$options,$v)
let $group-adjacent := u:get-option('group-adjacent',$options,$v)
return
	element {$wrapper}{
		$v
	}
};</xqdoc:body></xqdoc:function><xqdoc:function><xqdoc:name>unwrap</xqdoc:name><xqdoc:signature>unwrap($primary,$secondary,$options)</xqdoc:signature><xqdoc:invoked><xqdoc:uri>http://xproc.net/xproc/util</xqdoc:uri><xqdoc:name>evalXPATH</xqdoc:name></xqdoc:invoked><xqdoc:invoked><xqdoc:uri>http://xproc.net/xproc/util</xqdoc:uri><xqdoc:name>get-primary</xqdoc:name></xqdoc:invoked><xqdoc:invoked><xqdoc:uri>http://xproc.net/xproc/util</xqdoc:uri><xqdoc:name>get-option</xqdoc:name></xqdoc:invoked><xqdoc:invoked><xqdoc:uri>http://xproc.net/xproc/util</xqdoc:uri><xqdoc:name>unwrap-matching-elements</xqdoc:name></xqdoc:invoked><xqdoc:body xml:space="preserve">declare function std:unwrap($primary,$secondary,$options){
    let $v := u:get-primary($primary)
    let $match := u:get-option('match',$options,$v)
    let $query := if (contains($match,'/')) then
                    $match
                  else
                    concat('//',$match)
    let $matchresult := u:evalXPATH($query, $v, $primary)
    return
        u:unwrap-matching-elements($v/*,$matchresult)
};</xqdoc:body></xqdoc:function><xqdoc:function><xqdoc:name>xslt</xqdoc:name><xqdoc:signature>xslt($primary,$secondary,$options)</xqdoc:signature><xqdoc:invoked><xqdoc:uri>http://xproc.net/xproc/util</xqdoc:uri><xqdoc:name>get-primary</xqdoc:name></xqdoc:invoked><xqdoc:invoked><xqdoc:uri>http://xproc.net/xproc/util</xqdoc:uri><xqdoc:name>get-secondary</xqdoc:name></xqdoc:invoked><xqdoc:invoked><xqdoc:uri>http://xproc.net/xproc/util</xqdoc:uri><xqdoc:name>assert</xqdoc:name></xqdoc:invoked><xqdoc:body xml:space="preserve">declare function std:xslt($primary,$secondary,$options){
    u:assert(exists($secondary/xproc:input[@port='stylesheet']/*),'stylesheet is required'),
	let $v := u:get-primary($primary)
    let $stylesheet := u:get-secondary('stylesheet',$secondary)
    return
    $v
    
};</xqdoc:body></xqdoc:function></xqdoc:functions></xqdoc:xqdoc>