<xqdoc:xqdoc xmlns:xqdoc="http://www.xqdoc.org/1.0"><xqdoc:control><xqdoc:date>Wed Jul 21 13:53:39 CEST 2010</xqdoc:date><xqdoc:version>1.0</xqdoc:version></xqdoc:control><xqdoc:module type="library"><xqdoc:uri>http://exist-db.org/versioning</xqdoc:uri><xqdoc:name>versioning</xqdoc:name><xqdoc:body xml:space="preserve">module namespace v="http://exist-db.org/versioning"; 

import module namespace version="http://exist-db.org/xquery/versioning"
at "java:org.exist.versioning.xquery.VersioningModule";
import module namespace util="http://exist-db.org/xquery/util";
import module namespace xdb="http://exist-db.org/xquery/xmldb";

(:
	Return all revisions of the specified document 
	as a sequence of xs:integer revision numbers 
	in ascending order.

	@param $doc a node in the document for which revisions should be retrieved.
	@return a sequence of xs:integer revision numbers
:)
declare function v:revisions($doc as node()) as xs:integer* {
    let $collection := util:collection-name($doc)
    let $docName := util:document-name($doc)
    let $vCollection := concat("/db/system/versions", $collection)
    for $version in collection($vCollection)//v:properties[v:document = $docName]
    let $rev := xs:long($version/v:revision)
    order by $rev ascending
    return
        $rev
};

(:~
	Return all version docs, including the full diff, for the specified
	document. This is mainly for internal use.

	@param $doc a node in the document for which revisions should be retrieved.
	@return zero or more v:version elements describing the changes 
	made in a revision.
:)
declare function v:versions($doc as node()) as element(v:version)* {
    let $collection := util:collection-name($doc)
    let $docName := util:document-name($doc)
    let $vCollection := concat("/db/system/versions", $collection)
    for $version in collection($vCollection)/v:version[v:properties[v:document = $docName]]
    order by xs:long($version/v:properties/v:revision) ascending
    return
        $version
};

(:~
	Restore a certain revision of a document by applying a
	sequence of diffs and return it as an in-memory node. If the
	revision argument is empty or smaller than the first actual
	revision of the document, the function will return the base
	version of the document. If the revision number is greater than
	the latest revision, the latest version will be returned.

	@param $doc a node in the document for which a revision should
	be retrieved.
	@param $rev the revision which should be restored
	@return a sequence of nodes corresponding to the restored document
	(TODO: return a document node instead?) 
:)
declare function v:doc($doc as node(), $rev as xs:integer?) as node()* {
    let $collection := util:collection-name($doc)
    let $docName := util:document-name($doc)
    let $vCollection := concat("/db/system/versions", $collection)
    let $baseName := concat($vCollection, "/", $docName, ".base")
    return
        if (not(doc-available($baseName))) then
            ()
        else if (exists($rev)) then
            v:apply-patch(
                doc($baseName),
				for $version in
                	collection($vCollection)/v:version[v:properties[v:document = $docName]
                    	[v:revision &lt;= $rev]][v:diff]
					order by xs:long($version/v:properties/v:revision) ascending
				return
					$version
            )
		else
			doc($baseName)
};

(:~
	Apply a given patch on a document. This function is used by v:doc 
	internally.
:)
declare function v:apply-patch($doc as node(), $diffs as element(v:version)*) {
    if (empty($diffs)) then
        $doc
    else
        v:apply-patch(version:patch($doc, $diffs[1]), subsequence($diffs, 2))
};

(:~
	For the document passed as first argument, retrieve the revision
	specified in the second argument. Generate a diff between both version,
	i.e. HEAD and the given revision. The empty sequence is returned if the 
	given revision is invalid, i.e. v:doc returns the empty sequence.

	@param $doc a node in the document for which the diff should be generated
	@param $rev a valid revision number
:)
declare function v:diff($doc as node(), $rev as xs:integer) as element(v:version)? {
	let $base := v:doc($doc, $rev)
	return
		if (empty($base)) then
			()
		else
			let $col := xdb:create-collection("/db/system/versions", "temp")
			let $stored := xdb:store("/db/system/versions/temp", util:document-name($doc), $base)
			let $diff := version:diff(doc($stored), $doc)
			let $deleted := xdb:remove("/db/system/versions/temp", util:document-name($doc))
			return $diff
};

(:~
	Return an XML document in which all changes between
	$rev and $rev - 1 are annotated.

	@param $doc a node in the document which should be annotated
	@param $rev the revision whose changes will be annotated
:)
declare function v:annotate($doc as node(), $rev as xs:integer) {
    let $collection := util:collection-name($doc)
    let $docName := util:document-name($doc)
    let $vCollection := concat("/db/system/versions", $collection)
    let $revisions := v:revisions($doc)
    let $p := index-of($revisions, $rev)
	return
		if (empty($p)) then
			()
		else
			let $previous := 
				if ($p eq 1) then
					doc(concat($vCollection, "/", $docName, ".base"))
				else
					v:doc($doc, $revisions[$p - 1])
			let $diff := collection($vCollection)/v:version[
							v:properties[v:document = $docName]
							[v:revision = $rev]
						]			
			return
				version:annotate(
					$previous, $diff 
				)
};

(:~
	Check if there are any revisions in the database which are newer than the
	version identified by the specified base revision and key. If versioning is
	active, the base revision and key are added to the document root element
	as attributes whenever a document is serialized. The combination of the two
	attributes allows eXist to determine if a newer revision of the document
	exists in the database, which usually means that another user/client has
	committed it in the meantime.

	If one or more newer revisions exist in the database, v:find-newer-revision will
	return the version document of the newest revision or an empty sequence
	otherwise.

	@param $doc a node in the document which should be checked
	@param $base the base revision as provided in the v:revision
	attribute of the document which was retrieved from the db.
	@param $key the key as provided in the v:key attribute of the document
	which was retrieved from the db.
	@return a v:version element or the empty sequence if there's no newer revision
	in the database
:)
declare function v:find-newer-revision($doc as node(), $base as xs:integer, $key as xs:string) as element(v:version)? {
    let $collection := util:collection-name($doc)
    let $docName := util:document-name($doc)
    let $vCollection := concat("/db/system/versions", $collection)
	let $newer := 
		for $v in collection($vCollection)/v:version[
			v:properties[v:document = $docName][v:revision &gt; $base][v:key != $key]
		]
    	order by xs:long($v/v:properties/v:revision) descending
		return $v
	return $newer[1]
};

(:~
	Returns an XML fragment showing the version history of the 
	document to which the specified node belongs. All revisions
	are listed with date and user, but without the detailed diff.

	@param $doc an arbitrary node in a document
:)
declare function v:history($doc as node()) as element(v:history) {
    let $collection := util:collection-name($doc)
    let $docName := util:document-name($doc)
    let $vCollection := concat("/db/system/versions", $collection)
	return
		&lt;v:history&gt;
			&lt;v:document&gt;{base-uri($doc)}&lt;/v:document&gt;
			&lt;v:revisions&gt;
			{
				for $v in collection($vCollection)//v:properties[v:document = $docName]
				order by xs:long($v/v:revision) ascending
				return
					&lt;v:revision rev="{$v/v:revision}"&gt;
					{ $v/v:date, $v/v:user}
					&lt;/v:revision&gt;
			}
			&lt;/v:revisions&gt;
		&lt;/v:history&gt;
};

</xqdoc:body></xqdoc:module><xqdoc:imports><xqdoc:import><xqdoc:uri>http://exist-db.org/xquery/versioning</xqdoc:uri></xqdoc:import><xqdoc:import><xqdoc:uri>http://exist-db.org/xquery/util</xqdoc:uri></xqdoc:import><xqdoc:import><xqdoc:uri>http://exist-db.org/xquery/xmldb</xqdoc:uri></xqdoc:import></xqdoc:imports><xqdoc:functions><xqdoc:function><xqdoc:name>revisions</xqdoc:name><xqdoc:signature>revisions($doc as node()) as xs:integer*</xqdoc:signature><xqdoc:invoked><xqdoc:uri>http://exist-db.org/xquery/util</xqdoc:uri><xqdoc:name>collection-name</xqdoc:name></xqdoc:invoked><xqdoc:invoked><xqdoc:uri>http://exist-db.org/xquery/util</xqdoc:uri><xqdoc:name>document-name</xqdoc:name></xqdoc:invoked><xqdoc:body xml:space="preserve">declare function v:revisions($doc as node()) as xs:integer*{
    let $collection := util:collection-name($doc)
    let $docName := util:document-name($doc)
    let $vCollection := concat("/db/system/versions", $collection)
    for $version in collection($vCollection)//v:properties[v:document = $docName]
    let $rev := xs:long($version/v:revision)
    order by $rev ascending
    return
        $rev
};</xqdoc:body></xqdoc:function><xqdoc:function><xqdoc:comment><xqdoc:description>	Return all version docs, including the full diff, for the specified	document. This is mainly for internal use.</xqdoc:description><xqdoc:param> $doc a node in the document for which revisions should be retrieved.</xqdoc:param><xqdoc:return> zero or more v:version elements describing the changes 	made in a revision.</xqdoc:return></xqdoc:comment><xqdoc:name>versions</xqdoc:name><xqdoc:signature>versions($doc as node()) as element(v:version)*</xqdoc:signature><xqdoc:invoked><xqdoc:uri>http://exist-db.org/xquery/util</xqdoc:uri><xqdoc:name>collection-name</xqdoc:name></xqdoc:invoked><xqdoc:invoked><xqdoc:uri>http://exist-db.org/xquery/util</xqdoc:uri><xqdoc:name>document-name</xqdoc:name></xqdoc:invoked><xqdoc:body xml:space="preserve">declare function v:versions($doc as node()) as element(v:version)*{
    let $collection := util:collection-name($doc)
    let $docName := util:document-name($doc)
    let $vCollection := concat("/db/system/versions", $collection)
    for $version in collection($vCollection)/v:version[v:properties[v:document = $docName]]
    order by xs:long($version/v:properties/v:revision) ascending
    return
        $version
};</xqdoc:body></xqdoc:function><xqdoc:function><xqdoc:comment><xqdoc:description>	Restore a certain revision of a document by applying a	sequence of diffs and return it as an in-memory node. If the	revision argument is empty or smaller than the first actual	revision of the document, the function will return the base	version of the document. If the revision number is greater than	the latest revision, the latest version will be returned.</xqdoc:description><xqdoc:param> $doc a node in the document for which a revision should	be retrieved.</xqdoc:param><xqdoc:param> $rev the revision which should be restored</xqdoc:param><xqdoc:return> a sequence of nodes corresponding to the restored document	(TODO: return a document node instead?) </xqdoc:return></xqdoc:comment><xqdoc:name>doc</xqdoc:name><xqdoc:signature>doc($doc as node(), $rev as xs:integer?) as node()*</xqdoc:signature><xqdoc:invoked><xqdoc:uri>http://exist-db.org/xquery/util</xqdoc:uri><xqdoc:name>collection-name</xqdoc:name></xqdoc:invoked><xqdoc:invoked><xqdoc:uri>http://exist-db.org/xquery/util</xqdoc:uri><xqdoc:name>document-name</xqdoc:name></xqdoc:invoked><xqdoc:invoked><xqdoc:uri>http://exist-db.org/versioning</xqdoc:uri><xqdoc:name>apply-patch</xqdoc:name></xqdoc:invoked><xqdoc:body xml:space="preserve">declare function v:doc($doc as node(), $rev as xs:integer?) as node()*{
    let $collection := util:collection-name($doc)
    let $docName := util:document-name($doc)
    let $vCollection := concat("/db/system/versions", $collection)
    let $baseName := concat($vCollection, "/", $docName, ".base")
    return
        if (not(doc-available($baseName))) then
            ()
        else if (exists($rev)) then
            v:apply-patch(
                doc($baseName),
				for $version in
                	collection($vCollection)/v:version[v:properties[v:document = $docName]
                    	[v:revision &lt;= $rev]][v:diff]
					order by xs:long($version/v:properties/v:revision) ascending
				return
					$version
            )
		else
			doc($baseName)
};</xqdoc:body></xqdoc:function><xqdoc:function><xqdoc:comment><xqdoc:description>	Apply a given patch on a document. This function is used by v:doc 	internally.</xqdoc:description></xqdoc:comment><xqdoc:name>apply-patch</xqdoc:name><xqdoc:signature>apply-patch($doc as node(), $diffs as element(v:version)*)</xqdoc:signature><xqdoc:invoked><xqdoc:uri>http://exist-db.org/xquery/versioning</xqdoc:uri><xqdoc:name>patch</xqdoc:name></xqdoc:invoked><xqdoc:invoked><xqdoc:uri>http://exist-db.org/versioning</xqdoc:uri><xqdoc:name>apply-patch</xqdoc:name></xqdoc:invoked><xqdoc:body xml:space="preserve">declare function v:apply-patch($doc as node(), $diffs as element(v:version)*){
    if (empty($diffs)) then
        $doc
    else
        v:apply-patch(version:patch($doc, $diffs[1]), subsequence($diffs, 2))
};</xqdoc:body></xqdoc:function><xqdoc:function><xqdoc:comment><xqdoc:description>	For the document passed as first argument, retrieve the revision	specified in the second argument. Generate a diff between both version,	i.e. HEAD and the given revision. The empty sequence is returned if the 	given revision is invalid, i.e. v:doc returns the empty sequence.</xqdoc:description><xqdoc:param> $doc a node in the document for which the diff should be generated</xqdoc:param><xqdoc:param> $rev a valid revision number</xqdoc:param></xqdoc:comment><xqdoc:name>diff</xqdoc:name><xqdoc:signature>diff($doc as node(), $rev as xs:integer) as element(v:version)?</xqdoc:signature><xqdoc:invoked><xqdoc:uri>http://exist-db.org/xquery/xmldb</xqdoc:uri><xqdoc:name>remove</xqdoc:name></xqdoc:invoked><xqdoc:invoked><xqdoc:uri>http://exist-db.org/xquery/versioning</xqdoc:uri><xqdoc:name>diff</xqdoc:name></xqdoc:invoked><xqdoc:invoked><xqdoc:uri>http://exist-db.org/xquery/xmldb</xqdoc:uri><xqdoc:name>create-collection</xqdoc:name></xqdoc:invoked><xqdoc:invoked><xqdoc:uri>http://exist-db.org/xquery/util</xqdoc:uri><xqdoc:name>document-name</xqdoc:name></xqdoc:invoked><xqdoc:invoked><xqdoc:uri>http://exist-db.org/versioning</xqdoc:uri><xqdoc:name>doc</xqdoc:name></xqdoc:invoked><xqdoc:invoked><xqdoc:uri>http://exist-db.org/xquery/xmldb</xqdoc:uri><xqdoc:name>store</xqdoc:name></xqdoc:invoked><xqdoc:body xml:space="preserve">declare function v:diff($doc as node(), $rev as xs:integer) as element(v:version)?{
	let $base := v:doc($doc, $rev)
	return
		if (empty($base)) then
			()
		else
			let $col := xdb:create-collection("/db/system/versions", "temp")
			let $stored := xdb:store("/db/system/versions/temp", util:document-name($doc), $base)
			let $diff := version:diff(doc($stored), $doc)
			let $deleted := xdb:remove("/db/system/versions/temp", util:document-name($doc))
			return $diff
};</xqdoc:body></xqdoc:function><xqdoc:function><xqdoc:comment><xqdoc:description>	Return an XML document in which all changes between	$rev and $rev - 1 are annotated.</xqdoc:description><xqdoc:param> $doc a node in the document which should be annotated</xqdoc:param><xqdoc:param> $rev the revision whose changes will be annotated</xqdoc:param></xqdoc:comment><xqdoc:name>annotate</xqdoc:name><xqdoc:signature>annotate($doc as node(), $rev as xs:integer)</xqdoc:signature><xqdoc:invoked><xqdoc:uri>http://exist-db.org/xquery/versioning</xqdoc:uri><xqdoc:name>annotate</xqdoc:name></xqdoc:invoked><xqdoc:invoked><xqdoc:uri>http://exist-db.org/xquery/util</xqdoc:uri><xqdoc:name>collection-name</xqdoc:name></xqdoc:invoked><xqdoc:invoked><xqdoc:uri>http://exist-db.org/versioning</xqdoc:uri><xqdoc:name>doc</xqdoc:name></xqdoc:invoked><xqdoc:invoked><xqdoc:uri>http://exist-db.org/xquery/util</xqdoc:uri><xqdoc:name>document-name</xqdoc:name></xqdoc:invoked><xqdoc:invoked><xqdoc:uri>http://exist-db.org/versioning</xqdoc:uri><xqdoc:name>revisions</xqdoc:name></xqdoc:invoked><xqdoc:body xml:space="preserve">declare function v:annotate($doc as node(), $rev as xs:integer){
    let $collection := util:collection-name($doc)
    let $docName := util:document-name($doc)
    let $vCollection := concat("/db/system/versions", $collection)
    let $revisions := v:revisions($doc)
    let $p := index-of($revisions, $rev)
	return
		if (empty($p)) then
			()
		else
			let $previous := 
				if ($p eq 1) then
					doc(concat($vCollection, "/", $docName, ".base"))
				else
					v:doc($doc, $revisions[$p - 1])
			let $diff := collection($vCollection)/v:version[
							v:properties[v:document = $docName]
							[v:revision = $rev]
						]			
			return
				version:annotate(
					$previous, $diff 
				)
};</xqdoc:body></xqdoc:function><xqdoc:function><xqdoc:comment><xqdoc:description>	Check if there are any revisions in the database which are newer than the	version identified by the specified base revision and key. If versioning is	active, the base revision and key are added to the document root element	as attributes whenever a document is serialized. The combination of the two	attributes allows eXist to determine if a newer revision of the document	exists in the database, which usually means that another user/client has	committed it in the meantime.	If one or more newer revisions exist in the database, v:find-newer-revision will	return the version document of the newest revision or an empty sequence	otherwise.</xqdoc:description><xqdoc:param> $doc a node in the document which should be checked</xqdoc:param><xqdoc:param> $base the base revision as provided in the v:revision	attribute of the document which was retrieved from the db.</xqdoc:param><xqdoc:param> $key the key as provided in the v:key attribute of the document	which was retrieved from the db.</xqdoc:param><xqdoc:return> a v:version element or the empty sequence if there's no newer revision	in the database</xqdoc:return></xqdoc:comment><xqdoc:name>find-newer-revision</xqdoc:name><xqdoc:signature>find-newer-revision($doc as node(), $base as xs:integer, $key as xs:string) as element(v:version)?</xqdoc:signature><xqdoc:invoked><xqdoc:uri>http://exist-db.org/xquery/util</xqdoc:uri><xqdoc:name>collection-name</xqdoc:name></xqdoc:invoked><xqdoc:invoked><xqdoc:uri>http://exist-db.org/xquery/util</xqdoc:uri><xqdoc:name>document-name</xqdoc:name></xqdoc:invoked><xqdoc:body xml:space="preserve">declare function v:find-newer-revision($doc as node(), $base as xs:integer, $key as xs:string) as element(v:version)?{
    let $collection := util:collection-name($doc)
    let $docName := util:document-name($doc)
    let $vCollection := concat("/db/system/versions", $collection)
	let $newer := 
		for $v in collection($vCollection)/v:version[
			v:properties[v:document = $docName][v:revision &gt; $base][v:key != $key]
		]
    	order by xs:long($v/v:properties/v:revision) descending
		return $v
	return $newer[1]
};</xqdoc:body></xqdoc:function><xqdoc:function><xqdoc:comment><xqdoc:description>	Returns an XML fragment showing the version history of the 	document to which the specified node belongs. All revisions	are listed with date and user, but without the detailed diff.</xqdoc:description><xqdoc:param> $doc an arbitrary node in a document</xqdoc:param></xqdoc:comment><xqdoc:name>history</xqdoc:name><xqdoc:signature>history($doc as node()) as element(v:history)</xqdoc:signature><xqdoc:invoked><xqdoc:uri>http://exist-db.org/xquery/util</xqdoc:uri><xqdoc:name>collection-name</xqdoc:name></xqdoc:invoked><xqdoc:invoked><xqdoc:uri>http://exist-db.org/xquery/util</xqdoc:uri><xqdoc:name>document-name</xqdoc:name></xqdoc:invoked><xqdoc:body xml:space="preserve">declare function v:history($doc as node()) as element(v:history){
    let $collection := util:collection-name($doc)
    let $docName := util:document-name($doc)
    let $vCollection := concat("/db/system/versions", $collection)
	return
		&lt;v:history&gt;
			&lt;v:document&gt;{base-uri($doc)}&lt;/v:document&gt;
			&lt;v:revisions&gt;
			{
				for $v in collection($vCollection)//v:properties[v:document = $docName]
				order by xs:long($v/v:revision) ascending
				return
					&lt;v:revision rev="{$v/v:revision}"&gt;
					{ $v/v:date, $v/v:user}
					&lt;/v:revision&gt;
			}
			&lt;/v:revisions&gt;
		&lt;/v:history&gt;
};</xqdoc:body></xqdoc:function></xqdoc:functions></xqdoc:xqdoc>