<xqdoc:xqdoc xmlns:xqdoc="http://www.xqdoc.org/1.0"><xqdoc:control><xqdoc:date>Wed Jul 21 13:53:39 CEST 2010</xqdoc:date><xqdoc:version>1.0</xqdoc:version></xqdoc:control><xqdoc:module type="library"><xqdoc:uri>http://exist-db.org/xquery/testing</xqdoc:uri><xqdoc:name>test</xqdoc:name><xqdoc:body xml:space="preserve">xquery version "1.0";

module namespace t="http://exist-db.org/xquery/testing";

import module namespace xdb="http://exist-db.org/xquery/xmldb";

declare function t:setup-action($action) {
    typeswitch ($action)
        case element(create-collection) return
            xdb:create-collection($action/@parent, $action/@name)
        case element(store) return
			t:store($action)
        case element(remove-collection) return
            xdb:remove($action/@collection)
        case element(remove-document) return
            xdb:remove($action/@collection, $action/@name)
        default return
            ()
};

declare function t:store($action as element(store)) {
    let $type := if ($action/@type) then $action/@type/string() else "application/xml"
    let $data :=
		if ($action/*) then
			$action/*[1]
		else
			$action/string()
	return
        xdb:store($action/@collection, $action/@name, $data, $type)
};

declare function t:setup($setup as element(setup)) {
    for $action in $setup/*
    return
        t:setup-action($action)
};

declare function t:tearDown($tearDown as element(tearDown)?) {
    for $action in $tearDown/*
    return
        t:setup-action($action)
};

declare function t:declare-variable($var as element(variable)) as item()? {
    let $children := $var/*
    return
        if (empty($children)) then
            string-join($var/node(), '')
        else
            util:serialize($children, ())
};

declare function t:init-prolog($test as element(test)) {
	let $imports := $test/../imports
	let $vars :=
	    string-join(
        	for $var in $test/../variable
        	return
        	    concat("declare variable $", $var/@name, " := ", t:declare-variable($var), ";"),
            ""
        )
	return
		string-join(($imports, $vars, $test/../functions), '')
};

declare function t:test($result as item()*) {
    if ($result instance of xs:boolean) then
        $result
    else
        exists($result)
};

declare function t:run-test($test as element(test), $count as xs:integer) {
	let $context := t:init-prolog($test)
	let $null := 
	   if ($test/@trace eq 'yes') then 
	       (system:clear-trace(), system:enable-tracing(true(), false()))
       else ()
    let $queryOutput :=
		util:catch("*",
			util:eval(concat($context, $test/code/string())),
			&lt;error&gt;Compilation error: {$util:exception-message}&lt;/error&gt;
		)
	let $output := if ($test/@trace eq 'yes') then system:trace() else $queryOutput
    let $expected :=
        if ($test/@output eq 'text') then
            data($test/expected)
        else $test/expected/node()
    let $OK :=
        if ($test/xpath) then
            t:test(t:xpath($output, $test/xpath))
        else if ($test/@output eq 'text') then
            normalize-space(string-join(for $x in $output return string($x),' ')) eq normalize-space($expected)
        else
            deep-equal($output, $expected)
    let $expanded :=
		if ($output instance of node()) then
        	util:expand($output)
		else
			$output
    return
        &lt;test n="{$count}" pass="{$OK}"&gt;
        {
            if (not($OK)) then
                ($test/task, $test/expected, &lt;result&gt;{$expanded}&lt;/result&gt;)
            else ()
        }
        &lt;/test&gt;
};

declare function t:xpath($output as item()*, $xpath as element()) {
    for $prefix in in-scope-prefixes($xpath)
    let $nsuri := namespace-uri-for-prefix($prefix, $xpath)
    return
        if ($prefix != 'xml') then
            util:declare-namespace($prefix, $nsuri)
        else (),
    let $expr := $xpath/string()
    return
        if (matches($expr, "^\s*/")) then
            util:eval(concat("$output", $expr))
        else
            util:eval($expr)
};

declare function t:run-testSet($set as element(TestSet)) {
    let $copy := util:expand($set)
    let $null := t:setup($copy/setup)
    let $result := util:expand(
           &lt;TestSet&gt;
           {$copy/testName}
           {$copy/description}
           {
               for $test at $p in $copy/test
               return
                   t:run-test($test, $p)
           }
           &lt;/TestSet&gt;
        )
    let $null := t:tearDown($copy/tearDown)
    return $result
};

declare function t:format-testResult($result) {
    let $formatted := &lt;html&gt;
        &lt;body&gt;
          &lt;h1&gt;{$result/testName}&lt;/h1&gt;
          &lt;p&gt;{$result/description/p}&lt;/p&gt;
          &lt;table&gt;
          {for $test in $result//test
           return
                &lt;tr&gt;
                    &lt;td&gt;{$test/@n/.}&lt;/td&gt;
                    &lt;td&gt;{$test/@pass/.}&lt;/td&gt;
                &lt;/tr&gt;


          }
          &lt;/table&gt;
        &lt;/body&gt;
     &lt;/html&gt;
     return
        $formatted
};

</xqdoc:body></xqdoc:module><xqdoc:imports><xqdoc:import><xqdoc:uri>http://exist-db.org/xquery/xmldb</xqdoc:uri></xqdoc:import></xqdoc:imports><xqdoc:functions><xqdoc:function><xqdoc:name>setup-action</xqdoc:name><xqdoc:signature>setup-action($action)</xqdoc:signature><xqdoc:invoked><xqdoc:uri>http://exist-db.org/xquery/xmldb</xqdoc:uri><xqdoc:name>remove</xqdoc:name></xqdoc:invoked><xqdoc:invoked><xqdoc:uri>http://exist-db.org/xquery/testing</xqdoc:uri><xqdoc:name>store</xqdoc:name></xqdoc:invoked><xqdoc:invoked><xqdoc:uri>http://exist-db.org/xquery/xmldb</xqdoc:uri><xqdoc:name>create-collection</xqdoc:name></xqdoc:invoked><xqdoc:body xml:space="preserve">declare function t:setup-action($action){
    typeswitch ($action)
        case element(create-collection) return
            xdb:create-collection($action/@parent, $action/@name)
        case element(store) return
			t:store($action)
        case element(remove-collection) return
            xdb:remove($action/@collection)
        case element(remove-document) return
            xdb:remove($action/@collection, $action/@name)
        default return
            ()
};</xqdoc:body></xqdoc:function><xqdoc:function><xqdoc:name>store</xqdoc:name><xqdoc:signature>store($action as element(store))</xqdoc:signature><xqdoc:invoked><xqdoc:uri>http://exist-db.org/xquery/xmldb</xqdoc:uri><xqdoc:name>store</xqdoc:name></xqdoc:invoked><xqdoc:body xml:space="preserve">declare function t:store($action as element(store)){
    let $type := if ($action/@type) then $action/@type/string() else "application/xml"
    let $data :=
		if ($action/*) then
			$action/*[1]
		else
			$action/string()
	return
        xdb:store($action/@collection, $action/@name, $data, $type)
};</xqdoc:body></xqdoc:function><xqdoc:function><xqdoc:name>setup</xqdoc:name><xqdoc:signature>setup($setup as element(setup))</xqdoc:signature><xqdoc:invoked><xqdoc:uri>http://exist-db.org/xquery/testing</xqdoc:uri><xqdoc:name>setup-action</xqdoc:name></xqdoc:invoked><xqdoc:body xml:space="preserve">declare function t:setup($setup as element(setup)){
    for $action in $setup/*
    return
        t:setup-action($action)
};</xqdoc:body></xqdoc:function><xqdoc:function><xqdoc:name>tearDown</xqdoc:name><xqdoc:signature>tearDown($tearDown as element(tearDown)?)</xqdoc:signature><xqdoc:invoked><xqdoc:uri>http://exist-db.org/xquery/testing</xqdoc:uri><xqdoc:name>setup-action</xqdoc:name></xqdoc:invoked><xqdoc:body xml:space="preserve">declare function t:tearDown($tearDown as element(tearDown)?){
    for $action in $tearDown/*
    return
        t:setup-action($action)
};</xqdoc:body></xqdoc:function><xqdoc:function><xqdoc:name>declare-variable</xqdoc:name><xqdoc:signature>declare-variable($var as element(variable)) as item()?</xqdoc:signature><xqdoc:body xml:space="preserve">declare function t:declare-variable($var as element(variable)) as item()?{
    let $children := $var/*
    return
        if (empty($children)) then
            string-join($var/node(), '')
        else
            util:serialize($children, ())
};</xqdoc:body></xqdoc:function><xqdoc:function><xqdoc:name>init-prolog</xqdoc:name><xqdoc:signature>init-prolog($test as element(test))</xqdoc:signature><xqdoc:invoked><xqdoc:uri>http://exist-db.org/xquery/testing</xqdoc:uri><xqdoc:name>declare-variable</xqdoc:name></xqdoc:invoked><xqdoc:body xml:space="preserve">declare function t:init-prolog($test as element(test)){
	let $imports := $test/../imports
	let $vars :=
	    string-join(
        	for $var in $test/../variable
        	return
        	    concat("declare variable $", $var/@name, " := ", t:declare-variable($var), ";"),
            ""
        )
	return
		string-join(($imports, $vars, $test/../functions), '')
};</xqdoc:body></xqdoc:function><xqdoc:function><xqdoc:name>test</xqdoc:name><xqdoc:signature>test($result as item()*)</xqdoc:signature><xqdoc:body xml:space="preserve">declare function t:test($result as item()*){
    if ($result instance of xs:boolean) then
        $result
    else
        exists($result)
};</xqdoc:body></xqdoc:function><xqdoc:function><xqdoc:name>run-test</xqdoc:name><xqdoc:signature>run-test($test as element(test), $count as xs:integer)</xqdoc:signature><xqdoc:invoked><xqdoc:uri>http://exist-db.org/xquery/testing</xqdoc:uri><xqdoc:name>xpath</xqdoc:name></xqdoc:invoked><xqdoc:invoked><xqdoc:uri>http://exist-db.org/xquery/testing</xqdoc:uri><xqdoc:name>test</xqdoc:name></xqdoc:invoked><xqdoc:invoked><xqdoc:uri>http://exist-db.org/xquery/testing</xqdoc:uri><xqdoc:name>init-prolog</xqdoc:name></xqdoc:invoked><xqdoc:body xml:space="preserve">declare function t:run-test($test as element(test), $count as xs:integer){
	let $context := t:init-prolog($test)
	let $null := 
	   if ($test/@trace eq 'yes') then 
	       (system:clear-trace(), system:enable-tracing(true(), false()))
       else ()
    let $queryOutput :=
		util:catch("*",
			util:eval(concat($context, $test/code/string())),
			&lt;error&gt;Compilation error: {$util:exception-message}&lt;/error&gt;
		)
	let $output := if ($test/@trace eq 'yes') then system:trace() else $queryOutput
    let $expected :=
        if ($test/@output eq 'text') then
            data($test/expected)
        else $test/expected/node()
    let $OK :=
        if ($test/xpath) then
            t:test(t:xpath($output, $test/xpath))
        else if ($test/@output eq 'text') then
            normalize-space(string-join(for $x in $output return string($x),' ')) eq normalize-space($expected)
        else
            deep-equal($output, $expected)
    let $expanded :=
		if ($output instance of node()) then
        	util:expand($output)
		else
			$output
    return
        &lt;test n="{$count}" pass="{$OK}"&gt;
        {
            if (not($OK)) then
                ($test/task, $test/expected, &lt;result&gt;{$expanded}&lt;/result&gt;)
            else ()
        }
        &lt;/test&gt;
};</xqdoc:body></xqdoc:function><xqdoc:function><xqdoc:name>xpath</xqdoc:name><xqdoc:signature>xpath($output as item()*, $xpath as element())</xqdoc:signature><xqdoc:body xml:space="preserve">declare function t:xpath($output as item()*, $xpath as element()){
    for $prefix in in-scope-prefixes($xpath)
    let $nsuri := namespace-uri-for-prefix($prefix, $xpath)
    return
        if ($prefix != 'xml') then
            util:declare-namespace($prefix, $nsuri)
        else (),
    let $expr := $xpath/string()
    return
        if (matches($expr, "^\s*/")) then
            util:eval(concat("$output", $expr))
        else
            util:eval($expr)
};</xqdoc:body></xqdoc:function><xqdoc:function><xqdoc:name>run-testSet</xqdoc:name><xqdoc:signature>run-testSet($set as element(TestSet))</xqdoc:signature><xqdoc:invoked><xqdoc:uri>http://exist-db.org/xquery/testing</xqdoc:uri><xqdoc:name>setup</xqdoc:name></xqdoc:invoked><xqdoc:invoked><xqdoc:uri>http://exist-db.org/xquery/testing</xqdoc:uri><xqdoc:name>tearDown</xqdoc:name></xqdoc:invoked><xqdoc:invoked><xqdoc:uri>http://exist-db.org/xquery/testing</xqdoc:uri><xqdoc:name>run-test</xqdoc:name></xqdoc:invoked><xqdoc:body xml:space="preserve">declare function t:run-testSet($set as element(TestSet)){
    let $copy := util:expand($set)
    let $null := t:setup($copy/setup)
    let $result := util:expand(
           &lt;TestSet&gt;
           {$copy/testName}
           {$copy/description}
           {
               for $test at $p in $copy/test
               return
                   t:run-test($test, $p)
           }
           &lt;/TestSet&gt;
        )
    let $null := t:tearDown($copy/tearDown)
    return $result
};</xqdoc:body></xqdoc:function><xqdoc:function><xqdoc:name>format-testResult</xqdoc:name><xqdoc:signature>format-testResult($result)</xqdoc:signature><xqdoc:body xml:space="preserve">declare function t:format-testResult($result){
    let $formatted := &lt;html&gt;
        &lt;body&gt;
          &lt;h1&gt;{$result/testName}&lt;/h1&gt;
          &lt;p&gt;{$result/description/p}&lt;/p&gt;
          &lt;table&gt;
          {for $test in $result//test
           return
                &lt;tr&gt;
                    &lt;td&gt;{$test/@n/.}&lt;/td&gt;
                    &lt;td&gt;{$test/@pass/.}&lt;/td&gt;
                &lt;/tr&gt;


          }
          &lt;/table&gt;
        &lt;/body&gt;
     &lt;/html&gt;
     return
        $formatted
};</xqdoc:body></xqdoc:function></xqdoc:functions></xqdoc:xqdoc>