<xqdoc xmlns="http://www.xqdoc.org/1.0"><control><date>2010-07-21T13:53:37.265+02:00</date><version>1.0</version></control><module type="library"><uri>http://exist-db.org/xquery/xqdoc</uri><name>xqdm</name><comment><description>XQDoc integration module.</description><since>eXist-1.4.1</since></comment></module><functions><function><comment><description>Scan and extract function documentation from an external XQuery function module according to the XQDoc specification. The two parameter version of the function expects to get the source code of the module in the first argument and a name for the module in the second.</description><param>$data The base64 encoded source data of the module</param><param>$name The name of the module</param><return>the function docs.</return></comment><name>scan</name><signature>xqdm:scan($data as xs:base64Binary, $name as xs:string) node()*</signature></function><function><comment><description>Scan and extract function documentation from an external XQuery function module according to theXQDoc specification. The single argument URI may either point to an XQuery module stored in the db (URI starts with xmldb:exist:...) or a module in the file system. A file system module is searched in the same way as if it were loaded through an "import module" statement. Static mappings defined in conf.xml are searched first.</description><param>$uri The URI from which to load the function module</param><return>the function docs.</return></comment><name>scan</name><signature>xqdm:scan($uri as xs:anyURI) node()*</signature></function></functions></xqdoc>