<xqdoc xmlns="http://www.xqdoc.org/1.0"><control><date>2010-07-21T13:53:37.218+02:00</date><version>1.0</version></control><module type="library"><uri>http://exist-db.org/xquery/request</uri><name>request</name><comment><description>A module for dealing with HTTP requests.</description><since>pre eXist-1.0 (Many functions originally in this module have been moved into new modules response and session.)</since></comment></module><functions><function><comment><description>Returns the names of all request attributes in the current request.</description><param>$a</param><return>the names of all attributes attached to the current request</return></comment><name>attribute-names</name><signature>request:attribute-names() xs:string*</signature></function><function><comment><description>Returns whether a request object exists.</description><return>true if the request object exists</return></comment><name>exists</name><signature>request:exists() xs:boolean</signature></function><function><comment><description>Returns the string value of the request attribute specified in the argument or the empty sequence if no such attribute exists. The attribute value should be a string.</description><param>$attribute-name The name of the attribute</param><return>the string value of the requested attribute</return></comment><name>get-attribute</name><signature>request:get-attribute($attribute-name as xs:string) item()*</signature></function><function><comment><description>Returns the context path of the current request, i.e. the portion of the request URI that indicates the context of the request.</description><param>$a</param><return>the context path of the current request</return></comment><name>get-context-path</name><signature>request:get-context-path() xs:string</signature></function><function><comment><description>Returns the names of all Cookies in the request</description><return>a sequence of the names of all Cookies in the request</return></comment><name>get-cookie-names</name><signature>request:get-cookie-names() xs:string*</signature></function><function><comment><description>Returns the value of a named Cookie.</description><param>$cookie-name The name of the cookie to retrieve the value from.</param><return>the value of the named Cookie</return></comment><name>get-cookie-value</name><signature>request:get-cookie-value($cookie-name as xs:string) xs:string?</signature></function><function><comment><description>Returns the content of a POST request.If its a binary document xs:base64Binary is returned or if its an XML document a node() is returned. All other data is returned as an xs:string representaion. Returns an empty sequence if there is no data.</description><param>$a</param><return>the content of a POST request</return></comment><name>get-data</name><signature>request:get-data() item()?</signature></function><function><comment><description>Returns the URI of the current request. If the request was forwarded via URL rewriting, the function returns the effective, rewritten URI, not the original URI which was received from the client.</description><param>$a</param><return>the URI of the request</return></comment><name>get-effective-uri</name><signature>request:get-effective-uri() xs:anyURI</signature></function><function><comment><description>Returns the HTTP request header identified by $header-name. The list of all headers included in the HTTP request are available through the request:get-header-names function.</description><param>$header-name The HTTP request header name</param><return>the HTTP request header value</return></comment><name>get-header</name><signature>request:get-header($header-name as xs:string) xs:string?</signature></function><function><comment><description>Returns a sequence containing the names of all headers passed in the current request</description><param>$a</param><return>a sequence containing the names of all headers passed in the current request</return></comment><name>get-header-names</name><signature>request:get-header-names() xs:string*</signature></function><function><comment><description>Returns the hostname of the current request.</description><param>$a</param><return>the hostname of the current request</return></comment><name>get-hostname</name><signature>request:get-hostname() xs:string</signature></function><function><comment><description>Returns the HTTP method of the current request.</description><param>$a</param><return>the HTTP method of the current request</return></comment><name>get-method</name><signature>request:get-method() xs:string</signature></function><function><comment><description>Returns the HTTP request parameter identified by $name. If the parameter could not be found, the default value is returned instead. Note: this function will not try to expand predefined entities like &amp;amp; or &amp;lt;, so a &amp;amp; passed through a parameter will indeed be treated as an &amp;amp; character.</description><param>$name The parameter name</param><param>$default-value The default value if the parameter does not exist</param><return>the parameter value</return></comment><name>get-parameter</name><signature>request:get-parameter($name as xs:string, $default-value as item()*) xs:string*</signature></function><function><comment><description>Returns the HTTP request parameter identified by $name. If the parameter could not be found, the default value is returned instead. Note: this function will not try to expand predefined entities like &amp;amp; or &amp;lt;, so a &amp;amp; passed through a parameter will indeed be treated as an &amp;amp; character.</description><param>$name The parameter name</param><param>$default-value The default value if the parameter does not exist</param><param>$failonerror The fail on error flag.  If the value is set to false, then the function will not fail if there is no request in scope.</param><return>the parameter value</return></comment><name>get-parameter</name><signature>request:get-parameter($name as xs:string, $default-value as item()*, $failonerror as xs:boolean*) xs:string*</signature></function><function><comment><description>Returns a sequence containing the names of all parameters passed in the current request</description><param>$a</param><return>the sequence containing the names of all parameters</return></comment><name>get-parameter-names</name><signature>request:get-parameter-names() xs:string*</signature></function><function><comment><description>Returns any extra path information associated with the URL the client sent when it made this request.
For example an xquery GET or POST to /some/path/myfile.xq/extra/path will return /extra/path when myfile.xq is executed.</description><param>$a</param><return>the request path information</return></comment><name>get-path-info</name><signature>request:get-path-info() xs:string</signature></function><function><comment><description>Returns the full query string passed to the servlet (without the initial question mark).</description><param>$a</param><return>the query string</return></comment><name>get-query-string</name><signature>request:get-query-string() xs:string?</signature></function><function><comment><description>Returns the IP address of the client machine that made the current request, as a string.</description><param>$a</param><return>the IP address</return></comment><name>get-remote-addr</name><signature>request:get-remote-addr() xs:string</signature></function><function><comment><description>Returns the fully qualified name of the client or the last proxy that sent the current request.</description><param>$a</param><return>the host name</return></comment><name>get-remote-host</name><signature>request:get-remote-host() xs:string</signature></function><function><comment><description>Returns the Internet Protocol (IP) source port of the client or last proxy that sent the current request.</description><param>$a</param><return>the IP port number</return></comment><name>get-remote-port</name><signature>request:get-remote-port() xs:integer</signature></function><function><comment><description>Returns the server nodename of the current request.</description><param>$a</param><return>the server nodename of the current request</return></comment><name>get-server-name</name><signature>request:get-server-name() xs:string</signature></function><function><comment><description>Returns the server port of the current request.</description><param>$a</param><return>the server port of the current request</return></comment><name>get-server-port</name><signature>request:get-server-port() xs:integer</signature></function><function><comment><description>Returns the servlet path of the current request, i.e. the portion of the request URI that points to the servlet which is handling the request.
For example an xquery GET or POST to /some/path/myfile.xq/extra/path will return /some/path/myfile.xq when myfile.xq is executed.</description><param>$a</param><return>the servlet path of the current request</return></comment><name>get-servlet-path</name><signature>request:get-servlet-path() xs:string</signature></function><function><comment><description>Retrieve the base64 encoded data where the file part of a multi-part request has been stored. Returns the empty sequence if the request is not a multi-part request or the parameter name does not point to a file part.</description><param>$upload-param-name The parameter name</param><return>the base64 encoded data from the uploaded file</return></comment><name>get-uploaded-file-data</name><signature>request:get-uploaded-file-data($upload-param-name as xs:string) xs:base64Binary?</signature></function><function><comment><description>Retrieve the file name of an uploaded file from a multi-part request. This returns the file name of the file on the client (without path). Returns the empty sequence if the request is not a multi-part request or the parameter name does not point to a file part.</description><param>$upload-param-name The parameter name</param><return>the file name of the uploaded file</return></comment><name>get-uploaded-file-name</name><signature>request:get-uploaded-file-name($upload-param-name as xs:string) xs:string?</signature></function><function><comment><description>Retrieve the size of an uploaded file from a multi-part request. This returns the size of the file in bytes. Returns the empty sequence if the request is not a multi-part request or the parameter name does not point to a file part.</description><param>$upload-param-name The parameter name</param><return>the size of the uploaded file</return></comment><name>get-uploaded-file-size</name><signature>request:get-uploaded-file-size($upload-param-name as xs:string) xs:double?</signature></function><function><comment><description>Returns the URI of the current request. This will be the original URI as received from the client. Possible modifications done by the URL rewriter will not be visible.</description><param>$a</param><return>the URI of the request</return></comment><name>get-uri</name><signature>request:get-uri() xs:anyURI</signature></function><function><comment><description>Returns the URL of the current request.</description><param>$a</param><return>the URL of the current request</return></comment><name>get-url</name><signature>request:get-url() xs:string</signature></function><function><comment><description>Stores a value in the current request using the supplied attribute name.</description><param>$name The attribute name</param><param>$value The attribute value</param></comment><name>set-attribute</name><signature>request:set-attribute($name as xs:string, $value as item()*) empty()</signature></function></functions></xqdoc>