<xqdoc xmlns="http://www.xqdoc.org/1.0"><control><date>2010-07-21T13:53:37.781+02:00</date><version>1.0</version></control><module type="library"><uri>http://exist-db.org/xquery/transform</uri><name>transform</name><comment><description>A module for dealing with XSL transformations.</description><since>&amp;lt; eXist-1.0</since></comment></module><functions><function><comment><description>Applies an XSL stylesheet to the node tree passed as first argument. The parameters are the same as for the transform function. stream-transform can only be used within a servlet context. Instead of returning the transformed document fragment, it directly streams its output to the servlet's output stream. It should thus be the last statement in the XQuery.</description><param>$node-tree The source-document (node tree)</param><param>$stylesheet The XSL stylesheet</param><param>$parameters The transformer parameters</param></comment><name>stream-transform</name><signature>transform:stream-transform($node-tree as node()?, $stylesheet as item(), $parameters as node()?) empty()</signature></function><function><comment><description>Applies an XSL stylesheet to the node tree passed as first argument. The parameters are the same as for the transform function. stream-transform can only be used within a servlet context. Instead of returning the transformed document fragment, it directly streams its output to the servlet's output stream. It should thus be the last statement in the XQuery.</description><param>$node-tree The source-document (node tree)</param><param>$stylesheet The XSL stylesheet</param><param>$parameters The transformer parameters</param><param>$serialization-options The serialization options</param></comment><name>stream-transform</name><signature>transform:stream-transform($node-tree as node()?, $stylesheet as item(), $parameters as node()?, $serialization-options as xs:string) empty()</signature></function><function><comment><description>Applies an XSL stylesheet to the node tree passed as first argument. The stylesheet is specified in the second argument. This should either be an URI or a node. If it is an URI, it can either point to an external location or to an XSL stored in the db by using the 'xmldb:' scheme. Stylesheets are cached unless they were just created from an XML fragment and not from a complete document. Stylesheet parameters may be passed in the third argument using an XML fragment with the following structure: &lt;parameters&gt;&lt;param name="param-name1" value="param-value1"/&gt;&lt;/parameters&gt;. There are two special parameters named "exist:stop-on-warn" and "exist:stop-on-error". If set to value "yes", eXist will generate an XQuery error if the XSL processor reports a warning or error.</description><param>$node-tree The source-document (node tree)</param><param>$stylesheet The XSL stylesheet</param><param>$parameters The transformer parameters</param><return>the transformed result (node tree)</return></comment><name>transform</name><signature>transform:transform($node-tree as node()?, $stylesheet as item(), $parameters as node()?) node()?</signature></function><function><comment><description>Applies an XSL stylesheet to the node tree passed as first argument. The stylesheet is specified in the second argument. This should either be an URI or a node. If it is an URI, it can either point to an external location or to an XSL stored in the db by using the 'xmldb:' scheme. Stylesheets are cached unless they were just created from an XML fragment and not from a complete document. Stylesheet parameters may be passed in the third argument using an XML fragment with the following structure: &lt;parameters&gt;&lt;param name="param-name1" value="param-value1"/&gt;&lt;/parameters&gt;. There are two special parameters named "exist:stop-on-warn" and "exist:stop-on-error". If set to value "yes", eXist will generate an XQuery error if the XSL processor reports a warning or error. The fourth argument specifies serialization options in the same way as if they were passed to "declare option exist:serialize" expression. An additional serialization option, xinclude-path, is supported, which specifies a base path against which xincludes will be expanded (if there are xincludes in the document). A relative path will be relative to the current module load path.</description><param>$node-tree The source-document (node tree)</param><param>$stylesheet The XSL stylesheet</param><param>$parameters The transformer parameters</param><param>$serialization-options The serialization options</param><return>the transformed result (node tree)</return></comment><name>transform</name><signature>transform:transform($node-tree as node()?, $stylesheet as item(), $parameters as node()?, $serialization-options as xs:string) node()?</signature></function></functions></xqdoc>