<xqdoc:xqdoc xmlns:xqdoc="http://www.xqdoc.org/1.0"><xqdoc:control><xqdoc:date>Wed Jul 21 13:53:39 CEST 2010</xqdoc:date><xqdoc:version>1.0</xqdoc:version></xqdoc:control><xqdoc:module type="library"><xqdoc:uri>http://xproc.net/xproc/ext</xqdoc:uri><xqdoc:name>ext</xqdoc:name><xqdoc:body xml:space="preserve">xquery version "1.0" encoding "UTF-8";
module namespace ext = "http://xproc.net/xproc/ext";
(: ------------------------------------------------------------------------------------- 

	ext.xqm - implements all xprocxq specific extension steps.
	
---------------------------------------------------------------------------------------- :)


(: XProc Namespace Declaration :)
declare namespace p="http://www.w3.org/ns/xproc";
declare namespace c="http://www.w3.org/ns/xproc-step";
declare namespace err="http://www.w3.org/ns/xproc-error";
declare namespace xproc = "http://xproc.net/xproc";

declare namespace t = "http://xproc.org/ns/testsuite";

(: Module Imports :)
import module namespace u = "http://xproc.net/xproc/util";

(: -------------------------------------------------------------------------- :)

(: Module Vars :)
declare variable $ext:pre := util:function(xs:QName("ext:pre"), 3);
declare variable $ext:post := util:function(xs:QName("ext:post"), 3);
declare variable $ext:xproc := util:function(xs:QName("ext:xproc"), 3);
declare variable $ext:xsltforms := util:function(xs:QName("ext:xsltforms"), 3);


(: -------------------------------------------------------------------------- :)
declare function ext:pre($primary,$secondary,$options){
(: -------------------------------------------------------------------------- :)
let $v := u:get-primary($primary)
return
	$v
};


(: -------------------------------------------------------------------------- :)
declare function ext:post($primary,$secondary,$options){
(: -------------------------------------------------------------------------- :)
let $v := u:get-primary($primary)
return
	$v
};


(: -------------------------------------------------------------------------- :)
declare function ext:xproc($primary,$secondary,$options){
(: -------------------------------------------------------------------------- :)
(: NOTE - this function needs to be defined here, but use-function in xproc.xqm :)
    ()
};


(:-------------------------------------------------------------------------- :)
declare function ext:xsltforms($primary,$secondary,$options){
(: TODO- unsure about the logic of this :)
(: -------------------------------------------------------------------------- :)
(
  &lt;?xml-stylesheet href="/exist/xforms/xsltforms/xsltforms.xsl"
type="text/xsl"?&gt;,
  document{u:get-primary($primary)}
)
};



(: -------------------------------------------------------------------------- :)
</xqdoc:body></xqdoc:module><xqdoc:imports><xqdoc:import><xqdoc:uri>http://xproc.net/xproc/util</xqdoc:uri></xqdoc:import></xqdoc:imports><xqdoc:variables><xqdoc:variable><xqdoc:uri>pre</xqdoc:uri></xqdoc:variable><xqdoc:variable><xqdoc:uri>post</xqdoc:uri></xqdoc:variable><xqdoc:variable><xqdoc:uri>xproc</xqdoc:uri></xqdoc:variable><xqdoc:variable><xqdoc:uri>xsltforms</xqdoc:uri></xqdoc:variable></xqdoc:variables><xqdoc:functions><xqdoc:function><xqdoc:name>pre</xqdoc:name><xqdoc:signature>pre($primary,$secondary,$options)</xqdoc:signature><xqdoc:invoked><xqdoc:uri>http://xproc.net/xproc/util</xqdoc:uri><xqdoc:name>get-primary</xqdoc:name></xqdoc:invoked><xqdoc:body xml:space="preserve">declare function ext:pre($primary,$secondary,$options){

let $v := u:get-primary($primary)
return
	$v
};</xqdoc:body></xqdoc:function><xqdoc:function><xqdoc:name>post</xqdoc:name><xqdoc:signature>post($primary,$secondary,$options)</xqdoc:signature><xqdoc:invoked><xqdoc:uri>http://xproc.net/xproc/util</xqdoc:uri><xqdoc:name>get-primary</xqdoc:name></xqdoc:invoked><xqdoc:body xml:space="preserve">declare function ext:post($primary,$secondary,$options){

let $v := u:get-primary($primary)
return
	$v
};</xqdoc:body></xqdoc:function><xqdoc:function><xqdoc:name>xproc</xqdoc:name><xqdoc:signature>xproc($primary,$secondary,$options)</xqdoc:signature><xqdoc:body xml:space="preserve">declare function ext:xproc($primary,$secondary,$options){


    ()
};</xqdoc:body></xqdoc:function><xqdoc:function><xqdoc:name>xsltforms</xqdoc:name><xqdoc:signature>xsltforms($primary,$secondary,$options)</xqdoc:signature><xqdoc:invoked><xqdoc:uri>http://xproc.net/xproc/util</xqdoc:uri><xqdoc:name>get-primary</xqdoc:name></xqdoc:invoked><xqdoc:body xml:space="preserve">declare function ext:xsltforms($primary,$secondary,$options){


(
  &lt;?xml-stylesheet href="/exist/xforms/xsltforms/xsltforms.xsl"
type="text/xsl"?&gt;,
  document{u:get-primary($primary)}
)
};</xqdoc:body></xqdoc:function></xqdoc:functions></xqdoc:xqdoc>