<xqdoc:xqdoc xmlns:xqdoc="http://www.xqdoc.org/1.0"><xqdoc:control><xqdoc:date>Wed Jul 21 13:53:39 CEST 2010</xqdoc:date><xqdoc:version>1.0</xqdoc:version></xqdoc:control><xqdoc:module type="library"><xqdoc:uri>http://exist-db.org/xquery/kwic</xqdoc:uri><xqdoc:name>kwic</xqdoc:name><xqdoc:comment><xqdoc:description>    KWIC module: formats query results to display <em>keywords in context</em> (KWIC). A configurable    amount of text is displayed to the left and right of a matching keyword (or phrase).        The module works with all indexes that support match highlighting (matches are tagged    with an &lt;exist:match&gt; element). This includes the old full text index, the new     Lucene-based full text index, as well as the NGram index.        The <b>kwic:summarize()</b> function represents the main entry point into the module.    To have more control over the text extraction context, you can also call     <b>kwic:get-summary()</b> instead. For example, the following snippet will only print the    first match within a given set of context nodes ($ancestor):        <pre>    let $matches := kwic:get-matches($hit)<br/>    for $ancestor in $matches/ancestor::para | $matches/ancestor::title | $matches/ancestor::td<br/>    return<br/>        kwic:get-summary($ancestor, ($ancestor//exist:match)[1], $config)    </pre></xqdoc:description></xqdoc:comment><xqdoc:body xml:space="preserve">(:~
    KWIC module: formats query results to display &lt;em&gt;keywords in context&lt;/em&gt; (KWIC). A configurable
    amount of text is displayed to the left and right of a matching keyword (or phrase).
    
    The module works with all indexes that support match highlighting (matches are tagged
    with an &amp;lt;exist:match&amp;gt; element). This includes the old full text index, the new 
    Lucene-based full text index, as well as the NGram index.
    
    The &lt;b&gt;kwic:summarize()&lt;/b&gt; function represents the main entry point into the module.
    To have more control over the text extraction context, you can also call 
    &lt;b&gt;kwic:get-summary()&lt;/b&gt; instead. For example, the following snippet will only print the
    first match within a given set of context nodes ($ancestor):
    
    &lt;pre&gt;
    let $matches := kwic:get-matches($hit)&lt;br/&gt;
    for $ancestor in $matches/ancestor::para | $matches/ancestor::title | $matches/ancestor::td&lt;br/&gt;
    return&lt;br/&gt;
        kwic:get-summary($ancestor, ($ancestor//exist:match)[1], $config)
    &lt;/pre&gt;
:)  
module namespace kwic="http://exist-db.org/xquery/kwic";

declare variable $kwic:CHARS_SUMMARY := 120;
declare variable $kwic:CHARS_KWIC := 40;

(:~
	Retrieve the following and preceding text chunks for a given match.

	@param $match the text node containing the match
	@param $mode the selection mode: either "previous" or "following"
:)
declare function kwic:get-context($root as element(), $match as element(exist:match), $mode as xs:string) as node()* {
	let $sibs :=
		if ($mode eq 'previous') then 
			$match/preceding::text()
		else
			$match/text()/following::text()
	for $sib in $sibs
	where exists($root[.//$sib])
	return
		if ($sib/parent::exist:match) then
			&lt;span class="hi"&gt;{$sib}&lt;/span&gt;
		else
			$sib
};

(:~
	Like fn:substring, but takes a node argument. If the node is an element,
	a new element is created with the same node-name as the old one and the
	shortened text content.
:)
declare function kwic:substring($node as item(), $start as xs:int, $count as xs:int) as item()? {
	let $str := substring($node, $start, $count)
	return
		if ($node instance of element()) then
			element { node-name($node) } { $str }
		else
			$str
};

declare function kwic:display-text($text as text()?) as node()? {
    if ($text/parent::exist:match) then
    	&lt;span class="hi"&gt;{$text}&lt;/span&gt;
    else
        $text
};

declare function kwic:callback($callback as function?, $node as node(), $mode as xs:string) as xs:string? {
    if (exists($callback)) then
        util:call($callback, $node, $mode)
    else
        $node
};

(:~
	Generate the left-hand context of the match. Returns a sequence of nodes
	and strings, whose total string length is less than or equal to $max characters.

	Note: this function calls itself recursively until $nodes is empty or
	the returned sequence has the desired total string length.
:)
declare function kwic:truncate-previous($root as node(), $node as node()?, $truncated as item()*, 
	$max as xs:int, $chars as xs:int, $callback as function?) {
	if ($node) then
		let $next := $node/preceding::text()[1]
		return
			if (empty($root//$next)) then
				$truncated
			else if ($chars + string-length($next) gt $max) then
			    let $str := kwic:callback($callback, $next, "before")
			    return
    			    if (exists($str)) then
        				let $remaining := $max - $chars
        				return (
        				    "...",
        				    kwic:substring($str, string-length($str) - $remaining + 1, $remaining),
        				    $truncated
        			    )
        			else
        			    kwic:truncate-previous($root, $next, $truncated, $max, $chars, $callback)
			else
				kwic:truncate-previous($root, $next, 
				    (kwic:callback($callback, $next, "before"), $truncated),
					$max, $chars + string-length($next), $callback)
	else
		$truncated
};

(:~
	Generate the right-hand context of the match. Returns a sequence of nodes
	and strings, whose total string length is less than or equal to $max characters.
	
	Note: this function calls itself recursively until $nodes is empty or
	the returned sequence has the desired total string length.
:)
declare function kwic:truncate-following($root as node(), $node as node()?, $truncated as item()*, 
	$max as xs:int, $chars as xs:int, $callback as function?) {
	if ($node) then
		let $next := $node/following::text()[1]
		return
			if (empty($root//$next)) then
				$truncated
			else if ($chars + string-length($next) gt $max) then
			    let $str := kwic:callback($callback, $next, "after")
			    return
    			    if (exists($str)) then
        				let $remaining := $max - $chars
        				return
        				    ($truncated, kwic:substring($next, 1, $remaining), "...")
        			else
        			    kwic:truncate-following($root, $next, $truncated, $max, $chars, $callback)
			else
				kwic:truncate-following($root, $next, 
				    ($truncated, kwic:callback($callback, $next, "after")),
					$max, $chars + string-length($next), $callback)
	else
		$truncated
};

(:~
	Computes the total string length of the nodes in the argument sequence
:)
declare function kwic:string-length($nodes as item()*) as xs:integer {
	if (exists($nodes)) then
		sum(for $n in $nodes return string-length($n))
	else
		0
};

declare function kwic:get-summary($root as node(), $node as element(exist:match), 
	$config as element(config)) as element() {
	kwic:get-summary($root, $node, $config, ())
};

(:~
	Print a summary of the match in $node. Output a predefined amount of text to
	the left and the right of the match.

	@param $root root element which should be used as context for the match. It defines the
	    boundaries for the text extraction. Text will be taken from this context. 
	@param $node the exist:match element to process.
	@param $config configuration element which determines the behaviour of the function
	@param $callback (optional) reference to a callback function which will be called
	once for every text node before it is appended to the displayed text. The function
	should accept 2 parameters: 1) a single text node, 2) a string indicating the
	current direction in which text is appended, i.e. "before" or "after". The function
	may return the empty sequence if the current node should be ignore (e.g. if it belongs
	to a "footnote" which should not be displayed). Otherwise it should return a single
	string.
:)
declare function kwic:get-summary($root as node(), $node as element(exist:match), 
	$config as element(config), $callback as function?) as element() {
	let $chars := xs:int($config/@width)
	let $table := $config/@table = ('yes', 'true')
	let $prevTrunc := kwic:truncate-previous($root, $node, (), $chars, 0, $callback)
	let $remain := 
		if (not($table)) then 
			$chars * 2 - kwic:string-length($prevTrunc)
		else
			$chars
	let $followingTrunc := kwic:truncate-following($root, $node, (), $remain, 0, $callback)
	return
		if (not($table)) then
			&lt;p&gt;
				&lt;span class="previous"&gt;{$prevTrunc}&lt;/span&gt;
				{
					if ($config/@link) then
						&lt;a class="hi" href="{$config/@link}"&gt;{ $node/text() }&lt;/a&gt;
					else
						&lt;span class="hi"&gt;{ $node/text() }&lt;/span&gt;
				}
				&lt;span class="following"&gt;{$followingTrunc}&lt;/span&gt;
			&lt;/p&gt;
		else
			&lt;tr&gt;
				&lt;td class="previous"&gt;{$prevTrunc}&lt;/td&gt;
				&lt;td class="hi"&gt;
				{
					if ($config/@link) then
						&lt;a href="{$config/@link}"&gt;{$node/text()}&lt;/a&gt;
					else
						$node/text()
				}
				&lt;/td&gt;
				&lt;td class="following"&gt;{$followingTrunc}&lt;/td&gt;
			&lt;/tr&gt;
};

(:~
    Expand the element in $hit. Creates an in-memory copy of the element and marks
    all matches with an exist:match tag, which will be used by all other functions in
    this module. You need to call kwic:expand before kwic:get-summary. 
    kwic:summarize will call it automatically.
:)
declare function kwic:expand($hit as element()) as element() {
    util:expand($hit, "expand-xincludes=no")
};

(:~
    Return all matches within the specified element, $hit. Matches are returned as
    exist:match elements. The returned nodes are part of a new document whose
    root element is a copy of the specified $hit element.
    
    @param $hit an arbitrary XML element which has been selected by one of the full text
		operations or an ngram search.
:)
declare function kwic:get-matches($hit as element()) as element(exist:match)* {
    let $expanded := kwic:expand($hit)
	return $expanded//exist:match
};

declare function kwic:summarize($hit as element(), $config as element(config)) as element()* {
    kwic:summarize($hit, $config, ())
};

(:~
	Main function of the KWIC module: takes the passed element and returns an 
	XHTML fragment containing a chunk of text before and after the first full text
	match in the node.

	The optional config parameter is used to configure the behaviour of the function:
	
	&amp;lt;config width="character width" table="yes|no" link="URL to which the match is linked"/&amp;gt;

	By default, kwic:summarize returns an XHTML fragment with the following structure:

	&amp;lt;p xmlns="http://www.w3.org/1999/xhtml"&amp;gt;
		&amp;lt;span class="previous"&amp;gt;Text before match&amp;lt;/span&amp;gt;
		&amp;lt;a href="passed URL if any" class="hi"&amp;gt;The highlighted term&amp;lt;/a&amp;gt;
		&amp;lt;span class="following"&amp;gt;Text after match&amp;lt;/span&amp;gt;
	&amp;lt;/p&amp;gt;

	If table=yes is passed with the config element, a tr table row will be returned instead
	of a span (using the same class names).

	@param $hit an arbitrary XML element which has been selected by one of the full text
		operations or an ngram search.
	@param $config configuration element to configure the behaviour of the function
:)
declare function kwic:summarize($hit as element(), $config as element(config), 
    $callback as function?) as element()* {
    let $expanded := util:expand($hit, "expand-xincludes=no")
	for $match in $expanded//exist:match
	return
		kwic:get-summary($expanded, $match, $config, $callback)
};
</xqdoc:body></xqdoc:module><xqdoc:variables><xqdoc:variable><xqdoc:uri>CHARS_SUMMARY</xqdoc:uri></xqdoc:variable><xqdoc:variable><xqdoc:uri>CHARS_KWIC</xqdoc:uri></xqdoc:variable></xqdoc:variables><xqdoc:functions><xqdoc:function><xqdoc:comment><xqdoc:description>	Retrieve the following and preceding text chunks for a given match.</xqdoc:description><xqdoc:param> $match the text node containing the match</xqdoc:param><xqdoc:param> $mode the selection mode: either "previous" or "following"</xqdoc:param></xqdoc:comment><xqdoc:name>get-context</xqdoc:name><xqdoc:signature>get-context($root as element(), $match as element(exist:match), $mode as xs:string) as node()*</xqdoc:signature><xqdoc:body xml:space="preserve">declare function kwic:get-context($root as element(), $match as element(exist:match), $mode as xs:string) as node()*{
	let $sibs :=
		if ($mode eq 'previous') then 
			$match/preceding::text()
		else
			$match/text()/following::text()
	for $sib in $sibs
	where exists($root[.//$sib])
	return
		if ($sib/parent::exist:match) then
			&lt;span class="hi"&gt;{$sib}&lt;/span&gt;
		else
			$sib
};</xqdoc:body></xqdoc:function><xqdoc:function><xqdoc:comment><xqdoc:description>	Like fn:substring, but takes a node argument. If the node is an element,	a new element is created with the same node-name as the old one and the	shortened text content.</xqdoc:description></xqdoc:comment><xqdoc:name>substring</xqdoc:name><xqdoc:signature>substring($node as item(), $start as xs:int, $count as xs:int) as item()?</xqdoc:signature><xqdoc:body xml:space="preserve">declare function kwic:substring($node as item(), $start as xs:int, $count as xs:int) as item()?{
	let $str := substring($node, $start, $count)
	return
		if ($node instance of element()) then
			element { node-name($node) } { $str }
		else
			$str
};</xqdoc:body></xqdoc:function><xqdoc:function><xqdoc:name>display-text</xqdoc:name><xqdoc:signature>display-text($text as text()?) as node()?</xqdoc:signature><xqdoc:body xml:space="preserve">declare function kwic:display-text($text as text()?) as node()?{
    if ($text/parent::exist:match) then
    	&lt;span class="hi"&gt;{$text}&lt;/span&gt;
    else
        $text
};</xqdoc:body></xqdoc:function><xqdoc:function><xqdoc:name>callback</xqdoc:name><xqdoc:signature>callback($callback as function?, $node as node(), $mode as xs:string) as xs:string?</xqdoc:signature><xqdoc:body xml:space="preserve">declare function kwic:callback($callback as function?, $node as node(), $mode as xs:string) as xs:string?{
    if (exists($callback)) then
        util:call($callback, $node, $mode)
    else
        $node
};</xqdoc:body></xqdoc:function><xqdoc:function><xqdoc:comment><xqdoc:description>	Generate the left-hand context of the match. Returns a sequence of nodes	and strings, whose total string length is less than or equal to $max characters.	Note: this function calls itself recursively until $nodes is empty or	the returned sequence has the desired total string length.</xqdoc:description></xqdoc:comment><xqdoc:name>truncate-previous</xqdoc:name><xqdoc:signature>truncate-previous($root as node(), $node as node()?, $truncated as item()*, 
	$max as xs:int, $chars as xs:int, $callback as function?)</xqdoc:signature><xqdoc:invoked><xqdoc:uri>http://exist-db.org/xquery/kwic</xqdoc:uri><xqdoc:name>callback</xqdoc:name></xqdoc:invoked><xqdoc:invoked><xqdoc:uri>http://exist-db.org/xquery/kwic</xqdoc:uri><xqdoc:name>truncate-previous</xqdoc:name></xqdoc:invoked><xqdoc:invoked><xqdoc:uri>http://exist-db.org/xquery/kwic</xqdoc:uri><xqdoc:name>substring</xqdoc:name></xqdoc:invoked><xqdoc:body xml:space="preserve">declare function kwic:truncate-previous($root as node(), $node as node()?, $truncated as item()*, 
	$max as xs:int, $chars as xs:int, $callback as function?){
	if ($node) then
		let $next := $node/preceding::text()[1]
		return
			if (empty($root//$next)) then
				$truncated
			else if ($chars + string-length($next) gt $max) then
			    let $str := kwic:callback($callback, $next, "before")
			    return
    			    if (exists($str)) then
        				let $remaining := $max - $chars
        				return (
        				    "...",
        				    kwic:substring($str, string-length($str) - $remaining + 1, $remaining),
        				    $truncated
        			    )
        			else
        			    kwic:truncate-previous($root, $next, $truncated, $max, $chars, $callback)
			else
				kwic:truncate-previous($root, $next, 
				    (kwic:callback($callback, $next, "before"), $truncated),
					$max, $chars + string-length($next), $callback)
	else
		$truncated
};</xqdoc:body></xqdoc:function><xqdoc:function><xqdoc:comment><xqdoc:description>	Generate the right-hand context of the match. Returns a sequence of nodes	and strings, whose total string length is less than or equal to $max characters.		Note: this function calls itself recursively until $nodes is empty or	the returned sequence has the desired total string length.</xqdoc:description></xqdoc:comment><xqdoc:name>truncate-following</xqdoc:name><xqdoc:signature>truncate-following($root as node(), $node as node()?, $truncated as item()*, 
	$max as xs:int, $chars as xs:int, $callback as function?)</xqdoc:signature><xqdoc:invoked><xqdoc:uri>http://exist-db.org/xquery/kwic</xqdoc:uri><xqdoc:name>callback</xqdoc:name></xqdoc:invoked><xqdoc:invoked><xqdoc:uri>http://exist-db.org/xquery/kwic</xqdoc:uri><xqdoc:name>substring</xqdoc:name></xqdoc:invoked><xqdoc:invoked><xqdoc:uri>http://exist-db.org/xquery/kwic</xqdoc:uri><xqdoc:name>truncate-following</xqdoc:name></xqdoc:invoked><xqdoc:body xml:space="preserve">declare function kwic:truncate-following($root as node(), $node as node()?, $truncated as item()*, 
	$max as xs:int, $chars as xs:int, $callback as function?){
	if ($node) then
		let $next := $node/following::text()[1]
		return
			if (empty($root//$next)) then
				$truncated
			else if ($chars + string-length($next) gt $max) then
			    let $str := kwic:callback($callback, $next, "after")
			    return
    			    if (exists($str)) then
        				let $remaining := $max - $chars
        				return
        				    ($truncated, kwic:substring($next, 1, $remaining), "...")
        			else
        			    kwic:truncate-following($root, $next, $truncated, $max, $chars, $callback)
			else
				kwic:truncate-following($root, $next, 
				    ($truncated, kwic:callback($callback, $next, "after")),
					$max, $chars + string-length($next), $callback)
	else
		$truncated
};</xqdoc:body></xqdoc:function><xqdoc:function><xqdoc:comment><xqdoc:description>	Computes the total string length of the nodes in the argument sequence</xqdoc:description></xqdoc:comment><xqdoc:name>string-length</xqdoc:name><xqdoc:signature>string-length($nodes as item()*) as xs:integer</xqdoc:signature><xqdoc:body xml:space="preserve">declare function kwic:string-length($nodes as item()*) as xs:integer{
	if (exists($nodes)) then
		sum(for $n in $nodes return string-length($n))
	else
		0
};</xqdoc:body></xqdoc:function><xqdoc:function><xqdoc:name>get-summary</xqdoc:name><xqdoc:signature>get-summary($root as node(), $node as element(exist:match), 
	$config as element(config)) as element()</xqdoc:signature><xqdoc:invoked><xqdoc:uri>http://exist-db.org/xquery/kwic</xqdoc:uri><xqdoc:name>get-summary</xqdoc:name></xqdoc:invoked><xqdoc:body xml:space="preserve">declare function kwic:get-summary($root as node(), $node as element(exist:match), 
	$config as element(config)) as element(){
	kwic:get-summary($root, $node, $config, ())
};</xqdoc:body></xqdoc:function><xqdoc:function><xqdoc:comment><xqdoc:description>	Print a summary of the match in $node. Output a predefined amount of text to	the left and the right of the match.</xqdoc:description><xqdoc:param> $root root element which should be used as context for the match. It defines the	    boundaries for the text extraction. Text will be taken from this context. </xqdoc:param><xqdoc:param> $node the exist:match element to process.</xqdoc:param><xqdoc:param> $config configuration element which determines the behaviour of the function</xqdoc:param><xqdoc:param> $callback (optional) reference to a callback function which will be called	once for every text node before it is appended to the displayed text. The function	should accept 2 parameters: 1) a single text node, 2) a string indicating the	current direction in which text is appended, i.e. "before" or "after". The function	may return the empty sequence if the current node should be ignore (e.g. if it belongs	to a "footnote" which should not be displayed). Otherwise it should return a single	string.</xqdoc:param></xqdoc:comment><xqdoc:name>get-summary</xqdoc:name><xqdoc:signature>get-summary($root as node(), $node as element(exist:match), 
	$config as element(config), $callback as function?) as element()</xqdoc:signature><xqdoc:invoked><xqdoc:uri>http://exist-db.org/xquery/kwic</xqdoc:uri><xqdoc:name>truncate-previous</xqdoc:name></xqdoc:invoked><xqdoc:invoked><xqdoc:uri>http://exist-db.org/xquery/kwic</xqdoc:uri><xqdoc:name>truncate-following</xqdoc:name></xqdoc:invoked><xqdoc:invoked><xqdoc:uri>http://exist-db.org/xquery/kwic</xqdoc:uri><xqdoc:name>string-length</xqdoc:name></xqdoc:invoked><xqdoc:body xml:space="preserve">declare function kwic:get-summary($root as node(), $node as element(exist:match), 
	$config as element(config), $callback as function?) as element(){
	let $chars := xs:int($config/@width)
	let $table := $config/@table = ('yes', 'true')
	let $prevTrunc := kwic:truncate-previous($root, $node, (), $chars, 0, $callback)
	let $remain := 
		if (not($table)) then 
			$chars * 2 - kwic:string-length($prevTrunc)
		else
			$chars
	let $followingTrunc := kwic:truncate-following($root, $node, (), $remain, 0, $callback)
	return
		if (not($table)) then
			&lt;p&gt;
				&lt;span class="previous"&gt;{$prevTrunc}&lt;/span&gt;
				{
					if ($config/@link) then
						&lt;a class="hi" href="{$config/@link}"&gt;{ $node/text() }&lt;/a&gt;
					else
						&lt;span class="hi"&gt;{ $node/text() }&lt;/span&gt;
				}
				&lt;span class="following"&gt;{$followingTrunc}&lt;/span&gt;
			&lt;/p&gt;
		else
			&lt;tr&gt;
				&lt;td class="previous"&gt;{$prevTrunc}&lt;/td&gt;
				&lt;td class="hi"&gt;
				{
					if ($config/@link) then
						&lt;a href="{$config/@link}"&gt;{$node/text()}&lt;/a&gt;
					else
						$node/text()
				}
				&lt;/td&gt;
				&lt;td class="following"&gt;{$followingTrunc}&lt;/td&gt;
			&lt;/tr&gt;
};</xqdoc:body></xqdoc:function><xqdoc:function><xqdoc:comment><xqdoc:description>    Expand the element in $hit. Creates an in-memory copy of the element and marks    all matches with an exist:match tag, which will be used by all other functions in    this module. You need to call kwic:expand before kwic:get-summary.     kwic:summarize will call it automatically.</xqdoc:description></xqdoc:comment><xqdoc:name>expand</xqdoc:name><xqdoc:signature>expand($hit as element()) as element()</xqdoc:signature><xqdoc:body xml:space="preserve">declare function kwic:expand($hit as element()) as element(){
    util:expand($hit, "expand-xincludes=no")
};</xqdoc:body></xqdoc:function><xqdoc:function><xqdoc:comment><xqdoc:description>    Return all matches within the specified element, $hit. Matches are returned as    exist:match elements. The returned nodes are part of a new document whose    root element is a copy of the specified $hit element.    </xqdoc:description><xqdoc:param> $hit an arbitrary XML element which has been selected by one of the full text		operations or an ngram search.</xqdoc:param></xqdoc:comment><xqdoc:name>get-matches</xqdoc:name><xqdoc:signature>get-matches($hit as element()) as element(exist:match)*</xqdoc:signature><xqdoc:invoked><xqdoc:uri>http://exist-db.org/xquery/kwic</xqdoc:uri><xqdoc:name>expand</xqdoc:name></xqdoc:invoked><xqdoc:body xml:space="preserve">declare function kwic:get-matches($hit as element()) as element(exist:match)*{
    let $expanded := kwic:expand($hit)
	return $expanded//exist:match
};</xqdoc:body></xqdoc:function><xqdoc:function><xqdoc:name>summarize</xqdoc:name><xqdoc:signature>summarize($hit as element(), $config as element(config)) as element()*</xqdoc:signature><xqdoc:invoked><xqdoc:uri>http://exist-db.org/xquery/kwic</xqdoc:uri><xqdoc:name>summarize</xqdoc:name></xqdoc:invoked><xqdoc:body xml:space="preserve">declare function kwic:summarize($hit as element(), $config as element(config)) as element()*{
    kwic:summarize($hit, $config, ())
};</xqdoc:body></xqdoc:function><xqdoc:function><xqdoc:comment><xqdoc:description>	Main function of the KWIC module: takes the passed element and returns an 	XHTML fragment containing a chunk of text before and after the first full text	match in the node.	The optional config parameter is used to configure the behaviour of the function:		&lt;config width="character width" table="yes|no" link="URL to which the match is linked"/&gt;	By default, kwic:summarize returns an XHTML fragment with the following structure:	&lt;p xmlns="http://www.w3.org/1999/xhtml"&gt;		&lt;span class="previous"&gt;Text before match&lt;/span&gt;		&lt;a href="passed URL if any" class="hi"&gt;The highlighted term&lt;/a&gt;		&lt;span class="following"&gt;Text after match&lt;/span&gt;	&lt;/p&gt;	If table=yes is passed with the config element, a tr table row will be returned instead	of a span (using the same class names).</xqdoc:description><xqdoc:param> $hit an arbitrary XML element which has been selected by one of the full text		operations or an ngram search.</xqdoc:param><xqdoc:param> $config configuration element to configure the behaviour of the function</xqdoc:param></xqdoc:comment><xqdoc:name>summarize</xqdoc:name><xqdoc:signature>summarize($hit as element(), $config as element(config), 
    $callback as function?) as element()*</xqdoc:signature><xqdoc:invoked><xqdoc:uri>http://exist-db.org/xquery/kwic</xqdoc:uri><xqdoc:name>get-summary</xqdoc:name></xqdoc:invoked><xqdoc:body xml:space="preserve">declare function kwic:summarize($hit as element(), $config as element(config), 
    $callback as function?) as element()*{
    let $expanded := util:expand($hit, "expand-xincludes=no")
	for $match in $expanded//exist:match
	return
		kwic:get-summary($expanded, $match, $config, $callback)
};</xqdoc:body></xqdoc:function></xqdoc:functions></xqdoc:xqdoc>