<xqdoc xmlns="http://www.xqdoc.org/1.0"><control><date>2010-07-21T13:53:37.75+02:00</date><version>1.0</version></control><module type="library"><uri>http://exist-db.org/xquery/lucene</uri><name>ft</name><comment><description>A module for full text indexed searching based on Lucene.</description><since>eXist-1.4</since></comment></module><functions><function><comment><description>Calls Lucene's optimize method to merge all index segments into a single one. This function should be called after adding a larger bunch of documents or if no further changes are expected for a while. The optimize will block the index for other write operations and may take some time. You need to be a user in group dba to call this function.</description><return/></comment><name>optimize</name><signature>ft:optimize() empty()</signature></function><function><comment><description>Queries a node set using a Lucene full text index; a lucene index must already be defined on the nodes, because if no index is available on a node, nothing will be found. Indexes on descendant nodes are not used. The context of the Lucene query is determined by the given input node set. The query is specified either as a query string based on Lucene's default query syntax or as an XML fragment. See http://exist-db.org/lucene.html#N1029E for complete documentation.</description><param>$nodes The node set to search using a Lucene full text index which is defined on those nodes</param><param>$query The query to search for, provided either as a string or text in Lucene's default query syntax or as an XML fragment to bypass Lucene's default query parser</param><return>all nodes from the input node set matching the query. match highlighting information will be available for all returned nodes. Lucene's match score can be retrieved via the ft:score function.</return></comment><name>query</name><signature>ft:query($nodes as node()*, $query as item()) node()*</signature></function><function><comment><description>Queries a node set using a Lucene full text index; a lucene index must already be defined on the nodes, because if no index is available on a node, nothing will be found. Indexes on descendant nodes are not used. The context of the Lucene query is determined by the given input node set. The query is specified either as a query string based on Lucene's default query syntax or as an XML fragment. See http://exist-db.org/lucene.html#N1029E for complete documentation.</description><param>$nodes The node set to search using a Lucene full text index which is defined on those nodes</param><param>$query The query to search for, provided either as a string or text in Lucene's default query syntax or as an XML fragment to bypass Lucene's default query parser</param><param>$options An XML fragment containing options to be passed to Lucene's query parser. The following options are supported (a description can be found in the docs):
&lt;options&gt;
   &lt;default-operator&gt;and|or&lt;/default-operator&gt;
   &lt;phrase-slop&gt;number&lt;/phrase-slop&gt;
   &lt;leading-wildcard&gt;yes|no&lt;/leading-wildcard&gt;
   &lt;filter-rewrite&gt;yes|no&lt;/filter-rewrite&gt;
&lt;/options&gt;</param><return>all nodes from the input node set matching the query. match highlighting information will be available for all returned nodes. Lucene's match score can be retrieved via the ft:score function.</return></comment><name>query</name><signature>ft:query($nodes as node()*, $query as item(), $options as node()?) node()*</signature></function><function><comment><description>Returns a computed relevance score for the given node. The score is the sum of all relevance scores provided by Lucene for the node and its descendants. In general, the score will be a number between 0.0 and 1.0 if the query had $node as context. If the query targeted multiple descendants of $node (e.g. 'title' and 'author' within a 'book'), the score will be the sum of all sub-scores and may thus be greater than 1.</description><param>$node the context node</param><return>sum of all relevance scores provided by Lucene for all matches below the given context node</return></comment><name>score</name><signature>ft:score($node as node()) xs:float*</signature></function></functions></xqdoc>