<xqdoc xmlns="http://www.xqdoc.org/1.0"><control><date>2010-07-21T13:53:37.39+02:00</date><version>1.0</version></control><module type="library"><uri>http://www.w3.org/1999/XSL/Transform</uri><name>xsl</name><comment><description>XSLT Module</description><since>eXist-1.5.0</since></comment></module><functions><function><comment><description>The function, used within an XPath expression, returns the item that was the context item at the point where the expression was invoked from the XSLT stylesheet.</description></comment><name>current</name><signature>xsl:current() item()</signature></function><function><comment><description>The function allows access to XML documents identified by a URI.</description><param>$a</param></comment><name>document</name><signature>xsl:document($a as node()*) node()*</signature></function><function><comment><description>The function allows access to XML documents identified by a URI.</description><param>$a</param><param>$b</param></comment><name>document</name><signature>xsl:document($a as node()*, $b as node()) node()*</signature></function><function><comment><description>The functions formats a date as a string using the picture string.</description><param>$date The date value</param><param>$picture The picture string</param><return>The formatted string</return></comment><name>format-date</name><signature>xsl:format-date($date as xs:date?, $picture as xs:string) xs:string?</signature></function><function><comment><description>The functions formats a date as a string using the picture string.</description><param>$date The date value</param><param>$picture The picture string</param><param>$language The language parameter</param><param>$calendar The calendar parameter</param><param>$country The country parameter</param><return>The formatted string</return></comment><name>format-date</name><signature>xsl:format-date($date as xs:date?, $picture as xs:string, $language as xs:string?, $calendar as xs:string?, $country as xs:string?) xs:string?</signature></function><function><comment><description>The functions formats a dateTime as a string using the picture string.</description><param>$date-TIME The date-time value</param><param>$picture The picture string</param><return>The formatted string</return></comment><name>format-dateTime</name><signature>xsl:format-dateTime($date-TIME as xs:dateTime?, $picture as xs:string) xs:string?</signature></function><function><comment><description>The functions formats a dateTime as a string using the picture string.</description><param>$date-TIME The date-time value</param><param>$picture The picture string</param><param>$language The language parameter</param><param>$calendar The calendar parameter</param><param>$country The country parameter</param><return>The formatted string</return></comment><name>format-dateTime</name><signature>xsl:format-dateTime($date-TIME as xs:dateTime?, $picture as xs:string, $language as xs:string?, $calendar as xs:string?, $country as xs:string?) xs:string?</signature></function><function><comment><description>The format-number function converts its first argument to a string using the format pattern string specified by the second argument and the decimal-format named by the third argument, or the default decimal-format, if there is no third argument. The format pattern string is in the syntax specified by the JDK 1.1 DecimalFormat class. The format pattern string is in a localized notation: the decimal-format determines what characters have a special meaning in the pattern (with the exception of the quote character, which is not localized). The format pattern must not contain the currency sign (#x00A4); support for this feature was added after the initial release of JDK 1.1. The decimal-format name must be a QName, which is expanded as described in [2.4 Qualified Names]. It is an error if the stylesheet does not contain a declaration of the decimal-format with the specified expanded-name.</description><param>$number The number to format</param><param>$format The format pattern string.  Please see the JavaDoc for java.text.DecimalFormat to get the specifics of this format string.</param><return>the formatted string</return></comment><name>format-number</name><signature>xsl:format-number($number as numeric?, $format as xs:string) xs:string</signature></function><function><comment><description>The format-number function converts its first argument to a string using the format pattern string specified by the second argument and the decimal-format named by the third argument, or the default decimal-format, if there is no third argument. The format pattern string is in the syntax specified by the JDK 1.1 DecimalFormat class. The format pattern string is in a localized notation: the decimal-format determines what characters have a special meaning in the pattern (with the exception of the quote character, which is not localized). The format pattern must not contain the currency sign (#x00A4); support for this feature was added after the initial release of JDK 1.1. The decimal-format name must be a QName, which is expanded as described in [2.4 Qualified Names]. It is an error if the stylesheet does not contain a declaration of the decimal-format with the specified expanded-name. NOTE: The decimalformat parameter is currently not implemented and is ignored.</description><param>$number The number to format</param><param>$format The format pattern string.  Please see the JavaDoc for java.text.DecimalFormat to get the specifics of this format string.</param><param>$decimalformat The decimal-format name must be a QName, which is expanded as described in [2.4 Qualified Names]. It is an error if the stylesheet does not contain a declaration of the decimal-format with the specified expanded-name.</param><return>the formatted string</return></comment><name>format-number</name><signature>xsl:format-number($number as numeric?, $format as xs:string, $decimalformat as xs:string) xs:string</signature></function><function><comment><description>The functions formats a time as a string using the picture string.</description><param>$time The time value</param><param>$picture The picture string</param><return>The formatted string</return></comment><name>format-time</name><signature>xsl:format-time($time as xs:time?, $picture as xs:string) xs:string?</signature></function><function><comment><description>The functions formats a time as a string using the picture string.</description><param>$time The time value</param><param>$picture The picture string</param><param>$language The language parameter</param><param>$calendar The calendar parameter</param><param>$country The country parameter</param><return>The formatted string</return></comment><name>format-time</name><signature>xsl:format-time($time as xs:time?, $picture as xs:string, $language as xs:string?, $calendar as xs:string?, $country as xs:string?) xs:string?</signature></function><function><comment><description>The function returns a string that uniquely identifies a given node.</description></comment><name>generate-id</name><signature>xsl:generate-id() item()</signature></function><function><comment><description>The function does for keys what the id FO function does for IDs</description><param>$a</param><param>$b</param></comment><name>key</name><signature>xsl:key($a as xs:string, $b as xdt:anyAtomicType*) node()*</signature></function><function><comment><description>The function does for keys what the id FO function does for IDs</description><param>$a</param><param>$b</param><param>$c</param></comment><name>key</name><signature>xsl:key($a as xs:string, $b as xdt:anyAtomicType*, $c as node()) node()?</signature></function><function><comment><description>The function returns a string representing the value of the system property identified by the name.</description><param>$a</param></comment><name>system-property</name><signature>xsl:system-property($a as xs:string) xs:string</signature></function><function><comment><description>The function returns the public identifier of the unparsed entity whose name is given by the value of the $entity-name argument, in the document containing the context node.</description><param>$a</param></comment><name>unparsed-entity-public-id</name><signature>xsl:unparsed-entity-public-id($a as xs:string) xs:string</signature></function><function><comment><description>The function returns the URI of the unparsed entity whose name is given by the value of the $entity-name argument, in the document containing the context node.</description><param>$a</param></comment><name>unparsed-entity-uri</name><signature>xsl:unparsed-entity-uri($a as xs:string) xs:anyURI</signature></function><function><comment><description>The function reads an external resource (for example, a file) and returns its contents as a string.</description><param>$a</param></comment><name>unparsed-text</name><signature>xsl:unparsed-text($a as xs:string?) xs:string?</signature></function><function><comment><description>The function reads an external resource (for example, a file) and returns its contents as a string.</description><param>$a</param><param>$b</param></comment><name>unparsed-text</name><signature>xsl:unparsed-text($a as xs:string?, $b as xs:string) xs:string?</signature></function><function><comment><description>The function determines whether a call on the unparsed-text function with identical arguments would return a string.</description><param>$a</param></comment><name>unparsed-text-available</name><signature>xsl:unparsed-text-available($a as xs:string?) xs:boolean</signature></function><function><comment><description>The function determines whether a call on the unparsed-text function with identical arguments would return a string.</description><param>$a</param><param>$b</param></comment><name>unparsed-text-available</name><signature>xsl:unparsed-text-available($a as xs:string?, $b as xs:string?) xs:boolean</signature></function></functions></xqdoc>