<collection xmlns="http://exist.sourceforge.net/NS/exist" name="/db/xqdocs" owner="admin" group="dba" mode="774" created="2010-07-21T13:53:37+02:00" version="1">
    <resource type="XMLResource" name="14ce3c810b9cca2c989c2c37a1e68faa.xml" owner="admin" group="dba" mode="774" created="2010-07-21T13:53:37+02:00" modified="2010-07-21T13:53:37+02:00" filename="14ce3c810b9cca2c989c2c37a1e68faa.xml" mimetype="application/xml"/>
    <resource type="XMLResource" name="16b3ca53333a303677793ab5d4c2bb4c.xml" owner="admin" group="dba" mode="774" created="2010-07-21T13:53:37+02:00" modified="2010-07-21T13:53:37+02:00" filename="16b3ca53333a303677793ab5d4c2bb4c.xml" mimetype="application/xml"/>
    <resource type="XMLResource" name="1e3494f2b9d6b9fada4c9fa1b226d39c.xml" owner="admin" group="dba" mode="774" created="2010-07-21T13:53:37+02:00" modified="2010-07-21T13:53:37+02:00" filename="1e3494f2b9d6b9fada4c9fa1b226d39c.xml" mimetype="application/xml"/>
    <resource type="XMLResource" name="209a14e1b8e4a04d094d2375a37f6f07.xml" owner="admin" group="dba" mode="774" created="2010-07-21T13:53:37+02:00" modified="2010-07-21T13:53:37+02:00" filename="209a14e1b8e4a04d094d2375a37f6f07.xml" mimetype="application/xml"/>
    <resource type="XMLResource" name="255ef2853c533dd2bba6510bb216a4fc.xml" owner="admin" group="dba" mode="774" created="2010-07-21T13:53:39+02:00" modified="2010-07-21T13:53:39+02:00" filename="255ef2853c533dd2bba6510bb216a4fc.xml" mimetype="application/xml"/>
    <resource type="XMLResource" name="46640b32c507778b8952e1e61206bcf7.xml" owner="admin" group="dba" mode="774" created="2010-07-21T13:53:39+02:00" modified="2010-07-21T13:53:39+02:00" filename="46640b32c507778b8952e1e61206bcf7.xml" mimetype="application/xml"/>
    <resource type="XMLResource" name="4d6c6c7beb4c8feb28e7cc3fa1187471.xml" owner="admin" group="dba" mode="774" created="2010-07-21T13:53:39+02:00" modified="2010-07-21T13:53:39+02:00" filename="4d6c6c7beb4c8feb28e7cc3fa1187471.xml" mimetype="application/xml"/>
    <resource type="XMLResource" name="5503e7ae068e84dff0471f94dca7a037.xml" owner="admin" group="dba" mode="774" created="2010-07-21T13:53:38+02:00" modified="2010-07-21T13:53:38+02:00" filename="5503e7ae068e84dff0471f94dca7a037.xml" mimetype="application/xml"/>
    <resource type="XMLResource" name="5ef4656c7d0b6b8fe01298d17d73bbaa.xml" owner="admin" group="dba" mode="774" created="2010-07-21T13:53:39+02:00" modified="2010-07-21T13:53:39+02:00" filename="5ef4656c7d0b6b8fe01298d17d73bbaa.xml" mimetype="application/xml"/>
    <resource type="XMLResource" name="66c69cd84def031b27c8edaa708fd295.xml" owner="admin" group="dba" mode="774" created="2010-07-21T13:53:37+02:00" modified="2010-07-21T13:53:37+02:00" filename="66c69cd84def031b27c8edaa708fd295.xml" mimetype="application/xml"/>
    <resource type="XMLResource" name="734059540d09083df67a1299bd814164.xml" owner="admin" group="dba" mode="774" created="2010-07-21T13:53:37+02:00" modified="2010-07-21T13:53:37+02:00" filename="734059540d09083df67a1299bd814164.xml" mimetype="application/xml"/>
    <resource type="XMLResource" name="775daf4c074cd71d1367a9064472ea32.xml" owner="admin" group="dba" mode="774" created="2010-07-21T13:53:37+02:00" modified="2010-07-21T13:53:37+02:00" filename="775daf4c074cd71d1367a9064472ea32.xml" mimetype="application/xml"/>
    <resource type="XMLResource" name="80b018b4181ae8b8f85f7f5115988846.xml" owner="admin" group="dba" mode="774" created="2010-07-21T13:53:38+02:00" modified="2010-07-21T13:53:38+02:00" filename="80b018b4181ae8b8f85f7f5115988846.xml" mimetype="application/xml"/>
    <resource type="XMLResource" name="8170a2177cf225b406594a8b9a475f43.xml" owner="admin" group="dba" mode="774" created="2010-07-21T13:53:37+02:00" modified="2010-07-21T13:53:37+02:00" filename="8170a2177cf225b406594a8b9a475f43.xml" mimetype="application/xml"/>
    <resource type="XMLResource" name="86ee3300b522c4e512d0a1345a8206d3.xml" owner="admin" group="dba" mode="774" created="2010-07-21T13:53:39+02:00" modified="2010-07-21T13:53:39+02:00" filename="86ee3300b522c4e512d0a1345a8206d3.xml" mimetype="application/xml"/>
    <resource type="XMLResource" name="90872676104630267fa74560480b0b3f.xml" owner="admin" group="dba" mode="774" created="2010-07-21T13:53:39+02:00" modified="2010-07-21T13:53:39+02:00" filename="90872676104630267fa74560480b0b3f.xml" mimetype="application/xml"/>
    <resource type="XMLResource" name="96eb408d709b2c232961633435d38ed0.xml" owner="admin" group="dba" mode="774" created="2010-07-21T13:53:37+02:00" modified="2010-07-21T13:53:37+02:00" filename="96eb408d709b2c232961633435d38ed0.xml" mimetype="application/xml"/>
    <resource type="XMLResource" name="97632b9c945ac6d814fd18daa389a63c.xml" owner="admin" group="dba" mode="774" created="2010-07-21T13:53:37+02:00" modified="2010-07-21T13:53:37+02:00" filename="97632b9c945ac6d814fd18daa389a63c.xml" mimetype="application/xml"/>
    <resource type="XMLResource" name="a5bc7411a2f2a45a9e920f0ac97e2ec7.xml" owner="admin" group="dba" mode="774" created="2010-07-21T13:53:39+02:00" modified="2010-07-21T13:53:39+02:00" filename="a5bc7411a2f2a45a9e920f0ac97e2ec7.xml" mimetype="application/xml"/>
    <resource type="XMLResource" name="acknowledge.xml" owner="admin" group="dba" mode="774" created="2010-07-21T13:53:39+02:00" modified="2010-07-21T13:53:39+02:00" filename="acknowledge.xml" mimetype="text/xml"/>
    <resource type="XMLResource" name="ant-tasks.xml" owner="admin" group="dba" mode="774" created="2010-07-21T13:53:39+02:00" modified="2010-07-21T13:53:39+02:00" filename="ant-tasks.xml" mimetype="text/xml"/>
    <resource type="XMLResource" name="atompub.xml" owner="admin" group="dba" mode="774" created="2010-07-21T13:53:39+02:00" modified="2010-07-21T13:53:39+02:00" filename="atompub.xml" mimetype="text/xml"/>
    <resource type="XMLResource" name="b426637a1a28f8af4b5eacd2b26e9fde.xml" owner="admin" group="dba" mode="774" created="2010-07-21T13:53:38+02:00" modified="2010-07-21T13:53:38+02:00" filename="b426637a1a28f8af4b5eacd2b26e9fde.xml" mimetype="application/xml"/>
    <resource type="XMLResource" name="b8d32965439d1515af13af1a195a1b3a.xml" owner="admin" group="dba" mode="774" created="2010-07-21T13:53:39+02:00" modified="2010-07-21T13:53:39+02:00" filename="b8d32965439d1515af13af1a195a1b3a.xml" mimetype="application/xml"/>
    <resource type="XMLResource" name="ba6f42abd2b4edaf2a10cd866a65ef5a.xml" owner="admin" group="dba" mode="774" created="2010-07-21T13:53:39+02:00" modified="2010-07-21T13:53:39+02:00" filename="ba6f42abd2b4edaf2a10cd866a65ef5a.xml" mimetype="application/xml"/>
    <resource type="XMLResource" name="backup.xml" owner="admin" group="dba" mode="774" created="2010-07-21T13:53:39+02:00" modified="2010-07-21T13:53:39+02:00" filename="backup.xml" mimetype="text/xml"/>
    <resource type="XMLResource" name="beginners-guide-to-xrx-v4.xml" owner="admin" group="dba" mode="774" created="2010-07-21T13:53:40+02:00" modified="2010-07-21T13:53:40+02:00" filename="beginners-guide-to-xrx-v4.xml" mimetype="text/xml"/>
    <resource type="XMLResource" name="building.xml" owner="admin" group="dba" mode="774" created="2010-07-21T13:53:40+02:00" modified="2010-07-21T13:53:40+02:00" filename="building.xml" mimetype="text/xml"/>
    <resource type="XMLResource" name="c021845d160ac16025cc4873af1a129e.xml" owner="admin" group="dba" mode="774" created="2010-07-21T13:53:37+02:00" modified="2010-07-21T13:53:37+02:00" filename="c021845d160ac16025cc4873af1a129e.xml" mimetype="application/xml"/>
    <resource type="XMLResource" name="cb6de87b1b9c8b7ccf6ba636e503af28.xml" owner="admin" group="dba" mode="774" created="2010-07-21T13:53:38+02:00" modified="2010-07-21T13:53:38+02:00" filename="cb6de87b1b9c8b7ccf6ba636e503af28.xml" mimetype="application/xml"/>
    <resource type="XMLResource" name="client.xml" owner="admin" group="dba" mode="774" created="2010-07-21T13:53:40+02:00" modified="2010-07-21T13:53:40+02:00" filename="client.xml" mimetype="text/xml"/>
    <resource type="XMLResource" name="cluster.xml" owner="admin" group="dba" mode="774" created="2010-07-21T13:53:40+02:00" modified="2010-07-21T13:53:40+02:00" filename="cluster.xml" mimetype="text/xml"/>
    <resource type="XMLResource" name="config-cache.xml" owner="admin" group="dba" mode="755" created="2010-07-21T13:53:40+02:00" modified="2010-07-21T13:53:40+02:00" filename="config-cache.xml" mimetype="text/xml"/>
    <resource type="XMLResource" name="config-compression.xml" owner="admin" group="dba" mode="755" created="2010-07-21T13:53:40+02:00" modified="2010-07-21T13:53:40+02:00" filename="config-compression.xml" mimetype="text/xml"/>
    <resource type="XMLResource" name="config-context.xml" owner="admin" group="dba" mode="755" created="2010-07-21T13:53:40+02:00" modified="2010-07-21T13:53:40+02:00" filename="config-context.xml" mimetype="text/xml"/>
    <resource type="XMLResource" name="config-counter.xml" owner="admin" group="dba" mode="755" created="2010-07-21T13:53:40+02:00" modified="2010-07-21T13:53:40+02:00" filename="config-counter.xml" mimetype="text/xml"/>
    <resource type="XMLResource" name="config-datetime.xml" owner="admin" group="dba" mode="755" created="2010-07-21T13:53:41+02:00" modified="2010-07-21T13:53:41+02:00" filename="config-datetime.xml" mimetype="text/xml"/>
    <resource type="XMLResource" name="config-example.xml" owner="admin" group="dba" mode="755" created="2010-07-21T13:53:41+02:00" modified="2010-07-21T13:53:41+02:00" filename="config-example.xml" mimetype="text/xml"/>
    <resource type="XMLResource" name="config-file.xml" owner="admin" group="dba" mode="755" created="2010-07-21T13:53:41+02:00" modified="2010-07-21T13:53:41+02:00" filename="config-file.xml" mimetype="text/xml"/>
    <resource type="XMLResource" name="config-fluent.xml" owner="admin" group="dba" mode="755" created="2010-07-21T13:53:41+02:00" modified="2010-07-21T13:53:41+02:00" filename="config-fluent.xml" mimetype="text/xml"/>
    <resource type="XMLResource" name="config-openid.xml" owner="admin" group="dba" mode="755" created="2010-07-21T13:53:41+02:00" modified="2010-07-21T13:53:41+02:00" filename="config-openid.xml" mimetype="text/xml"/>
    <resource type="XMLResource" name="config-versioning.xml" owner="admin" group="dba" mode="755" created="2010-07-21T13:53:41+02:00" modified="2010-07-21T13:53:41+02:00" filename="config-versioning.xml" mimetype="text/xml"/>
    <resource type="XMLResource" name="config-xqdoc.xml" owner="admin" group="dba" mode="755" created="2010-07-21T13:53:41+02:00" modified="2010-07-21T13:53:41+02:00" filename="config-xqdoc.xml" mimetype="text/xml"/>
    <resource type="XMLResource" name="config-xslt.xml" owner="admin" group="dba" mode="755" created="2010-07-21T13:53:41+02:00" modified="2010-07-21T13:53:41+02:00" filename="config-xslt.xml" mimetype="text/xml"/>
    <resource type="XMLResource" name="configuration.xml" owner="admin" group="dba" mode="755" created="2010-07-21T13:53:41+02:00" modified="2010-07-21T13:53:41+02:00" filename="configuration.xml" mimetype="text/xml"/>
    <resource type="XMLResource" name="credits.xml" owner="admin" group="dba" mode="755" created="2010-07-21T13:53:42+02:00" modified="2010-07-21T13:53:42+02:00" filename="credits.xml" mimetype="text/xml"/>
    <resource type="XMLResource" name="d6def0b5816b9f8f31b2fd4572b71fc8.xml" owner="admin" group="dba" mode="755" created="2010-07-21T13:53:39+02:00" modified="2010-07-21T13:53:39+02:00" filename="d6def0b5816b9f8f31b2fd4572b71fc8.xml" mimetype="application/xml"/>
    <resource type="XMLResource" name="d7d79066d1b8a3651bf769fe0bcf7d82.xml" owner="admin" group="dba" mode="755" created="2010-07-21T13:53:37+02:00" modified="2010-07-21T13:53:37+02:00" filename="d7d79066d1b8a3651bf769fe0bcf7d82.xml" mimetype="application/xml"/>
    <resource type="XMLResource" name="d815de4f079593ff301f8abf04a18a63.xml" owner="admin" group="dba" mode="755" created="2010-07-21T13:53:37+02:00" modified="2010-07-21T13:53:37+02:00" filename="d815de4f079593ff301f8abf04a18a63.xml" mimetype="application/xml"/>
    <resource type="XMLResource" name="dae22f6cdbe23133466e740d37c320d2.xml" owner="admin" group="dba" mode="755" created="2010-07-21T13:53:37+02:00" modified="2010-07-21T13:53:37+02:00" filename="dae22f6cdbe23133466e740d37c320d2.xml" mimetype="application/xml"/>
    <resource type="XMLResource" name="debugger.xml" owner="admin" group="dba" mode="755" created="2010-07-21T13:53:42+02:00" modified="2010-07-21T13:53:42+02:00" filename="debugger.xml" mimetype="text/xml"/>
    <resource type="XMLResource" name="deployment.xml" owner="admin" group="dba" mode="755" created="2010-07-21T13:53:42+02:00" modified="2010-07-21T13:53:42+02:00" filename="deployment.xml" mimetype="text/xml"/>
    <resource type="XMLResource" name="devguide.xml" owner="admin" group="dba" mode="755" created="2010-07-21T13:53:42+02:00" modified="2010-07-21T13:53:42+02:00" filename="devguide.xml" mimetype="text/xml"/>
    <resource type="XMLResource" name="devguide_codereview.xml" owner="admin" group="dba" mode="755" created="2010-07-21T13:53:42+02:00" modified="2010-07-21T13:53:42+02:00" filename="devguide_codereview.xml" mimetype="text/xml"/>
    <resource type="XMLResource" name="devguide_indexes.xml" owner="admin" group="dba" mode="755" created="2010-07-21T13:53:42+02:00" modified="2010-07-21T13:53:42+02:00" filename="devguide_indexes.xml" mimetype="text/xml"/>
    <resource type="XMLResource" name="devguide_log4j.xml" owner="admin" group="dba" mode="755" created="2010-07-21T13:53:42+02:00" modified="2010-07-21T13:53:42+02:00" filename="devguide_log4j.xml" mimetype="text/xml"/>
    <resource type="XMLResource" name="devguide_manifesto.xml" owner="admin" group="dba" mode="755" created="2010-07-21T13:53:43+02:00" modified="2010-07-21T13:53:43+02:00" filename="devguide_manifesto.xml" mimetype="text/xml" namedoctype="book" publicid="-//OASIS//DTD DocBook XML V4.4//EN" systemid="http://www.docbook.org/xml/4.4/docbookx.dtd"/>
    <resource type="XMLResource" name="devguide_rest.xml" owner="admin" group="dba" mode="755" created="2010-07-21T13:53:43+02:00" modified="2010-07-21T13:53:43+02:00" filename="devguide_rest.xml" mimetype="text/xml"/>
    <resource type="XMLResource" name="devguide_soap.xml" owner="admin" group="dba" mode="755" created="2010-07-21T13:53:43+02:00" modified="2010-07-21T13:53:43+02:00" filename="devguide_soap.xml" mimetype="text/xml"/>
    <resource type="XMLResource" name="devguide_xmldb.xml" owner="admin" group="dba" mode="755" created="2010-07-21T13:53:43+02:00" modified="2010-07-21T13:53:43+02:00" filename="devguide_xmldb.xml" mimetype="text/xml"/>
    <resource type="XMLResource" name="devguide_xmlrpc.xml" owner="admin" group="dba" mode="755" created="2010-07-21T13:53:43+02:00" modified="2010-07-21T13:53:43+02:00" filename="devguide_xmlrpc.xml" mimetype="text/xml"/>
    <resource type="XMLResource" name="devguide_xquery.xml" owner="admin" group="dba" mode="755" created="2010-07-21T13:53:43+02:00" modified="2010-07-21T13:53:43+02:00" filename="devguide_xquery.xml" mimetype="text/xml"/>
    <resource type="XMLResource" name="df8555df714c0dcee3fe29ab1e512ae6.xml" owner="admin" group="dba" mode="755" created="2010-07-21T13:53:37+02:00" modified="2010-07-21T13:53:37+02:00" filename="df8555df714c0dcee3fe29ab1e512ae6.xml" mimetype="application/xml"/>
    <resource type="XMLResource" name="documentation.xml" owner="admin" group="dba" mode="755" created="2010-07-21T13:53:44+02:00" modified="2010-07-21T13:53:44+02:00" filename="documentation.xml" mimetype="text/xml"/>
    <resource type="XMLResource" name="download.xml" owner="admin" group="dba" mode="755" created="2010-07-21T13:53:44+02:00" modified="2010-07-21T13:53:44+02:00" filename="download.xml" mimetype="text/xml"/>
    <resource type="XMLResource" name="e83fadd8e50892bc5241168880dafb51.xml" owner="admin" group="dba" mode="755" created="2010-07-21T13:53:37+02:00" modified="2010-07-21T13:53:37+02:00" filename="e83fadd8e50892bc5241168880dafb51.xml" mimetype="application/xml"/>
    <resource type="XMLResource" name="e872ebac37616a5fa20e963768fdb7fd.xml" owner="admin" group="dba" mode="755" created="2010-07-21T13:53:37+02:00" modified="2010-07-21T13:53:37+02:00" filename="e872ebac37616a5fa20e963768fdb7fd.xml" mimetype="application/xml"/>
    <resource type="XMLResource" name="eclipse.xml" owner="admin" group="dba" mode="755" created="2010-07-21T13:53:44+02:00" modified="2010-07-21T13:53:44+02:00" filename="eclipse.xml" mimetype="text/xml"/>
    <resource type="XMLResource" name="examples.xml" owner="admin" group="dba" mode="755" created="2010-07-21T13:53:44+02:00" modified="2010-07-21T13:53:44+02:00" filename="examples.xml" mimetype="text/xml"/>
    <resource type="XMLResource" name="exist-stack.xml" owner="admin" group="dba" mode="755" created="2010-07-21T13:53:44+02:00" modified="2010-07-21T13:53:44+02:00" filename="exist-stack.xml" mimetype="text/xml"/>
    <resource type="XMLResource" name="extensions.xml" owner="admin" group="dba" mode="755" created="2010-07-21T13:53:45+02:00" modified="2010-07-21T13:53:45+02:00" filename="extensions.xml" mimetype="text/xml"/>
    <resource type="XMLResource" name="f133866ba6b7fe5315ec4084faf30294.xml" owner="admin" group="dba" mode="755" created="2010-07-21T13:53:37+02:00" modified="2010-07-21T13:53:37+02:00" filename="f133866ba6b7fe5315ec4084faf30294.xml" mimetype="application/xml"/>
    <resource type="XMLResource" name="facts.xml" owner="admin" group="dba" mode="755" created="2010-07-21T13:53:45+02:00" modified="2010-07-21T13:53:45+02:00" filename="facts.xml" mimetype="text/xml"/>
    <resource type="XMLResource" name="ftlegacy.xml" owner="admin" group="dba" mode="755" created="2010-07-21T13:53:45+02:00" modified="2010-07-21T13:53:45+02:00" filename="ftlegacy.xml" mimetype="text/xml"/>
    <resource type="XMLResource" name="function_modules.xml" owner="admin" group="dba" mode="755" created="2010-07-21T13:53:45+02:00" modified="2010-07-21T13:53:45+02:00" filename="function_modules.xml" mimetype="text/xml"/>
    <resource type="XMLResource" name="header.xml" owner="admin" group="dba" mode="755" created="2010-07-21T13:53:45+02:00" modified="2010-07-21T13:53:45+02:00" filename="header.xml" mimetype="text/xml"/>
    <resource type="XMLResource" name="index.xml" owner="admin" group="dba" mode="755" created="2010-07-21T13:53:45+02:00" modified="2010-07-21T13:53:45+02:00" filename="index.xml" mimetype="text/xml"/>
    <resource type="XMLResource" name="indexing.xml" owner="admin" group="dba" mode="755" created="2010-07-21T13:53:45+02:00" modified="2010-07-21T13:53:45+02:00" filename="indexing.xml" mimetype="text/xml"/>
    <resource type="XMLResource" name="installing-exist-on-amazon-ec2.xml" owner="admin" group="dba" mode="755" created="2010-07-21T13:53:45+02:00" modified="2010-07-21T13:53:45+02:00" filename="installing-exist-on-amazon-ec2.xml" mimetype="text/xml"/>
    <resource type="XMLResource" name="jmx.xml" owner="admin" group="dba" mode="755" created="2010-07-21T13:53:46+02:00" modified="2010-07-21T13:53:46+02:00" filename="jmx.xml" mimetype="text/xml"/>
    <resource type="XMLResource" name="journal.xml" owner="admin" group="dba" mode="755" created="2010-07-21T13:53:46+02:00" modified="2010-07-21T13:53:46+02:00" filename="journal.xml" mimetype="text/xml"/>
    <resource type="XMLResource" name="kwic.xml" owner="admin" group="dba" mode="755" created="2010-07-21T13:53:46+02:00" modified="2010-07-21T13:53:46+02:00" filename="kwic.xml" mimetype="text/xml"/>
    <resource type="XMLResource" name="ldap-security.xml" owner="admin" group="dba" mode="755" created="2010-07-21T13:53:46+02:00" modified="2010-07-21T13:53:46+02:00" filename="ldap-security.xml" mimetype="text/xml"/>
    <resource type="XMLResource" name="lucene.xml" owner="admin" group="dba" mode="755" created="2010-07-21T13:53:46+02:00" modified="2010-07-21T13:53:46+02:00" filename="lucene.xml" mimetype="text/xml"/>
    <resource type="XMLResource" name="ngram.xml" owner="admin" group="dba" mode="755" created="2010-07-21T13:53:46+02:00" modified="2010-07-21T13:53:46+02:00" filename="ngram.xml" mimetype="text/xml"/>
    <resource type="XMLResource" name="production_good_practice.xml" owner="admin" group="dba" mode="755" created="2010-07-21T13:53:46+02:00" modified="2010-07-21T13:53:46+02:00" filename="production_good_practice.xml" mimetype="text/xml"/>
    <resource type="XMLResource" name="production_web_proxying.xml" owner="admin" group="dba" mode="755" created="2010-07-21T13:53:46+02:00" modified="2010-07-21T13:53:46+02:00" filename="production_web_proxying.xml" mimetype="text/xml"/>
    <resource type="XMLResource" name="quickstart.xml" owner="admin" group="dba" mode="755" created="2010-07-21T13:53:47+02:00" modified="2010-07-21T13:53:47+02:00" filename="quickstart.xml" mimetype="text/xml"/>
    <resource type="XMLResource" name="readying-centos-for-exist.xml" owner="admin" group="dba" mode="755" created="2010-07-21T13:53:47+02:00" modified="2010-07-21T13:53:47+02:00" filename="readying-centos-for-exist.xml" mimetype="text/xml"/>
    <resource type="XMLResource" name="roadmap.xml" owner="admin" group="dba" mode="755" created="2010-07-21T13:53:47+02:00" modified="2010-07-21T13:53:47+02:00" filename="roadmap.xml" mimetype="text/xml"/>
    <resource type="XMLResource" name="scheduler.xml" owner="admin" group="dba" mode="755" created="2010-07-21T13:53:47+02:00" modified="2010-07-21T13:53:47+02:00" filename="scheduler.xml" mimetype="text/xml"/>
    <resource type="XMLResource" name="security.xml" owner="admin" group="dba" mode="755" created="2010-07-21T13:53:47+02:00" modified="2010-07-21T13:53:47+02:00" filename="security.xml" mimetype="text/xml"/>
    <resource type="XMLResource" name="sidebar.xml" owner="admin" group="dba" mode="755" created="2010-07-21T13:53:47+02:00" modified="2010-07-21T13:53:47+02:00" filename="sidebar.xml" mimetype="text/xml"/>
    <resource type="XMLResource" name="template.xml" owner="admin" group="dba" mode="755" created="2010-07-21T13:53:47+02:00" modified="2010-07-21T13:53:47+02:00" filename="template.xml" mimetype="text/xml"/>
    <resource type="XMLResource" name="triggers.xml" owner="admin" group="dba" mode="755" created="2010-07-21T13:53:47+02:00" modified="2010-07-21T13:53:47+02:00" filename="triggers.xml" mimetype="text/xml"/>
    <resource type="XMLResource" name="tuning.xml" owner="admin" group="dba" mode="755" created="2010-07-21T13:53:47+02:00" modified="2010-07-21T13:53:47+02:00" filename="tuning.xml" mimetype="text/xml"/>
    <resource type="XMLResource" name="ubuntu-server.xml" owner="admin" group="dba" mode="755" created="2010-07-21T13:53:48+02:00" modified="2010-07-21T13:53:48+02:00" filename="ubuntu-server.xml" mimetype="text/xml"/>
    <resource type="XMLResource" name="update_ext.xml" owner="admin" group="dba" mode="755" created="2010-07-21T13:53:48+02:00" modified="2010-07-21T13:53:48+02:00" filename="update_ext.xml" mimetype="text/xml"/>
    <resource type="XMLResource" name="upgrading.xml" owner="admin" group="dba" mode="755" created="2010-07-21T13:53:48+02:00" modified="2010-07-21T13:53:48+02:00" filename="upgrading.xml" mimetype="text/xml"/>
    <resource type="XMLResource" name="urlrewrite.xml" owner="admin" group="dba" mode="755" created="2010-07-21T13:53:48+02:00" modified="2010-07-21T13:53:48+02:00" filename="urlrewrite.xml" mimetype="text/xml"/>
    <resource type="XMLResource" name="validation.xml" owner="admin" group="dba" mode="755" created="2010-07-21T13:53:48+02:00" modified="2010-07-21T13:53:48+02:00" filename="validation.xml" mimetype="text/xml"/>
    <resource type="XMLResource" name="versioning.xml" owner="admin" group="dba" mode="755" created="2010-07-21T13:53:48+02:00" modified="2010-07-21T13:53:48+02:00" filename="versioning.xml" mimetype="text/xml"/>
    <resource type="XMLResource" name="webdav.xml" owner="admin" group="dba" mode="755" created="2010-07-21T13:53:48+02:00" modified="2010-07-21T13:53:48+02:00" filename="webdav.xml" mimetype="text/xml"/>
    <resource type="XMLResource" name="xacml-dev.xml" owner="admin" group="dba" mode="755" created="2010-07-21T13:53:49+02:00" modified="2010-07-21T13:53:49+02:00" filename="xacml-dev.xml" mimetype="text/xml"/>
    <resource type="XMLResource" name="xacml-features.xml" owner="admin" group="dba" mode="755" created="2010-07-21T13:53:49+02:00" modified="2010-07-21T13:53:49+02:00" filename="xacml-features.xml" mimetype="text/xml"/>
    <resource type="XMLResource" name="xacml-intro.xml" owner="admin" group="dba" mode="755" created="2010-07-21T13:53:49+02:00" modified="2010-07-21T13:53:49+02:00" filename="xacml-intro.xml" mimetype="text/xml"/>
    <resource type="XMLResource" name="xacml-usage.xml" owner="admin" group="dba" mode="755" created="2010-07-21T13:53:49+02:00" modified="2010-07-21T13:53:49+02:00" filename="xacml-usage.xml" mimetype="text/xml"/>
    <resource type="XMLResource" name="xacml.xml" owner="admin" group="dba" mode="755" created="2010-07-21T13:53:49+02:00" modified="2010-07-21T13:53:49+02:00" filename="xacml.xml" mimetype="text/xml"/>
    <resource type="XMLResource" name="xinclude.xml" owner="admin" group="dba" mode="755" created="2010-07-21T13:53:49+02:00" modified="2010-07-21T13:53:49+02:00" filename="xinclude.xml" mimetype="text/xml"/>
    <resource type="XMLResource" name="xmlprague06.xml" owner="admin" group="dba" mode="755" created="2010-07-21T13:53:49+02:00" modified="2010-07-21T13:53:49+02:00" filename="xmlprague06.xml" mimetype="text/xml"/>
    <resource type="XMLResource" name="xquery.xml" owner="admin" group="dba" mode="755" created="2010-07-21T13:53:49+02:00" modified="2010-07-21T13:53:49+02:00" filename="xquery.xml" mimetype="text/xml"/>
</collection>