<xqdoc:xqdoc xmlns:xqdoc="http://www.xqdoc.org/1.0"><xqdoc:control><xqdoc:date>Wed Jul 21 13:53:39 CEST 2010</xqdoc:date><xqdoc:version>1.0</xqdoc:version></xqdoc:control><xqdoc:module type="library"><xqdoc:uri>http://xproc.net/xproc/functions</xqdoc:uri><xqdoc:name>functions</xqdoc:name><xqdoc:body xml:space="preserve">xquery version "1.0" encoding "UTF-8";
module namespace func = "http://xproc.net/xproc/functions";
(: ------------------------------------------------------------------------------------- 
 
	functions.xqm - defines xproc xpath extensions.
	
---------------------------------------------------------------------------------------- :)

declare namespace p="http://www.w3.org/ns/xproc";
declare namespace c="http://www.w3.org/ns/xproc-step";
declare namespace err="http://www.w3.org/ns/xproc-error";
declare namespace xproc = "http://xproc.net/xproc";
declare namespace xsl="http://www.w3.org/1999/XSL/Transform";

(: XProc Namespaces :)
import module namespace const = "http://xproc.net/xproc/const";

(: -------------------------------------------------------------------------- :)

declare function func:system-property($property){

if ($property eq 'p:version') then
    $const:version
else if ($property eq 'p:episode') then
    $const:episode
else if ($property eq 'p:language') then
    $const:language
else if ($property eq 'p:product-name') then
    $const:product-name
else if ($property eq 'p:product-version') then
    $const:product-version
else if ($property eq 'p:vendor-uri') then
    $const:vendor-uri
else if ($property eq 'p:vendor') then
    $const:vendor
else if ($property eq 'p:xpath-version') then
    $const:xpath-version
else if ($property eq 'p:psvi-supported') then
    $const:psvi-supported
else
	()
	(:
	should throw a u:dynamicError('err:XD0015',"")
	:)
};
</xqdoc:body></xqdoc:module><xqdoc:imports><xqdoc:import><xqdoc:uri>http://xproc.net/xproc/const</xqdoc:uri></xqdoc:import></xqdoc:imports><xqdoc:functions><xqdoc:function><xqdoc:name>system-property</xqdoc:name><xqdoc:signature>system-property($property)</xqdoc:signature><xqdoc:ref-variable><xqdoc:uri>http://xproc.net/xproc/const</xqdoc:uri><xqdoc:name>product-name</xqdoc:name></xqdoc:ref-variable><xqdoc:ref-variable><xqdoc:uri>http://xproc.net/xproc/const</xqdoc:uri><xqdoc:name>episode</xqdoc:name></xqdoc:ref-variable><xqdoc:ref-variable><xqdoc:uri>http://xproc.net/xproc/const</xqdoc:uri><xqdoc:name>vendor</xqdoc:name></xqdoc:ref-variable><xqdoc:ref-variable><xqdoc:uri>http://xproc.net/xproc/const</xqdoc:uri><xqdoc:name>vendor-uri</xqdoc:name></xqdoc:ref-variable><xqdoc:ref-variable><xqdoc:uri>http://xproc.net/xproc/const</xqdoc:uri><xqdoc:name>version</xqdoc:name></xqdoc:ref-variable><xqdoc:ref-variable><xqdoc:uri>http://xproc.net/xproc/const</xqdoc:uri><xqdoc:name>language</xqdoc:name></xqdoc:ref-variable><xqdoc:ref-variable><xqdoc:uri>http://xproc.net/xproc/const</xqdoc:uri><xqdoc:name>product-version</xqdoc:name></xqdoc:ref-variable><xqdoc:ref-variable><xqdoc:uri>http://xproc.net/xproc/const</xqdoc:uri><xqdoc:name>psvi-supported</xqdoc:name></xqdoc:ref-variable><xqdoc:ref-variable><xqdoc:uri>http://xproc.net/xproc/const</xqdoc:uri><xqdoc:name>xpath-version</xqdoc:name></xqdoc:ref-variable><xqdoc:body xml:space="preserve">declare function func:system-property($property){

if ($property eq 'p:version') then
    $const:version
else if ($property eq 'p:episode') then
    $const:episode
else if ($property eq 'p:language') then
    $const:language
else if ($property eq 'p:product-name') then
    $const:product-name
else if ($property eq 'p:product-version') then
    $const:product-version
else if ($property eq 'p:vendor-uri') then
    $const:vendor-uri
else if ($property eq 'p:vendor') then
    $const:vendor
else if ($property eq 'p:xpath-version') then
    $const:xpath-version
else if ($property eq 'p:psvi-supported') then
    $const:psvi-supported
else
	()
	
};</xqdoc:body></xqdoc:function></xqdoc:functions></xqdoc:xqdoc>