<xqdoc:xqdoc xmlns:xqdoc="http://www.xqdoc.org/1.0"><xqdoc:control><xqdoc:date>Wed Jul 21 13:53:37 CEST 2010</xqdoc:date><xqdoc:version>1.0</xqdoc:version></xqdoc:control><xqdoc:module type="library"><xqdoc:uri>http://www.expath.org/mod/http-client</xqdoc:uri><xqdoc:name>http-client</xqdoc:name><xqdoc:comment><xqdoc:description> Implementation for eXist of the EXPath HTTP Client module.</xqdoc:description><xqdoc:author> Florent Georges - fgeorges.org</xqdoc:author><xqdoc:version> 0.1</xqdoc:version><xqdoc:see> http://www.expath.org/modules/http-client/ </xqdoc:see></xqdoc:comment><xqdoc:body xml:space="preserve">(::::::::::::::::::::::::::::::::::::::::::::::::::::::::::::::::::::::::::::)
(:  File:       exist/http-client.xq                                        :)
(:  Author:     F. Georges - fgeorges.org                                   :)
(:  Date:       2009-03-07                                                  :)
(:  Tags:                                                                   :)
(:      Copyright (c) 2009 Florent Georges (see end of file.)               :)
(: -------------------------------------------------------------------------:)

xquery version "1.0";


(:~
 : Implementation for eXist of the EXPath HTTP Client module.
 :
 : @author Florent Georges - fgeorges.org
 : @version 0.1
 : @see http://www.expath.org/modules/http-client/
 :)
module namespace http = "http://www.expath.org/mod/http-client";
declare default function namespace "http://www.w3.org/2005/xpath-functions";

import module namespace xmldb = "http://exist-db.org/xquery/xmldb";
import module namespace hc    = "http://exist-db.org/xquery/httpclient";

declare namespace err = "urn:X-FGeorges:expath:httpclient:exist:err";


(:~
 : Call the eXist HTTP Client extension functions to actually send the request.
 :
 : &lt;p&gt;Send the request through eXist extensions, corresponding to the params.
 : The request is sent to &lt;code&gt;$href&lt;/code&gt; (a lexcial &lt;code&gt;xs:anyURI&lt;/code&gt;).
 : The exact function used depends on the value of &lt;code&gt;$method&lt;/code&gt;.  The
 : headers passed to this function are those in &lt;code&gt;$headers&lt;/code&gt;.  If
 : method is POST or PUT, the entity body is given by &lt;code&gt;$content&lt;/code&gt;,
 : which must be a node (eXist does only allow to send XML.)&lt;/p&gt;
 :
 : @param $href The URI to send the request to.  It must be a valid lexical
 :    &lt;code&gt;xs:anyURI&lt;/code&gt; value.
 :
 : @param $method One of the string 'delete', 'get', 'head', 'options', 'post'
 :    or 'put'.  It is case insensitive.
 :
 : @param $headers The &lt;code&gt;headers&lt;/code&gt; element, as expected by eXist HTTP
 :    functions.
 :
 : @param $content The XML payload of the request, if any.
 :
 : @return The return value of the eXist extension function actually called.
 :)
declare function http:do-send-request($href as xs:string,
                                      $method as xs:string,
                                      $headers as element(headers),
                                      $content as node()?)
      as element(hc:response)
{
   let $uri := xs:anyURI($href)
   let $m := lower-case($method)
      return
         if ( $m eq 'delete' ) then
            hc:delete($uri, true(), $headers)
         else if ( $m eq 'get' ) then
            hc:get($uri, true(), $headers)
         else if ( $m eq 'head' ) then
            hc:head($uri, true(), $headers)
         else if ( $m eq 'options' ) then
            hc:options($uri, true(), $headers)
         else if ( $m eq 'post' ) then
            hc:post($uri, $content, true(), $headers)
         else if ( $m eq 'put' ) then
            hc:put($uri, $content, true(), $headers)
         else
            error(xs:QName('err:TODO'), concat('Unknown or absent method:', $method))
};

(:~
 : Return a enumeration value from the Content-Type header.
 :
 : &lt;p&gt;The value returned is a string, either 'MULTIPART', 'HTML', 'XML',
 : 'TEXT', or 'BINARY'.&lt;/p&gt;
 :)
declare function http:decode-content-type($header as xs:string)
      as xs:string
{
   let $type := normalize-space((substring-before($header, ';'), $header)[. ne ''][1])
      return
         if ( starts-with($type, 'multipart/') ) then
            'MULTIPART'
         else if ( $type eq 'text/html' ) then
            'HTML'
         else if ( ends-with($type, '+xml')
                      or $type eq 'text/xml'
                      or $type eq 'application/xml'
                      or $type eq 'text/xml-external-parsed-entity'
                      or $type eq 'application/xml-external-parsed-entity' ) then
            'XML'
         else if ( starts-with($type, 'text/')
                      or $type eq 'application/x-www-form-urlencoded'
                      or $type eq 'application/xml-dtd' ) then
            'TEXT'
         else
            'BINARY'
};

(:~
 : Return the EXPath HTTP response content items from an eXist HTTP response.
 :)
declare function http:make-content-items($resp as element(hc:response))
      as item()
{
   let $type := http:decode-content-type($resp/hc:body/@mimetype)
      return
         if ( $type eq 'MULTIPART' ) then
            error(xs:QName('err:TODO'), 'Not implemented yet.')
         else if ( $type = ('XML', 'HTML') ) then
            document { $resp/hc:body/* }
         else if ( $type eq 'TEXT' ) then
            xmldb:decode-uri(xs:anyURI($resp/hc:body))
         else if ( $type eq 'BINARY' ) then
            xs:base64Binary($resp/hc:body)
         else
            error(xs:QName('err:TODO'), 'Could not happen.')
};

(:~
 : If &lt;code&gt;$value&lt;/code&gt; exists, return an attribute with given name and value.
 :
 : &lt;p&gt;The attribute has the name &lt;code&gt;$name&lt;/code&gt; and value &lt;code&gt;$value&lt;/code&gt;.
 : If &lt;code&gt;$value&lt;/code&gt; is the empty sequence, returns the empty sequence.&lt;/p&gt;
 :)
declare function http:make-attribute($name as xs:string, $value as xs:string?)
      as attribute()?
{
   if ( exists($value) ) then
      attribute { $name } { $value }
   else
      ()
};

(:~
 : If &lt;code&gt;$value&lt;/code&gt; exists, return an eXist HTTP request header element.
 :
 : &lt;p&gt;The header has the name &lt;code&gt;$name&lt;/code&gt; and value &lt;code&gt;$value&lt;/code&gt;.
 : If &lt;code&gt;$value&lt;/code&gt; is the empty sequence, returns the empty sequence.&lt;/p&gt;
 :)
declare function http:make-header($name as xs:string, $value as xs:string?)
      as element(header)?
{
   if ( exists($value) ) then
      &lt;header name="{ $name }" value="{ $value }"/&gt;
   else
      ()
};

(:~
 : Make a Content-Type header element for an eXist HTTP request.
 :
 : &lt;p&gt;Make a header element as expected by eXist HTTP Client extension
 : functions.  It takes encoding and boundary into account, if any.  If
 : &lt;code&gt;$body&lt;/code&gt; is the empty sequence, the result itself is the empty
 : sequence.&lt;/p&gt;
 :
 : &lt;p&gt;TODO: Clarify the role of &lt;code&gt;@encoding&lt;/code&gt;.  It does not correspond
 : to the use here in this function.  It should generate another header
 : instead, IMHO.&lt;/p&gt;
 :
 : @param $body The EXPath HTTP request body element to generate a Content-Type
 :    header for.
 :)
declare function http:make-type-header($body as element(http:body)?)
      as element(hc:header)?
{
   $body/
      &lt;header name="Content-Type" value="{
         concat(
            @content-type,
            if ( exists(@encoding) ) then '; encoding=' else '', @encoding,
            if ( exists(@boundary) ) then '; boundary=' else '', @boundary
         )
      }"/&gt;
};

(:~
 : Given an eXist HTTP response, return the value of the asked for header.
 :
 : &lt;p&gt;The caller does not have to care about the case of the header name.  If
 : no header does actually match, the empty sequence is returned.&lt;/p&gt;
 :
 : @param $resp The eXist HTTP response containing the headers within which
 :    selecting one particular header.
 :
 : @param $name The name of the header to select.
 :)
declare function http:get-response-header($resp as element(hc:response),
                                          $name as xs:string)
      as xs:string?
{
   (:
      NOTE: The predicate [. ne ''] is needed because a bug of eXist: the step
      string(@value) is evaluated at least once, even if the step before does
      evaluate to the empty sequence, so instead of the empty sequence, an
      empty string would be returned.
   :)
   $resp/hc:headers/hc:header[lower-case(@name) eq lower-case($name)]
      /string(@value)[. ne '']
};

(:~
 : Make the EXPath HTTP response body element from the eXist HTTP response.
 :
 : &lt;p&gt;Multipart responses are not supported.&lt;/p&gt;
 :
 : &lt;p&gt;TODO: How can I find the value of @encoding?&lt;/p&gt;
 :
 : @param $resp The response element as returned by the eXist HTTP functions.
 :)
declare function http:make-body($resp as element(hc:response))
      as item()
{
   let $type := http:get-response-header($resp, 'Content-Type')
   let $id   := http:get-response-header($resp, 'Content-ID')
   let $desc := http:get-response-header($resp, 'Content-Description')
      return
         if ( http:decode-content-type($type) eq 'MULTIPART' ) then
            &lt;http:multipart&gt; {
               error(xs:QName('err:TODO'), 'Not implemented yet.')
            }
            &lt;/http:multipart&gt;
         else
            &lt;http:body content-type="{ $type }"&gt; {
               http:make-attribute('encoding', (: TODO: What?... :) ()),
               http:make-attribute('id', $id),
               http:make-attribute('description', $desc)
            }
            &lt;/http:body&gt;
};

(:~
 : Implementation for eXist of the EXPath HTTP Client function.
 : 
 : @see http://www.expath.org/modules/http-client/
 :
 : @param $req The EXPath request element, as defined in the spec.
 :)
declare function http:send-request($req as element(http:request))
      as item()+
{
   http:send-request((), $req, (), ())
(:
   let $body := if ( exists($req/http:multipart) ) then
                   (: FIXME: Does not seem to be evaluated! :)
                   error(xs:QName('err:TODO'), 'Multipart not supported.')
                else
                   $req/zero-or-one(http:body),
       $headers := &lt;headers&gt; {
                      http:make-type-header($body/@content-type, $body/@encoding, $body/@boundary),
                      http:make-header('content-id', $body/@id),
                      http:make-header('content-description', $body/@description),
                      (: TODO: Handle @href... :)
                      $req/http:header/http:make-header(@name, @value)
                   }
                   &lt;/headers&gt;,
       $r1 := http:do-send-request($req/@href, $req/@method, $headers, $body/*),
       (: follow at most one redirect :)
       $resp := if ( xs:integer($r1/@statusCode) eq 302 ) then
                   http:do-send-request(http:get-response-header($r1, 'Location'),
                                        $req/@method, $headers, $body/*)
                else
                   $r1
      return (
         (: TODO: Is @message available? :)
         &lt;http:response status="{ $resp/@statusCode }"&gt; {
            for $h in $resp/hc:headers/hc:header return
               $h/&lt;http:header&gt;{ @name, @value }&lt;/http:header&gt;,
            http:make-body($resp)
         }
         &lt;/http:response&gt;,
         http:make-content-items($resp)
       )
:)
};

(:~
 : Implementation for eXist of the EXPath HTTP Client function.
 : 
 : @see http://www.expath.org/modules/http-client/
 : 
 : @param $uri The URI to send the request to, can override the one in
 :    &lt;code&gt;$req&lt;/code&gt;, as defined in the spec.
 :
 : @param $req The EXPath request element, as defined in the spec.
 :)
declare function http:send-request($uri as xs:string?,
                                   $req as element(http:request)?)
      as item()+
{
   http:send-request($uri, $req, (), ())
};

(:~
 : Implementation for eXist of the EXPath HTTP Client function.
 : 
 : @see http://www.expath.org/modules/http-client/
 : 
 : @param $uri The URI to send the request to, can override the one in
 :    &lt;code&gt;$req&lt;/code&gt;, as defined in the spec.
 :
 : @param $req The EXPath request element, as defined in the spec.
 :
 : @param $content The content of the request (if POST or PUT.)  eXist does
 :    only allow an XML node to be send.
 :)
declare function http:send-request($uri as xs:string?,
                                   $req as element(http:request)?,
                                   $content as item()?)
      as item()+
{
   http:send-request($uri, $req, $content, ())
};

(:~
 : Implementation for eXist of the EXPath HTTP Client function.
 : 
 : @see http://www.expath.org/modules/http-client/
 : 
 : &lt;p&gt;TODO: Copy of http:send-request($req) for now.  Merge them with other
 : arities as well.&lt;/p&gt;
 :
 : &lt;p&gt;TODO: Handle authentication.&lt;/p&gt;
 :
 : &lt;p&gt;TODO: Handle @override-content-type.&lt;/p&gt;
 :
 : &lt;p&gt;TODO: Handle @follow-redirect.&lt;/p&gt;
 :
 : &lt;p&gt;TODO: Handle @status-only.&lt;/p&gt;
 :
 : @param $uri The URI to send the request to, can override the one in
 :    &lt;code&gt;$req&lt;/code&gt;, as defined in the spec.
 :
 : @param $req The EXPath request element, as defined in the spec.
 :
 : @param $content The content of the request (if POST or PUT.)  eXist does
 :    only allow an XML node to be send.
 :
 : @param $serial The serializer, as defined in the spec.  Not supported in
 :    this implementation, must be the empty sequence.
 :)
declare function http:send-request($uri as xs:string?,
                                   $req as element(http:request)?,
                                   $content as item()?,
                                   $serial as item()?)
      as item()+
{
   if ( exists($serial) ) then
      error(xs:QName('err:TODO'), '$serial not supported')
   else
      let $href := ($uri, $req/@href)[1]
      let $body := if ( exists($req/http:multipart) ) then
                      (: FIXME: Does not seem to be evaluated! :)
                      error(xs:QName('err:TODO'), 'Multipart not supported.')
                   else
                      $req/zero-or-one(http:body)
      let $headers := &lt;headers&gt; {
                         http:make-type-header($body),
                         http:make-header('content-id', $body/@id),
                         http:make-header('content-description', $body/@description),
                         (: TODO: Handle @href... :)
                         for $h in $req/http:header return
                            http:make-header($h/@name, $h/@value)
                      }
                      &lt;/headers&gt;
      let $r1 := http:do-send-request($href, $req/@method, $headers, $body/*)
      (: Follow at most one redirect.  TODO: Only 302?  And other 3xx codes? :)
      let $resp := if ( xs:integer($r1/@statusCode) eq 302 ) then
                      http:do-send-request(http:get-response-header($r1, 'Location'),
                                           $req/@method, $headers, $body/*)
                   else
                      $r1
         return (
            (: TODO: Is @message available? :)
            &lt;http:response status="{ $resp/@statusCode }"&gt; {
               for $h in $resp/hc:headers/hc:header return
                  $h/&lt;http:header&gt;{ @name, @value }&lt;/http:header&gt;,
               http:make-body($resp)
            }
            &lt;/http:response&gt;,
            http:make-content-items($resp)
          )
};


(: ------------------------------------------------------------------------ :)
(:  DO NOT ALTER OR REMOVE COPYRIGHT NOTICES OR THIS COMMENT.               :)
(:                                                                          :)
(:  The contents of this file are subject to the Mozilla Public License     :)
(:  Version 1.0 (the "License"); you may not use this file except in        :)
(:  compliance with the License. You may obtain a copy of the License at    :)
(:  http://www.mozilla.org/MPL/.                                            :)
(:                                                                          :)
(:  Software distributed under the License is distributed on an "AS IS"     :)
(:  basis, WITHOUT WARRANTY OF ANY KIND, either express or implied.  See    :)
(:  the License for the specific language governing rights and limitations  :)
(:  under the License.                                                      :)
(:                                                                          :)
(:  The Original Code is: all this file.                                    :)
(:                                                                          :)
(:  The Initial Developer of the Original Code is Florent Georges.          :)
(:                                                                          :)
(:  Contributor(s): none.                                                   :)
(: ------------------------------------------------------------------------ :)


</xqdoc:body></xqdoc:module><xqdoc:imports><xqdoc:import><xqdoc:uri>http://exist-db.org/xquery/xmldb</xqdoc:uri></xqdoc:import><xqdoc:import><xqdoc:uri>http://exist-db.org/xquery/httpclient</xqdoc:uri></xqdoc:import></xqdoc:imports><xqdoc:functions><xqdoc:function><xqdoc:comment><xqdoc:description> Call the eXist HTTP Client extension functions to actually send the request. <p>Send the request through eXist extensions, corresponding to the params. The request is sent to <code>$href</code> (a lexcial <code>xs:anyURI</code>). The exact function used depends on the value of <code>$method</code>.  The headers passed to this function are those in <code>$headers</code>.  If method is POST or PUT, the entity body is given by <code>$content</code>, which must be a node (eXist does only allow to send XML.)</p></xqdoc:description><xqdoc:param> $href The URI to send the request to.  It must be a valid lexical    <code>xs:anyURI</code> value.</xqdoc:param><xqdoc:param> $method One of the string 'delete', 'get', 'head', 'options', 'post'    or 'put'.  It is case insensitive.</xqdoc:param><xqdoc:param> $headers The <code>headers</code> element, as expected by eXist HTTP    functions.</xqdoc:param><xqdoc:param> $content The XML payload of the request, if any.</xqdoc:param><xqdoc:return> The return value of the eXist extension function actually called. </xqdoc:return></xqdoc:comment><xqdoc:name>do-send-request</xqdoc:name><xqdoc:signature>do-send-request($href as xs:string,
                                      $method as xs:string,
                                      $headers as element(headers),
                                      $content as node()?)
      as element(hc:response)</xqdoc:signature><xqdoc:invoked><xqdoc:uri>http://www.w3.org/2005/xpath-functions</xqdoc:uri><xqdoc:name>concat</xqdoc:name></xqdoc:invoked><xqdoc:invoked><xqdoc:uri>http://exist-db.org/xquery/httpclient</xqdoc:uri><xqdoc:name>get</xqdoc:name></xqdoc:invoked><xqdoc:invoked><xqdoc:uri>http://exist-db.org/xquery/httpclient</xqdoc:uri><xqdoc:name>post</xqdoc:name></xqdoc:invoked><xqdoc:invoked><xqdoc:uri>http://exist-db.org/xquery/httpclient</xqdoc:uri><xqdoc:name>head</xqdoc:name></xqdoc:invoked><xqdoc:invoked><xqdoc:uri>http://www.w3.org/2005/xpath-functions</xqdoc:uri><xqdoc:name>lower-case</xqdoc:name></xqdoc:invoked><xqdoc:invoked><xqdoc:uri>http://www.w3.org/2005/xpath-functions</xqdoc:uri><xqdoc:name>error</xqdoc:name></xqdoc:invoked><xqdoc:invoked><xqdoc:uri>http://exist-db.org/xquery/httpclient</xqdoc:uri><xqdoc:name>options</xqdoc:name></xqdoc:invoked><xqdoc:invoked><xqdoc:uri>http://exist-db.org/xquery/httpclient</xqdoc:uri><xqdoc:name>put</xqdoc:name></xqdoc:invoked><xqdoc:invoked><xqdoc:uri>http://exist-db.org/xquery/httpclient</xqdoc:uri><xqdoc:name>delete</xqdoc:name></xqdoc:invoked><xqdoc:invoked><xqdoc:uri>http://www.w3.org/2005/xpath-functions</xqdoc:uri><xqdoc:name>true</xqdoc:name></xqdoc:invoked><xqdoc:body xml:space="preserve">declare function http:do-send-request($href as xs:string,
                                      $method as xs:string,
                                      $headers as element(headers),
                                      $content as node()?)
      as element(hc:response){
   let $uri := xs:anyURI($href)
   let $m := lower-case($method)
      return
         if ( $m eq 'delete' ) then
            hc:delete($uri, true(), $headers)
         else if ( $m eq 'get' ) then
            hc:get($uri, true(), $headers)
         else if ( $m eq 'head' ) then
            hc:head($uri, true(), $headers)
         else if ( $m eq 'options' ) then
            hc:options($uri, true(), $headers)
         else if ( $m eq 'post' ) then
            hc:post($uri, $content, true(), $headers)
         else if ( $m eq 'put' ) then
            hc:put($uri, $content, true(), $headers)
         else
            error(xs:QName('err:TODO'), concat('Unknown or absent method:', $method))
};</xqdoc:body></xqdoc:function><xqdoc:function><xqdoc:comment><xqdoc:description> Return a enumeration value from the Content-Type header. <p>The value returned is a string, either 'MULTIPART', 'HTML', 'XML', 'TEXT', or 'BINARY'.</p></xqdoc:description></xqdoc:comment><xqdoc:name>decode-content-type</xqdoc:name><xqdoc:signature>decode-content-type($header as xs:string)
      as xs:string</xqdoc:signature><xqdoc:invoked><xqdoc:uri>http://www.w3.org/2005/xpath-functions</xqdoc:uri><xqdoc:name>substring-before</xqdoc:name></xqdoc:invoked><xqdoc:invoked><xqdoc:uri>http://www.w3.org/2005/xpath-functions</xqdoc:uri><xqdoc:name>ends-with</xqdoc:name></xqdoc:invoked><xqdoc:invoked><xqdoc:uri>http://www.w3.org/2005/xpath-functions</xqdoc:uri><xqdoc:name>starts-with</xqdoc:name></xqdoc:invoked><xqdoc:invoked><xqdoc:uri>http://www.w3.org/2005/xpath-functions</xqdoc:uri><xqdoc:name>normalize-space</xqdoc:name></xqdoc:invoked><xqdoc:body xml:space="preserve">declare function http:decode-content-type($header as xs:string)
      as xs:string{
   let $type := normalize-space((substring-before($header, ';'), $header)[. ne ''][1])
      return
         if ( starts-with($type, 'multipart/') ) then
            'MULTIPART'
         else if ( $type eq 'text/html' ) then
            'HTML'
         else if ( ends-with($type, '+xml')
                      or $type eq 'text/xml'
                      or $type eq 'application/xml'
                      or $type eq 'text/xml-external-parsed-entity'
                      or $type eq 'application/xml-external-parsed-entity' ) then
            'XML'
         else if ( starts-with($type, 'text/')
                      or $type eq 'application/x-www-form-urlencoded'
                      or $type eq 'application/xml-dtd' ) then
            'TEXT'
         else
            'BINARY'
};</xqdoc:body></xqdoc:function><xqdoc:function><xqdoc:comment><xqdoc:description> Return the EXPath HTTP response content items from an eXist HTTP response. </xqdoc:description></xqdoc:comment><xqdoc:name>make-content-items</xqdoc:name><xqdoc:signature>make-content-items($resp as element(hc:response))
      as item()</xqdoc:signature><xqdoc:invoked><xqdoc:uri>http://www.w3.org/2005/xpath-functions</xqdoc:uri><xqdoc:name>error</xqdoc:name></xqdoc:invoked><xqdoc:invoked><xqdoc:uri>http://www.expath.org/mod/http-client</xqdoc:uri><xqdoc:name>decode-content-type</xqdoc:name></xqdoc:invoked><xqdoc:invoked><xqdoc:uri>http://exist-db.org/xquery/xmldb</xqdoc:uri><xqdoc:name>decode-uri</xqdoc:name></xqdoc:invoked><xqdoc:body xml:space="preserve">declare function http:make-content-items($resp as element(hc:response))
      as item(){
   let $type := http:decode-content-type($resp/hc:body/@mimetype)
      return
         if ( $type eq 'MULTIPART' ) then
            error(xs:QName('err:TODO'), 'Not implemented yet.')
         else if ( $type = ('XML', 'HTML') ) then
            document { $resp/hc:body/* }
         else if ( $type eq 'TEXT' ) then
            xmldb:decode-uri(xs:anyURI($resp/hc:body))
         else if ( $type eq 'BINARY' ) then
            xs:base64Binary($resp/hc:body)
         else
            error(xs:QName('err:TODO'), 'Could not happen.')
};</xqdoc:body></xqdoc:function><xqdoc:function><xqdoc:comment><xqdoc:description> If <code>$value</code> exists, return an attribute with given name and value. <p>The attribute has the name <code>$name</code> and value <code>$value</code>. If <code>$value</code> is the empty sequence, returns the empty sequence.</p></xqdoc:description></xqdoc:comment><xqdoc:name>make-attribute</xqdoc:name><xqdoc:signature>make-attribute($name as xs:string, $value as xs:string?)
      as attribute()?</xqdoc:signature><xqdoc:invoked><xqdoc:uri>http://www.w3.org/2005/xpath-functions</xqdoc:uri><xqdoc:name>exists</xqdoc:name></xqdoc:invoked><xqdoc:body xml:space="preserve">declare function http:make-attribute($name as xs:string, $value as xs:string?)
      as attribute()?{
   if ( exists($value) ) then
      attribute { $name } { $value }
   else
      ()
};</xqdoc:body></xqdoc:function><xqdoc:function><xqdoc:comment><xqdoc:description> If <code>$value</code> exists, return an eXist HTTP request header element. <p>The header has the name <code>$name</code> and value <code>$value</code>. If <code>$value</code> is the empty sequence, returns the empty sequence.</p></xqdoc:description></xqdoc:comment><xqdoc:name>make-header</xqdoc:name><xqdoc:signature>make-header($name as xs:string, $value as xs:string?)
      as element(header)?</xqdoc:signature><xqdoc:invoked><xqdoc:uri>http://www.w3.org/2005/xpath-functions</xqdoc:uri><xqdoc:name>exists</xqdoc:name></xqdoc:invoked><xqdoc:body xml:space="preserve">declare function http:make-header($name as xs:string, $value as xs:string?)
      as element(header)?{
   if ( exists($value) ) then
      &lt;header name="{ $name }" value="{ $value }"/&gt;
   else
      ()
};</xqdoc:body></xqdoc:function><xqdoc:function><xqdoc:comment><xqdoc:description> Make a Content-Type header element for an eXist HTTP request. <p>Make a header element as expected by eXist HTTP Client extension functions.  It takes encoding and boundary into account, if any.  If <code>$body</code> is the empty sequence, the result itself is the empty sequence.</p><p>TODO: Clarify the role of <code>@encoding</code>.  It does not correspond to the use here in this function.  It should generate another header instead, IMHO.</p></xqdoc:description><xqdoc:param> $body The EXPath HTTP request body element to generate a Content-Type    header for. </xqdoc:param></xqdoc:comment><xqdoc:name>make-type-header</xqdoc:name><xqdoc:signature>make-type-header($body as element(http:body)?)
      as element(hc:header)?</xqdoc:signature><xqdoc:invoked><xqdoc:uri>http://www.w3.org/2005/xpath-functions</xqdoc:uri><xqdoc:name>concat</xqdoc:name></xqdoc:invoked><xqdoc:invoked><xqdoc:uri>http://www.w3.org/2005/xpath-functions</xqdoc:uri><xqdoc:name>exists</xqdoc:name></xqdoc:invoked><xqdoc:body xml:space="preserve">declare function http:make-type-header($body as element(http:body)?)
      as element(hc:header)?{
   $body/
      &lt;header name="Content-Type" value="{
         concat(
            @content-type,
            if ( exists(@encoding) ) then '; encoding=' else '', @encoding,
            if ( exists(@boundary) ) then '; boundary=' else '', @boundary
         )
      }"/&gt;
};</xqdoc:body></xqdoc:function><xqdoc:function><xqdoc:comment><xqdoc:description> Given an eXist HTTP response, return the value of the asked for header. <p>The caller does not have to care about the case of the header name.  If no header does actually match, the empty sequence is returned.</p></xqdoc:description><xqdoc:param> $resp The eXist HTTP response containing the headers within which    selecting one particular header.</xqdoc:param><xqdoc:param> $name The name of the header to select. </xqdoc:param></xqdoc:comment><xqdoc:name>get-response-header</xqdoc:name><xqdoc:signature>get-response-header($resp as element(hc:response),
                                          $name as xs:string)
      as xs:string?</xqdoc:signature><xqdoc:invoked><xqdoc:uri>http://www.w3.org/2005/xpath-functions</xqdoc:uri><xqdoc:name>string</xqdoc:name></xqdoc:invoked><xqdoc:invoked><xqdoc:uri>http://www.w3.org/2005/xpath-functions</xqdoc:uri><xqdoc:name>lower-case</xqdoc:name></xqdoc:invoked><xqdoc:body xml:space="preserve">declare function http:get-response-header($resp as element(hc:response),
                                          $name as xs:string)
      as xs:string?{
   
   $resp/hc:headers/hc:header[lower-case(@name) eq lower-case($name)]
      /string(@value)[. ne '']
};</xqdoc:body></xqdoc:function><xqdoc:function><xqdoc:comment><xqdoc:description> Make the EXPath HTTP response body element from the eXist HTTP response. <p>Multipart responses are not supported.</p><p>TODO: How can I find the value of @encoding?</p></xqdoc:description><xqdoc:param> $resp The response element as returned by the eXist HTTP functions. </xqdoc:param></xqdoc:comment><xqdoc:name>make-body</xqdoc:name><xqdoc:signature>make-body($resp as element(hc:response))
      as item()</xqdoc:signature><xqdoc:invoked><xqdoc:uri>http://www.expath.org/mod/http-client</xqdoc:uri><xqdoc:name>make-attribute</xqdoc:name></xqdoc:invoked><xqdoc:invoked><xqdoc:uri>http://www.w3.org/2005/xpath-functions</xqdoc:uri><xqdoc:name>error</xqdoc:name></xqdoc:invoked><xqdoc:invoked><xqdoc:uri>http://www.expath.org/mod/http-client</xqdoc:uri><xqdoc:name>get-response-header</xqdoc:name></xqdoc:invoked><xqdoc:invoked><xqdoc:uri>http://www.expath.org/mod/http-client</xqdoc:uri><xqdoc:name>decode-content-type</xqdoc:name></xqdoc:invoked><xqdoc:body xml:space="preserve">declare function http:make-body($resp as element(hc:response))
      as item(){
   let $type := http:get-response-header($resp, 'Content-Type')
   let $id   := http:get-response-header($resp, 'Content-ID')
   let $desc := http:get-response-header($resp, 'Content-Description')
      return
         if ( http:decode-content-type($type) eq 'MULTIPART' ) then
            &lt;http:multipart&gt; {
               error(xs:QName('err:TODO'), 'Not implemented yet.')
            }
            &lt;/http:multipart&gt;
         else
            &lt;http:body content-type="{ $type }"&gt; {
               http:make-attribute('encoding',  ()),
               http:make-attribute('id', $id),
               http:make-attribute('description', $desc)
            }
            &lt;/http:body&gt;
};</xqdoc:body></xqdoc:function><xqdoc:function><xqdoc:comment><xqdoc:description> Implementation for eXist of the EXPath HTTP Client function. </xqdoc:description><xqdoc:param> $req The EXPath request element, as defined in the spec. </xqdoc:param><xqdoc:see> http://www.expath.org/modules/http-client/</xqdoc:see></xqdoc:comment><xqdoc:name>send-request</xqdoc:name><xqdoc:signature>send-request($req as element(http:request))
      as item()+</xqdoc:signature><xqdoc:invoked><xqdoc:uri>http://www.expath.org/mod/http-client</xqdoc:uri><xqdoc:name>send-request</xqdoc:name></xqdoc:invoked><xqdoc:body xml:space="preserve">declare function http:send-request($req as element(http:request))
      as item()+{
   http:send-request((), $req, (), ())

};</xqdoc:body></xqdoc:function><xqdoc:function><xqdoc:comment><xqdoc:description> Implementation for eXist of the EXPath HTTP Client function. </xqdoc:description><xqdoc:param> $uri The URI to send the request to, can override the one in    <code>$req</code>, as defined in the spec.</xqdoc:param><xqdoc:param> $req The EXPath request element, as defined in the spec. </xqdoc:param><xqdoc:see> http://www.expath.org/modules/http-client/ </xqdoc:see></xqdoc:comment><xqdoc:name>send-request</xqdoc:name><xqdoc:signature>send-request($uri as xs:string?,
                                   $req as element(http:request)?)
      as item()+</xqdoc:signature><xqdoc:invoked><xqdoc:uri>http://www.expath.org/mod/http-client</xqdoc:uri><xqdoc:name>send-request</xqdoc:name></xqdoc:invoked><xqdoc:body xml:space="preserve">declare function http:send-request($uri as xs:string?,
                                   $req as element(http:request)?)
      as item()+{
   http:send-request($uri, $req, (), ())
};</xqdoc:body></xqdoc:function><xqdoc:function><xqdoc:comment><xqdoc:description> Implementation for eXist of the EXPath HTTP Client function. </xqdoc:description><xqdoc:param> $uri The URI to send the request to, can override the one in    <code>$req</code>, as defined in the spec.</xqdoc:param><xqdoc:param> $req The EXPath request element, as defined in the spec.</xqdoc:param><xqdoc:param> $content The content of the request (if POST or PUT.)  eXist does    only allow an XML node to be send. </xqdoc:param><xqdoc:see> http://www.expath.org/modules/http-client/ </xqdoc:see></xqdoc:comment><xqdoc:name>send-request</xqdoc:name><xqdoc:signature>send-request($uri as xs:string?,
                                   $req as element(http:request)?,
                                   $content as item()?)
      as item()+</xqdoc:signature><xqdoc:invoked><xqdoc:uri>http://www.expath.org/mod/http-client</xqdoc:uri><xqdoc:name>send-request</xqdoc:name></xqdoc:invoked><xqdoc:body xml:space="preserve">declare function http:send-request($uri as xs:string?,
                                   $req as element(http:request)?,
                                   $content as item()?)
      as item()+{
   http:send-request($uri, $req, $content, ())
};</xqdoc:body></xqdoc:function><xqdoc:function><xqdoc:comment><xqdoc:description> Implementation for eXist of the EXPath HTTP Client function. </xqdoc:description><xqdoc:param> $uri The URI to send the request to, can override the one in    <code>$req</code>, as defined in the spec.</xqdoc:param><xqdoc:param> $req The EXPath request element, as defined in the spec.</xqdoc:param><xqdoc:param> $content The content of the request (if POST or PUT.)  eXist does    only allow an XML node to be send.</xqdoc:param><xqdoc:param> $serial The serializer, as defined in the spec.  Not supported in    this implementation, must be the empty sequence. </xqdoc:param><xqdoc:see> http://www.expath.org/modules/http-client/  <p>TODO: Copy of http:send-request($req) for now.  Merge them with other arities as well.</p><p>TODO: Handle authentication.</p><p>TODO: Handle @override-content-type.</p><p>TODO: Handle @follow-redirect.</p><p>TODO: Handle @status-only.</p></xqdoc:see></xqdoc:comment><xqdoc:name>send-request</xqdoc:name><xqdoc:signature>send-request($uri as xs:string?,
                                   $req as element(http:request)?,
                                   $content as item()?,
                                   $serial as item()?)
      as item()+</xqdoc:signature><xqdoc:invoked><xqdoc:uri>http://www.expath.org/mod/http-client</xqdoc:uri><xqdoc:name>make-type-header</xqdoc:name></xqdoc:invoked><xqdoc:invoked><xqdoc:uri>http://www.expath.org/mod/http-client</xqdoc:uri><xqdoc:name>make-header</xqdoc:name></xqdoc:invoked><xqdoc:invoked><xqdoc:uri>http://www.expath.org/mod/http-client</xqdoc:uri><xqdoc:name>make-content-items</xqdoc:name></xqdoc:invoked><xqdoc:invoked><xqdoc:uri>http://www.expath.org/mod/http-client</xqdoc:uri><xqdoc:name>make-body</xqdoc:name></xqdoc:invoked><xqdoc:invoked><xqdoc:uri>http://www.w3.org/2005/xpath-functions</xqdoc:uri><xqdoc:name>exists</xqdoc:name></xqdoc:invoked><xqdoc:invoked><xqdoc:uri>http://www.w3.org/2005/xpath-functions</xqdoc:uri><xqdoc:name>error</xqdoc:name></xqdoc:invoked><xqdoc:invoked><xqdoc:uri>http://www.expath.org/mod/http-client</xqdoc:uri><xqdoc:name>get-response-header</xqdoc:name></xqdoc:invoked><xqdoc:invoked><xqdoc:uri>http://www.expath.org/mod/http-client</xqdoc:uri><xqdoc:name>do-send-request</xqdoc:name></xqdoc:invoked><xqdoc:invoked><xqdoc:uri>http://www.w3.org/2005/xpath-functions</xqdoc:uri><xqdoc:name>zero-or-one</xqdoc:name></xqdoc:invoked><xqdoc:body xml:space="preserve">declare function http:send-request($uri as xs:string?,
                                   $req as element(http:request)?,
                                   $content as item()?,
                                   $serial as item()?)
      as item()+{
   if ( exists($serial) ) then
      error(xs:QName('err:TODO'), '$serial not supported')
   else
      let $href := ($uri, $req/@href)[1]
      let $body := if ( exists($req/http:multipart) ) then
                      
                      error(xs:QName('err:TODO'), 'Multipart not supported.')
                   else
                      $req/zero-or-one(http:body)
      let $headers := &lt;headers&gt; {
                         http:make-type-header($body),
                         http:make-header('content-id', $body/@id),
                         http:make-header('content-description', $body/@description),
                         
                         for $h in $req/http:header return
                            http:make-header($h/@name, $h/@value)
                      }
                      &lt;/headers&gt;
      let $r1 := http:do-send-request($href, $req/@method, $headers, $body/*)
      
      let $resp := if ( xs:integer($r1/@statusCode) eq 302 ) then
                      http:do-send-request(http:get-response-header($r1, 'Location'),
                                           $req/@method, $headers, $body/*)
                   else
                      $r1
         return (
            
            &lt;http:response status="{ $resp/@statusCode }"&gt; {
               for $h in $resp/hc:headers/hc:header return
                  $h/&lt;http:header&gt;{ @name, @value }&lt;/http:header&gt;,
               http:make-body($resp)
            }
            &lt;/http:response&gt;,
            http:make-content-items($resp)
          )
};</xqdoc:body></xqdoc:function></xqdoc:functions></xqdoc:xqdoc>