<xqdoc:xqdoc xmlns:xqdoc="http://www.xqdoc.org/1.0"><xqdoc:control><xqdoc:date>Wed Jul 21 13:53:39 CEST 2010</xqdoc:date><xqdoc:version>1.0</xqdoc:version></xqdoc:control><xqdoc:module type="library"><xqdoc:uri>http://xproc.net/xproc/const</xqdoc:uri><xqdoc:name>const</xqdoc:name><xqdoc:body xml:space="preserve">xquery version "1.0" encoding "UTF-8";
module namespace const = "http://xproc.net/xproc/const";
(: ------------------------------------------------------------------------------------- 
 
	const.xqm - contains all constants used by xprocxq.
	
---------------------------------------------------------------------------------------- :)

(: -------------------------------------------------------------------------- :)
(: XProc Namespace Declaration :)
(: -------------------------------------------------------------------------- :)
declare namespace p="http://www.w3.org/ns/xproc";
declare namespace c="http://www.w3.org/ns/xproc-step";
declare namespace err="http://www.w3.org/ns/xproc-error";
declare namespace xproc = "http://xproc.net/xproc";
declare namespace xsl="http://www.w3.org/1999/XSL/Transform";


(: -------------------------------------------------------------------------- :)
(: XProc Namespace Constants :)
(: -------------------------------------------------------------------------- :)
declare variable $const:NS_XPROC := "http://www.w3.org/ns/xproc";
declare variable $const:NS_XPROC_STEP := "http://www.w3.org/ns/xproc-step";
declare variable $const:NS_XPROC_ERR := "http://www.w3.org/ns/xproc-error";


(: -------------------------------------------------------------------------- :)
(: Serialization Constants :)
(: -------------------------------------------------------------------------- :)
declare variable $const:DEFAULT_SERIALIZE := 'method=xml indent=yes';
declare variable $const:TRACE_SERIALIZE := 'method=xml';
declare variable $const:XINCLUDE_SERIALIZE := 'expand-xincludes=yes';
declare variable $const:TEXT_SERIALIZE := 'method=text';
declare variable $const:ESCAPE_SERIALIZE := 'method=xml indent=no';


(: -------------------------------------------------------------------------- :)
(: XProc Extension Namespaces :)
(: -------------------------------------------------------------------------- :)
declare variable $const:NS_XPROC_EXT := "http://xproc.net/ns/xproc/ex";
declare variable $const:NS_XPROC_ERR_EXT := "http://xproc.net/ns/errors";


(: -------------------------------------------------------------------------- :)
(: Error Dictionary lookup :)
(: -------------------------------------------------------------------------- :)
declare variable $const:error := doc("resource:net/xproc/xprocxq/etc/error-list.xml");
declare variable  $const:xprocxq-error := doc("resource:net/xproc/xprocxq/etc/xproc-error-list.xml");


(: -------------------------------------------------------------------------- :)
(: Step Definition lookup :)
(: -------------------------------------------------------------------------- :)
declare variable $const:ext-steps := doc("resource:net/xproc/xprocxq/etc/pipeline-extension.xml")/p:library;
declare variable $const:std-steps := doc("resource:net/xproc/xprocxq/etc/pipeline-standard.xml")/p:library;
declare variable $const:opt-steps := doc("resource:net/xproc/xprocxq/etc/pipeline-optional.xml")/p:library;
declare variable $const:comp-steps := doc("resource:net/xproc/xprocxq/etc/xproc-component.xml")/xproc:components;


(: -------------------------------------------------------------------------- :)
(: System Property :)
(: -------------------------------------------------------------------------- :)
declare variable $const:version :="0.5";
declare variable $const:product-version :="0.5";
declare variable $const:product-name :="xproc.xq";
declare variable $const:vendor :="James Fuller";
declare variable $const:language :="en";
declare variable $const:vendor-uri :="http://www.xproc.net/xproc.xq";
declare variable $const:xpath-version :="2.0";
declare variable $const:psvi-supported :="false";
declare variable $const:episode :="somerandomnumber";


(: -------------------------------------------------------------------------- :)
(: XProc default naming prefix :)
(: -------------------------------------------------------------------------- :)
declare variable $const:init_unique_id :="!1";


(: -------------------------------------------------------------------------- :)
(: Default imports for eval-step :)
(: -------------------------------------------------------------------------- :)
declare variable $const:default-imports :='
	
    import module namespace const = "http://xproc.net/xproc/const";
    import module namespace xproc = "http://xproc.net/xproc";
    import module namespace u = "http://xproc.net/xproc/util";
    import module namespace std = "http://xproc.net/xproc/std";
    import module namespace ext = "http://xproc.net/xproc/ext";
    import module namespace opt = "http://xproc.net/xproc/opt";

	declare option exist:serialize "expand-xincludes=no";

';

declare variable $const:xpath-imports :='
    declare copy-namespaces preserve, inherit;
';


(: -------------------------------------------------------------------------- :)
(: Default imports for XProc xpath extension functions :)
(: -------------------------------------------------------------------------- :)
declare variable $const:alt-imports :=' declare copy-namespaces no-preserve, no-inherit; import module namespace p = "http://xproc.net/xproc/functions";';


(: -------------------------------------------------------------------------- :)
(: Mime types :)
(: -------------------------------------------------------------------------- :)
declare variable $const:pdf-mimetype := 'application/pdf';


(: -------------------------------------------------------------------------- :)
(: XSLT to transform eXist specific file listing :)
(: -------------------------------------------------------------------------- :)
declare variable $const:directory-list-xslt := 'resource:net/xproc/xprocxq/etc/directory-list.xsl';

</xqdoc:body></xqdoc:module><xqdoc:variables><xqdoc:variable><xqdoc:uri>NS_XPROC</xqdoc:uri></xqdoc:variable><xqdoc:variable><xqdoc:uri>NS_XPROC_STEP</xqdoc:uri></xqdoc:variable><xqdoc:variable><xqdoc:uri>NS_XPROC_ERR</xqdoc:uri></xqdoc:variable><xqdoc:variable><xqdoc:uri>DEFAULT_SERIALIZE</xqdoc:uri></xqdoc:variable><xqdoc:variable><xqdoc:uri>TRACE_SERIALIZE</xqdoc:uri></xqdoc:variable><xqdoc:variable><xqdoc:uri>XINCLUDE_SERIALIZE</xqdoc:uri></xqdoc:variable><xqdoc:variable><xqdoc:uri>TEXT_SERIALIZE</xqdoc:uri></xqdoc:variable><xqdoc:variable><xqdoc:uri>ESCAPE_SERIALIZE</xqdoc:uri></xqdoc:variable><xqdoc:variable><xqdoc:uri>NS_XPROC_EXT</xqdoc:uri></xqdoc:variable><xqdoc:variable><xqdoc:uri>NS_XPROC_ERR_EXT</xqdoc:uri></xqdoc:variable><xqdoc:variable><xqdoc:uri>error</xqdoc:uri></xqdoc:variable><xqdoc:variable><xqdoc:uri>xprocxq-error</xqdoc:uri></xqdoc:variable><xqdoc:variable><xqdoc:uri>ext-steps</xqdoc:uri></xqdoc:variable><xqdoc:variable><xqdoc:uri>std-steps</xqdoc:uri></xqdoc:variable><xqdoc:variable><xqdoc:uri>opt-steps</xqdoc:uri></xqdoc:variable><xqdoc:variable><xqdoc:uri>comp-steps</xqdoc:uri></xqdoc:variable><xqdoc:variable><xqdoc:uri>version</xqdoc:uri></xqdoc:variable><xqdoc:variable><xqdoc:uri>product-version</xqdoc:uri></xqdoc:variable><xqdoc:variable><xqdoc:uri>product-name</xqdoc:uri></xqdoc:variable><xqdoc:variable><xqdoc:uri>vendor</xqdoc:uri></xqdoc:variable><xqdoc:variable><xqdoc:uri>language</xqdoc:uri></xqdoc:variable><xqdoc:variable><xqdoc:uri>vendor-uri</xqdoc:uri></xqdoc:variable><xqdoc:variable><xqdoc:uri>xpath-version</xqdoc:uri></xqdoc:variable><xqdoc:variable><xqdoc:uri>psvi-supported</xqdoc:uri></xqdoc:variable><xqdoc:variable><xqdoc:uri>episode</xqdoc:uri></xqdoc:variable><xqdoc:variable><xqdoc:uri>init_unique_id</xqdoc:uri></xqdoc:variable><xqdoc:variable><xqdoc:uri>default-imports</xqdoc:uri></xqdoc:variable><xqdoc:variable><xqdoc:uri>xpath-imports</xqdoc:uri></xqdoc:variable><xqdoc:variable><xqdoc:uri>alt-imports</xqdoc:uri></xqdoc:variable><xqdoc:variable><xqdoc:uri>pdf-mimetype</xqdoc:uri></xqdoc:variable><xqdoc:variable><xqdoc:uri>directory-list-xslt</xqdoc:uri></xqdoc:variable></xqdoc:variables></xqdoc:xqdoc>