<xqdoc xmlns="http://www.xqdoc.org/1.0"><control><date>2010-07-21T13:53:37.765+02:00</date><version>1.0</version></control><module type="library"><uri>http://exist-db.org/xquery/xslfo</uri><name>xslfo</name><comment><description>A module for performing XSL-FO transformations</description><since>eXist-1.2</since></comment></module><functions><function><comment><description>Renders a given XSL-FO document. Returns an xs:base64binary of the result. Parameters are specified with the structure: &lt;parameters&gt;&lt;param name="param-name1" value="param-value1"/&gt;&lt;/parameters&gt;. Recognised rendering parameters are: author, title, keywords and dpi.</description><param>$document XSL-FO document</param><param>$mime-type </param><param>$parameters parameters for the transform</param><return>result</return></comment><name>render</name><signature>xslfo:render($document as node(), $mime-type as xs:string, $parameters as node()?) xs:base64Binary?</signature></function><function><comment><description>Renders a given XSL-FO document. Returns an xs:base64binary of the result. Parameters are specified with the structure: &lt;parameters&gt;&lt;param name="param-name1" value="param-value1"/&gt;&lt;/parameters&gt;. Recognised rendering parameters are: author, title, keywords and dpi.</description><param>$document XSL-FO document</param><param>$mime-type </param><param>$parameters parameters for the transform</param><param>$config-file Apache FOP Configuration file</param><return>result</return></comment><name>render</name><signature>xslfo:render($document as node(), $mime-type as xs:string, $parameters as node()?, $config-file as node()?) xs:base64Binary?</signature></function></functions></xqdoc>