<xqdoc:xqdoc xmlns:xqdoc="http://www.xqdoc.org/1.0"><xqdoc:control><xqdoc:date>Wed Jul 21 13:53:38 CEST 2010</xqdoc:date><xqdoc:version>1.0</xqdoc:version></xqdoc:control><xqdoc:module type="library"><xqdoc:uri>http://xproc.net/xproc/naming</xqdoc:uri><xqdoc:name>naming</xqdoc:name><xqdoc:body xml:space="preserve">xquery version "1.0" encoding "UTF-8";
module namespace naming = "http://xproc.net/xproc/naming";
(: ------------------------------------------------------------------------------------

	naming.xqm - manages the first pass parsing of xproc pipeline, providing the output
	in topological order and cross referencing step with defined functional signatures.

---------------------------------------------------------------------------------------- :)


(: XProc Namespace Declaration :)
declare namespace p="http://www.w3.org/ns/xproc";
declare namespace c="http://www.w3.org/ns/xproc-step";
declare namespace err="http://www.w3.org/ns/xproc-error";
declare namespace xsl="http://www.w3.org/1999/XSL/Transform";
declare namespace xproc = "http://xproc.net/xproc";
declare namespace xxq-error = "http://xproc.net/xproc/error";

(: Module Imports :)
import module namespace const = "http://xproc.net/xproc/const";
import module namespace u = "http://xproc.net/xproc/util";
import module namespace std = "http://xproc.net/xproc/std";
import module namespace opt = "http://xproc.net/xproc/opt";
import module namespace ext = "http://xproc.net/xproc/ext";


(: -------------------------------------------------------------------------- :)
declare function naming:get-step($stepname as xs:string) {
(: -------------------------------------------------------------------------- :)
    $const:std-steps/p:declare-step[@type=$stepname],
    $const:opt-steps/p:declare-step[@type=$stepname],
    $const:ext-steps/p:declare-step[@type=$stepname]
};


(: -------------------------------------------------------------------------- :)
declare function naming:type($stepname as xs:string,$is_declare-step) as xs:string {
(: -------------------------------------------------------------------------- :)

    let $stdstep := $const:std-steps/p:declare-step[@type=$stepname]
    let $optstep := $const:opt-steps/p:declare-step[@type=$stepname]
    let $extstep := $const:ext-steps/p:declare-step[@type=$stepname]
    let $component :=$const:comp-steps//xproc:element[@type=$stepname]

    let $stdstepexists := exists($stdstep)
    let $optstepexists := exists($optstep)
    let $extstepexists := exists($extstep)
    let $compexists := exists($component)
    return
        if ($optstepexists) then
            'opt'
        else if($extstepexists) then
            'ext'
        else if($stdstepexists) then
            'std'
        else if($compexists) then
            'xproc'
        else if($is_declare-step) then
          string(substring-before($is_declare-step/@type,':'))
        else
          u:staticError('err:XS0044', concat($stepname,":",$stepname,' has no visible declaration'))
};


                     (: --------------------------------------------------------------------------- :)
                                                                              (: PREPARSE I ROUTINES:)
                     (: --------------------------------------------------------------------------- :)


(: -------------------------------------------------------------------------- :)
declare function naming:preparse-options($allstep,$step,$stepname){
(: -------------------------------------------------------------------------- :)
    for $option in $allstep
        return

            if ($step/p:with-option[@name=$option/@name] and $step/@*[name(.)=$option/@name]) then

               u:staticError('err:XS0027', concat($stepname,":",$step/@name,' option:',$option/@name,' duplicate options'))

            else if ($option/@required eq 'true' and $option/@select) then

               u:staticError('err:XS0017', concat($stepname,":",$step/@name,' option:',$option/@name,' duplicate options'))

            else if ($step/p:with-option[@name=$option/@name]) then

               &lt;p:with-option name="{$option/@name}" select="{$step/p:with-option[@name=$option/@name]/@select}"/&gt;

            else if($step/@*[name(.)=$option/@name]) then

               &lt;p:with-option name="{$option/@name}" select="{concat("'",$step/@*[name(.)=$option/@name],"'")}"/&gt;

            else if($option/@select) then

               &lt;p:with-option name="{$option/@name}" select="{$option/@select}"/&gt;

            else if(not($step/p:with-option[@name=$option/@name] and $step/@*[name(.)=$option/@name]) and $option/@required eq 'true') then

                u:staticError('err:XS0018', concat($stepname,":",$step/@name,' option:',$option/@name,' is required and seems to be missing or incorrect'))

            else
                (: TODO: may have to throw additional errors before this :)
                &lt;p:with-option name="{$option/@name}" select="{$option/@default}"/&gt;
};


(: -------------------------------------------------------------------------- :)
declare function naming:preparse-input-bindings($allstep,$step,$allbindings){
(: -------------------------------------------------------------------------- :)

if ($allbindings eq 'all') then
    $step/p:input
else
    for $binding in $allstep
       let $currentport := $step/*[@port=$binding/@port]
        return
            element {node-name($binding)} {
               $binding/@port,
               $binding/@primary,
               $binding/@kind,
               $binding/@sequence,

               if($currentport/@select='') then
                  attribute select{$binding/@select}
               else if($currentport/@select) then
                  $currentport/@select
               else
                  attribute select{$binding/@select},
                   $currentport/*
               }
};


(: -------------------------------------------------------------------------- :)
declare function naming:preparse-output-bindings($allstep,$step,$allbindings){
(: -------------------------------------------------------------------------- :)

if ($allbindings eq 'all') then
    $step/p:output
else
    for $binding in $allstep
       let $currentport := $step/*[@port=$binding/@port]
        return
            element {node-name($binding)} {
               $binding/@port,
               $binding/@primary,
               $binding/@kind,
               $binding/@sequence,
               if($currentport/@select='') then
                  attribute select{$binding/@select}
               else if($currentport/@select) then
                  $currentport/@select
               else
                  attribute select{$binding/@select},
                   $currentport/*
               }
};



(: -------------------------------------------------------------------------- :)
declare function naming:pipeline-step-sort($unsorted, $sorted, $pipelinename )  {
(: -------------------------------------------------------------------------- :)
    if (empty($unsorted)) then
        ($sorted)
    else
        let $allnodes := $unsorted [ every $id in p:input[@primary eq 'true'][@port eq 'source']/p:pipe/@step satisfies ($id = $sorted/@name or $id=$pipelinename)]
    return
        if ($allnodes) then
            naming:pipeline-step-sort( $unsorted except $allnodes, ($sorted, $allnodes ),$pipelinename)
        else
            ()
};


(: -------------------------------------------------------------------------- :)
declare function naming:generate-step($xproc,$is_step,$step,$stepname){
(: -------------------------------------------------------------------------- :)
if($is_step/@xproc:support) then
    element {node-name($step)} {
        attribute name{$step/@name},
		(: TODO - need to fix input/output preparse bindings :)
        naming:preparse-input-bindings($is_step/p:*[@primary='true'],$step,$is_step/@xproc:bindings),
        naming:preparse-output-bindings($is_step/p:*[@primary='false'],$step,$is_step/@xproc:bindings),
        naming:preparse-options($is_step/p:option,$step,$stepname)
   }
else if($is_step/@type) then
    &lt;ext:xproc name="{if ($step/@name) then $step/@name else ''}"&gt;
        &lt;p:input port="source" primary="true" select="/"/&gt;
        &lt;p:output port="result" primary="true" select=""/&gt;
        &lt;p:input port="pipeline" primary="false" select="/"&gt;
           &lt;p:inline&gt;
                &lt;p:declare-step name="{$step/@name}"&gt;
                {$is_step/*}
                &lt;/p:declare-step&gt;
           &lt;/p:inline&gt;
        &lt;/p:input&gt;
        &lt;p:input port="bindings" primary="false" select="/"/&gt;
        &lt;p:with-option name="dflag" select="'0'"/&gt;
        &lt;p:with-option name="tflag" select="'0'"/&gt;
    &lt;/ext:xproc&gt;
else
	u:xprocxqError('xxq-error:XXQ0001',concat($stepname,":",$step/@name,u:serialize($step,$const:TRACE_SERIALIZE)))
};


(: -------------------------------------------------------------------------- :)
declare function naming:generate-component($xproc,$is_comp,$step,$stepname){
(: -------------------------------------------------------------------------- :)
if($is_comp/@xproc:support) then
        element {node-name($step)} {
            if ($is_comp/@xproc:step = "true") then (attribute name{$step/@name},$step/@*[not(name(.) eq 'name')]) else  $step/@*,

            (: TODO - will need to fixup top level input/output ports :)
            &lt;ext:pre test="test"&gt;
				{naming:preparse-output-bindings($is_comp/p:*[@primary='true'],$step,())}
			&lt;/ext:pre&gt;,

            naming:explicitnames(document{$step/*})
        }
else
	u:xprocxqError('xxq-error:XXQ0002',concat($stepname,":",$step/@name,u:serialize($step,$const:TRACE_SERIALIZE)))

};


(: -------------------------------------------------------------------------- :)
declare function naming:explicitnames($xproc as item()){
(: -------------------------------------------------------------------------- :)

if(empty($xproc/*)) then
    ()
else
    let $pipelinename := $xproc/@name
    let $explicitnames :=

        for $step at $count in $xproc/*
            let $stepname := name($step)
            let $is_declared_step := $xproc/p:declare-step[@type=$stepname]
            let $is_standard_step := $const:std-steps/p:declare-step[@type=$stepname]
            let $is_optional_step := $const:opt-steps/p:declare-step[@type=$stepname]
            let $is_extension_step := $const:ext-steps/p:declare-step[@type=$stepname]
            let $is_step := ($is_declared_step,
                             $is_standard_step,
                             $is_optional_step,
                             $is_extension_step)
            let $is_component := $const:comp-steps//xproc:element[@type=$stepname]
            return
               if ( name($step) eq 'p:import') then
                    ()
               else if (name($step) eq 'p:documentation') then
                    ()
               else if (exists($is_component) and $step/@type)then
                    ()
               else if(exists($is_step)) then
                    (: generate std,opt,ext and declared steps:)
                    naming:generate-step($xproc,$is_step,$step,$stepname)
               else if (exists($is_component)) then
                    (: generate p:declare-step and all other xproc components :)
                    naming:generate-component($xproc,$is_component,$step,$stepname)
               else
                    (: throws error on unknown element in pipeline namespace :)
                    u:staticError('err:XS0044', concat("static error during explicit naming pass:  ",$stepname,":",$step/@name,u:serialize($step,$const:TRACE_SERIALIZE)))
    return

		let $sorted := naming:pipeline-step-sort($explicitnames,(),$pipelinename)
		return
        	if(empty($pipelinename))then
    			$sorted
        	else
            	&lt;p:declare-step name="{$pipelinename}"&gt;
                {
                    $sorted
                }
                &lt;ext:post name="{$pipelinename}!"&gt;
					{$xproc/p:serialization/@*}
                    &lt;p:input port="source" primary="true"/&gt;
                    &lt;p:output primary="true" port="stdout" select="/"/&gt;
                &lt;/ext:post&gt;
            	&lt;/p:declare-step&gt;
};




(: -------------------------------------------------------------------------- :)
declare function naming:fixup($xproc as item(),$stdin){
(: -------------------------------------------------------------------------- :)
let $pipeline := $xproc/p:*[name(.) = "p:pipeline" or name(.) ="p:declare-step"]
let $steps := &lt;p:declare-step&gt;
               &lt;ext:pre name="!{$pipeline/@name}"&gt;
            {
            if ($pipeline/p:input[@primary='true']) then
                    $pipeline/p:input[@primary='true']
            else
                    &lt;p:input port="source"
                             kind="document"
                             primary="true"
                             select="{if(empty($pipeline/p:input[@port='source']/@select)) then '/' else $pipeline/p:input[@port='source']/@select}"
                             sequence="{$pipeline/p:input[@port='source']/@sequence}"&gt;
                    {if($stdin) then
                        &lt;p:pipe step="{$pipeline/@name}" port="stdin"/&gt;
                    else
                        $pipeline/p:input[@port='source'][@primary="true"]
                    }
                    &lt;/p:input&gt;,

            &lt;p:output port="result" primary="true" select="{if ($pipeline/p:output[@port='result']/@select) then $pipeline/p:output[@port='result']/@select else '/' }"/&gt;,

            $pipeline/p:input[@primary='false'],

            $pipeline/p:output[@primary='false']
            }
           &lt;/ext:pre&gt;
            {
               for $import in $xproc/*/p:import
                return
                    if (doc-available($import/@href)) then
                    let $imported := doc($import/@href)
                    return
                          if ($imported/p:library)then
                            $imported/p:library/*
                          else
                            $imported/p:pipeline/*
                    else
                          u:dynamicError('XD0002',"cannot import pipeline document ")
            }

            {$pipeline/*[not(name(.)="p:input")][not(name(.)="p:output")][not(name(.)="p:import")]}

&lt;/p:declare-step&gt;
return
    &lt;p:declare-step name="{if ($pipeline/@name) then $pipeline/@name else 'xproc:default-pipeline'}"&gt;
        {$steps/*}
    &lt;/p:declare-step&gt;
};



</xqdoc:body></xqdoc:module><xqdoc:imports><xqdoc:import><xqdoc:uri>http://xproc.net/xproc/const</xqdoc:uri></xqdoc:import><xqdoc:import><xqdoc:uri>http://xproc.net/xproc/util</xqdoc:uri></xqdoc:import><xqdoc:import><xqdoc:uri>http://xproc.net/xproc/std</xqdoc:uri></xqdoc:import><xqdoc:import><xqdoc:uri>http://xproc.net/xproc/opt</xqdoc:uri></xqdoc:import><xqdoc:import><xqdoc:uri>http://xproc.net/xproc/ext</xqdoc:uri></xqdoc:import></xqdoc:imports><xqdoc:functions><xqdoc:function><xqdoc:name>get-step</xqdoc:name><xqdoc:signature>get-step($stepname as xs:string)</xqdoc:signature><xqdoc:ref-variable><xqdoc:uri>http://xproc.net/xproc/const</xqdoc:uri><xqdoc:name>std-steps</xqdoc:name></xqdoc:ref-variable><xqdoc:ref-variable><xqdoc:uri>http://xproc.net/xproc/const</xqdoc:uri><xqdoc:name>opt-steps</xqdoc:name></xqdoc:ref-variable><xqdoc:ref-variable><xqdoc:uri>http://xproc.net/xproc/const</xqdoc:uri><xqdoc:name>ext-steps</xqdoc:name></xqdoc:ref-variable><xqdoc:body xml:space="preserve">declare function naming:get-step($stepname as xs:string){

    $const:std-steps/p:declare-step[@type=$stepname],
    $const:opt-steps/p:declare-step[@type=$stepname],
    $const:ext-steps/p:declare-step[@type=$stepname]
};</xqdoc:body></xqdoc:function><xqdoc:function><xqdoc:name>type</xqdoc:name><xqdoc:signature>type($stepname as xs:string,$is_declare-step) as xs:string</xqdoc:signature><xqdoc:invoked><xqdoc:uri>http://xproc.net/xproc/util</xqdoc:uri><xqdoc:name>staticError</xqdoc:name></xqdoc:invoked><xqdoc:ref-variable><xqdoc:uri>http://xproc.net/xproc/const</xqdoc:uri><xqdoc:name>std-steps</xqdoc:name></xqdoc:ref-variable><xqdoc:ref-variable><xqdoc:uri>http://xproc.net/xproc/const</xqdoc:uri><xqdoc:name>opt-steps</xqdoc:name></xqdoc:ref-variable><xqdoc:ref-variable><xqdoc:uri>http://xproc.net/xproc/const</xqdoc:uri><xqdoc:name>comp-steps</xqdoc:name></xqdoc:ref-variable><xqdoc:ref-variable><xqdoc:uri>http://xproc.net/xproc/const</xqdoc:uri><xqdoc:name>ext-steps</xqdoc:name></xqdoc:ref-variable><xqdoc:body xml:space="preserve">declare function naming:type($stepname as xs:string,$is_declare-step) as xs:string{


    let $stdstep := $const:std-steps/p:declare-step[@type=$stepname]
    let $optstep := $const:opt-steps/p:declare-step[@type=$stepname]
    let $extstep := $const:ext-steps/p:declare-step[@type=$stepname]
    let $component :=$const:comp-steps//xproc:element[@type=$stepname]

    let $stdstepexists := exists($stdstep)
    let $optstepexists := exists($optstep)
    let $extstepexists := exists($extstep)
    let $compexists := exists($component)
    return
        if ($optstepexists) then
            'opt'
        else if($extstepexists) then
            'ext'
        else if($stdstepexists) then
            'std'
        else if($compexists) then
            'xproc'
        else if($is_declare-step) then
          string(substring-before($is_declare-step/@type,':'))
        else
          u:staticError('err:XS0044', concat($stepname,":",$stepname,' has no visible declaration'))
};</xqdoc:body></xqdoc:function><xqdoc:function><xqdoc:name>preparse-options</xqdoc:name><xqdoc:signature>preparse-options($allstep,$step,$stepname)</xqdoc:signature><xqdoc:invoked><xqdoc:uri>http://xproc.net/xproc/util</xqdoc:uri><xqdoc:name>staticError</xqdoc:name></xqdoc:invoked><xqdoc:body xml:space="preserve">declare function naming:preparse-options($allstep,$step,$stepname){

    for $option in $allstep
        return

            if ($step/p:with-option[@name=$option/@name] and $step/@*[name(.)=$option/@name]) then

               u:staticError('err:XS0027', concat($stepname,":",$step/@name,' option:',$option/@name,' duplicate options'))

            else if ($option/@required eq 'true' and $option/@select) then

               u:staticError('err:XS0017', concat($stepname,":",$step/@name,' option:',$option/@name,' duplicate options'))

            else if ($step/p:with-option[@name=$option/@name]) then

               &lt;p:with-option name="{$option/@name}" select="{$step/p:with-option[@name=$option/@name]/@select}"/&gt;

            else if($step/@*[name(.)=$option/@name]) then

               &lt;p:with-option name="{$option/@name}" select="{concat("'",$step/@*[name(.)=$option/@name],"'")}"/&gt;

            else if($option/@select) then

               &lt;p:with-option name="{$option/@name}" select="{$option/@select}"/&gt;

            else if(not($step/p:with-option[@name=$option/@name] and $step/@*[name(.)=$option/@name]) and $option/@required eq 'true') then

                u:staticError('err:XS0018', concat($stepname,":",$step/@name,' option:',$option/@name,' is required and seems to be missing or incorrect'))

            else
                
                &lt;p:with-option name="{$option/@name}" select="{$option/@default}"/&gt;
};</xqdoc:body></xqdoc:function><xqdoc:function><xqdoc:name>preparse-input-bindings</xqdoc:name><xqdoc:signature>preparse-input-bindings($allstep,$step,$allbindings)</xqdoc:signature><xqdoc:body xml:space="preserve">declare function naming:preparse-input-bindings($allstep,$step,$allbindings){


if ($allbindings eq 'all') then
    $step/p:input
else
    for $binding in $allstep
       let $currentport := $step/*[@port=$binding/@port]
        return
            element {node-name($binding)} {
               $binding/@port,
               $binding/@primary,
               $binding/@kind,
               $binding/@sequence,

               if($currentport/@select='') then
                  attribute select{$binding/@select}
               else if($currentport/@select) then
                  $currentport/@select
               else
                  attribute select{$binding/@select},
                   $currentport/*
               }
};</xqdoc:body></xqdoc:function><xqdoc:function><xqdoc:name>preparse-output-bindings</xqdoc:name><xqdoc:signature>preparse-output-bindings($allstep,$step,$allbindings)</xqdoc:signature><xqdoc:body xml:space="preserve">declare function naming:preparse-output-bindings($allstep,$step,$allbindings){


if ($allbindings eq 'all') then
    $step/p:output
else
    for $binding in $allstep
       let $currentport := $step/*[@port=$binding/@port]
        return
            element {node-name($binding)} {
               $binding/@port,
               $binding/@primary,
               $binding/@kind,
               $binding/@sequence,
               if($currentport/@select='') then
                  attribute select{$binding/@select}
               else if($currentport/@select) then
                  $currentport/@select
               else
                  attribute select{$binding/@select},
                   $currentport/*
               }
};</xqdoc:body></xqdoc:function><xqdoc:function><xqdoc:name>pipeline-step-sort</xqdoc:name><xqdoc:signature>pipeline-step-sort($unsorted, $sorted, $pipelinename )</xqdoc:signature><xqdoc:invoked><xqdoc:uri>http://xproc.net/xproc/naming</xqdoc:uri><xqdoc:name>pipeline-step-sort</xqdoc:name></xqdoc:invoked><xqdoc:body xml:space="preserve">declare function naming:pipeline-step-sort($unsorted, $sorted, $pipelinename ){

    if (empty($unsorted)) then
        ($sorted)
    else
        let $allnodes := $unsorted [ every $id in p:input[@primary eq 'true'][@port eq 'source']/p:pipe/@step satisfies ($id = $sorted/@name or $id=$pipelinename)]
    return
        if ($allnodes) then
            naming:pipeline-step-sort( $unsorted except $allnodes, ($sorted, $allnodes ),$pipelinename)
        else
            ()
};</xqdoc:body></xqdoc:function><xqdoc:function><xqdoc:name>generate-step</xqdoc:name><xqdoc:signature>generate-step($xproc,$is_step,$step,$stepname)</xqdoc:signature><xqdoc:invoked><xqdoc:uri>http://xproc.net/xproc/naming</xqdoc:uri><xqdoc:name>preparse-output-bindings</xqdoc:name></xqdoc:invoked><xqdoc:invoked><xqdoc:uri>http://xproc.net/xproc/naming</xqdoc:uri><xqdoc:name>preparse-input-bindings</xqdoc:name></xqdoc:invoked><xqdoc:invoked><xqdoc:uri>http://xproc.net/xproc/util</xqdoc:uri><xqdoc:name>serialize</xqdoc:name></xqdoc:invoked><xqdoc:invoked><xqdoc:uri>http://xproc.net/xproc/util</xqdoc:uri><xqdoc:name>xprocxqError</xqdoc:name></xqdoc:invoked><xqdoc:invoked><xqdoc:uri>http://xproc.net/xproc/naming</xqdoc:uri><xqdoc:name>preparse-options</xqdoc:name></xqdoc:invoked><xqdoc:ref-variable><xqdoc:uri>http://xproc.net/xproc/const</xqdoc:uri><xqdoc:name>TRACE_SERIALIZE</xqdoc:name></xqdoc:ref-variable><xqdoc:body xml:space="preserve">declare function naming:generate-step($xproc,$is_step,$step,$stepname){

if($is_step/@xproc:support) then
    element {node-name($step)} {
        attribute name{$step/@name},
		
        naming:preparse-input-bindings($is_step/p:*[@primary='true'],$step,$is_step/@xproc:bindings),
        naming:preparse-output-bindings($is_step/p:*[@primary='false'],$step,$is_step/@xproc:bindings),
        naming:preparse-options($is_step/p:option,$step,$stepname)
   }
else if($is_step/@type) then
    &lt;ext:xproc name="{if ($step/@name) then $step/@name else ''}"&gt;
        &lt;p:input port="source" primary="true" select="/"/&gt;
        &lt;p:output port="result" primary="true" select=""/&gt;
        &lt;p:input port="pipeline" primary="false" select="/"&gt;
           &lt;p:inline&gt;
                &lt;p:declare-step name="{$step/@name}"&gt;
                {$is_step/*}
                &lt;/p:declare-step&gt;
           &lt;/p:inline&gt;
        &lt;/p:input&gt;
        &lt;p:input port="bindings" primary="false" select="/"/&gt;
        &lt;p:with-option name="dflag" select="'0'"/&gt;
        &lt;p:with-option name="tflag" select="'0'"/&gt;
    &lt;/ext:xproc&gt;
else
	u:xprocxqError('xxq-error:XXQ0001',concat($stepname,":",$step/@name,u:serialize($step,$const:TRACE_SERIALIZE)))
};</xqdoc:body></xqdoc:function><xqdoc:function><xqdoc:name>generate-component</xqdoc:name><xqdoc:signature>generate-component($xproc,$is_comp,$step,$stepname)</xqdoc:signature><xqdoc:invoked><xqdoc:uri>http://xproc.net/xproc/naming</xqdoc:uri><xqdoc:name>preparse-output-bindings</xqdoc:name></xqdoc:invoked><xqdoc:invoked><xqdoc:uri>http://xproc.net/xproc/naming</xqdoc:uri><xqdoc:name>explicitnames</xqdoc:name></xqdoc:invoked><xqdoc:invoked><xqdoc:uri>http://xproc.net/xproc/util</xqdoc:uri><xqdoc:name>serialize</xqdoc:name></xqdoc:invoked><xqdoc:invoked><xqdoc:uri>http://xproc.net/xproc/util</xqdoc:uri><xqdoc:name>xprocxqError</xqdoc:name></xqdoc:invoked><xqdoc:ref-variable><xqdoc:uri>http://xproc.net/xproc/const</xqdoc:uri><xqdoc:name>TRACE_SERIALIZE</xqdoc:name></xqdoc:ref-variable><xqdoc:body xml:space="preserve">declare function naming:generate-component($xproc,$is_comp,$step,$stepname){

if($is_comp/@xproc:support) then
        element {node-name($step)} {
            if ($is_comp/@xproc:step = "true") then (attribute name{$step/@name},$step/@*[not(name(.) eq 'name')]) else  $step/@*,

            
            &lt;ext:pre test="test"&gt;
				{naming:preparse-output-bindings($is_comp/p:*[@primary='true'],$step,())}
			&lt;/ext:pre&gt;,

            naming:explicitnames(document{$step/*})
        }
else
	u:xprocxqError('xxq-error:XXQ0002',concat($stepname,":",$step/@name,u:serialize($step,$const:TRACE_SERIALIZE)))

};</xqdoc:body></xqdoc:function><xqdoc:function><xqdoc:name>explicitnames</xqdoc:name><xqdoc:signature>explicitnames($xproc as item())</xqdoc:signature><xqdoc:invoked><xqdoc:uri>http://xproc.net/xproc/naming</xqdoc:uri><xqdoc:name>generate-component</xqdoc:name></xqdoc:invoked><xqdoc:invoked><xqdoc:uri>http://xproc.net/xproc/util</xqdoc:uri><xqdoc:name>serialize</xqdoc:name></xqdoc:invoked><xqdoc:invoked><xqdoc:uri>http://xproc.net/xproc/naming</xqdoc:uri><xqdoc:name>pipeline-step-sort</xqdoc:name></xqdoc:invoked><xqdoc:invoked><xqdoc:uri>http://xproc.net/xproc/util</xqdoc:uri><xqdoc:name>staticError</xqdoc:name></xqdoc:invoked><xqdoc:invoked><xqdoc:uri>http://xproc.net/xproc/naming</xqdoc:uri><xqdoc:name>generate-step</xqdoc:name></xqdoc:invoked><xqdoc:ref-variable><xqdoc:uri>http://xproc.net/xproc/const</xqdoc:uri><xqdoc:name>std-steps</xqdoc:name></xqdoc:ref-variable><xqdoc:ref-variable><xqdoc:uri>http://xproc.net/xproc/const</xqdoc:uri><xqdoc:name>TRACE_SERIALIZE</xqdoc:name></xqdoc:ref-variable><xqdoc:ref-variable><xqdoc:uri>http://xproc.net/xproc/const</xqdoc:uri><xqdoc:name>opt-steps</xqdoc:name></xqdoc:ref-variable><xqdoc:ref-variable><xqdoc:uri>http://xproc.net/xproc/const</xqdoc:uri><xqdoc:name>comp-steps</xqdoc:name></xqdoc:ref-variable><xqdoc:ref-variable><xqdoc:uri>http://xproc.net/xproc/const</xqdoc:uri><xqdoc:name>ext-steps</xqdoc:name></xqdoc:ref-variable><xqdoc:body xml:space="preserve">declare function naming:explicitnames($xproc as item()){


if(empty($xproc/*)) then
    ()
else
    let $pipelinename := $xproc/@name
    let $explicitnames :=

        for $step at $count in $xproc/*
            let $stepname := name($step)
            let $is_declared_step := $xproc/p:declare-step[@type=$stepname]
            let $is_standard_step := $const:std-steps/p:declare-step[@type=$stepname]
            let $is_optional_step := $const:opt-steps/p:declare-step[@type=$stepname]
            let $is_extension_step := $const:ext-steps/p:declare-step[@type=$stepname]
            let $is_step := ($is_declared_step,
                             $is_standard_step,
                             $is_optional_step,
                             $is_extension_step)
            let $is_component := $const:comp-steps//xproc:element[@type=$stepname]
            return
               if ( name($step) eq 'p:import') then
                    ()
               else if (name($step) eq 'p:documentation') then
                    ()
               else if (exists($is_component) and $step/@type)then
                    ()
               else if(exists($is_step)) then
                    
                    naming:generate-step($xproc,$is_step,$step,$stepname)
               else if (exists($is_component)) then
                    
                    naming:generate-component($xproc,$is_component,$step,$stepname)
               else
                    
                    u:staticError('err:XS0044', concat("static error during explicit naming pass:  ",$stepname,":",$step/@name,u:serialize($step,$const:TRACE_SERIALIZE)))
    return

		let $sorted := naming:pipeline-step-sort($explicitnames,(),$pipelinename)
		return
        	if(empty($pipelinename))then
    			$sorted
        	else
            	&lt;p:declare-step name="{$pipelinename}"&gt;
                {
                    $sorted
                }
                &lt;ext:post name="{$pipelinename}!"&gt;
					{$xproc/p:serialization/@*}
                    &lt;p:input port="source" primary="true"/&gt;
                    &lt;p:output primary="true" port="stdout" select="/"/&gt;
                &lt;/ext:post&gt;
            	&lt;/p:declare-step&gt;
};</xqdoc:body></xqdoc:function><xqdoc:function><xqdoc:name>fixup</xqdoc:name><xqdoc:signature>fixup($xproc as item(),$stdin)</xqdoc:signature><xqdoc:invoked><xqdoc:uri>http://xproc.net/xproc/util</xqdoc:uri><xqdoc:name>dynamicError</xqdoc:name></xqdoc:invoked><xqdoc:body xml:space="preserve">declare function naming:fixup($xproc as item(),$stdin){

let $pipeline := $xproc/p:*[name(.) = "p:pipeline" or name(.) ="p:declare-step"]
let $steps := &lt;p:declare-step&gt;
               &lt;ext:pre name="!{$pipeline/@name}"&gt;
            {
            if ($pipeline/p:input[@primary='true']) then
                    $pipeline/p:input[@primary='true']
            else
                    &lt;p:input port="source"
                             kind="document"
                             primary="true"
                             select="{if(empty($pipeline/p:input[@port='source']/@select)) then '/' else $pipeline/p:input[@port='source']/@select}"
                             sequence="{$pipeline/p:input[@port='source']/@sequence}"&gt;
                    {if($stdin) then
                        &lt;p:pipe step="{$pipeline/@name}" port="stdin"/&gt;
                    else
                        $pipeline/p:input[@port='source'][@primary="true"]
                    }
                    &lt;/p:input&gt;,

            &lt;p:output port="result" primary="true" select="{if ($pipeline/p:output[@port='result']/@select) then $pipeline/p:output[@port='result']/@select else '/' }"/&gt;,

            $pipeline/p:input[@primary='false'],

            $pipeline/p:output[@primary='false']
            }
           &lt;/ext:pre&gt;
            {
               for $import in $xproc/*/p:import
                return
                    if (doc-available($import/@href)) then
                    let $imported := doc($import/@href)
                    return
                          if ($imported/p:library)then
                            $imported/p:library/*
                          else
                            $imported/p:pipeline/*
                    else
                          u:dynamicError('XD0002',"cannot import pipeline document ")
            }

            {$pipeline/*[not(name(.)="p:input")][not(name(.)="p:output")][not(name(.)="p:import")]}

&lt;/p:declare-step&gt;
return
    &lt;p:declare-step name="{if ($pipeline/@name) then $pipeline/@name else 'xproc:default-pipeline'}"&gt;
        {$steps/*}
    &lt;/p:declare-step&gt;
};</xqdoc:body></xqdoc:function></xqdoc:functions></xqdoc:xqdoc>