<!-- $Id: config-xqdoc.xml 11671 2010-04-12 17:31:25Z ixitar $ --><book><bookinfo><graphic fileref="logo.jpg"/><productname>Open Source Native XML Database</productname><copyright><year>2010</year><holder>The eXist Project</holder></copyright><title>xqDoc</title><date>April 2010</date><author><firstname>Loren</firstname><surname>Cahlander</surname><affiliation><address format="linespecific"><email>loren at syntactica.com</email></address></affiliation></author></bookinfo><xi:include xmlns:xi="http://www.w3.org/2001/XInclude" href="sidebar.xml"/><chapter><title>xqDoc</title><section><title>Introduction</title><para/></section><section><title>Glossary</title><para>This is a glossary of terms associated with xqDoc.</para><para><glosslist id="xqdoc"><glossentry><glossterm>xqDoc</glossterm><glossdef/></glossentry></glosslist></para></section><section><title>Configuration</title><para>By default, the xqDoc service is built and thus is also enabled.</para><section><title>Building from Source</title><para/><example><title>extensions/local.build.properties</title><programlisting><![CDATA[#XQDoc extension
include.feature.xqdoc = true
]]></programlisting></example><para>This extension compiles into <emphasis role="bold"><emphasis role="italic">lib/optional/exist-xqdoc.jar</emphasis></emphasis> in the base directory.</para></section><section><title>Enabling the Service</title><para>This service is enabled by building the feature from source as described
                    above.</para></section><section><title>Disabling the Service</title><para>The only way to disable this service once it is enabled is to remove the
                    <emphasis role="bold"><emphasis role="italic">lib/optional/exist-xqdoc.jar</emphasis></emphasis>
                    file.</para></section></section><section><title>Managing</title><para/></section></chapter></book>