<xqdoc:xqdoc xmlns:xqdoc="http://www.xqdoc.org/1.0"><xqdoc:control><xqdoc:date>Wed Jul 21 13:53:39 CEST 2010</xqdoc:date><xqdoc:version>1.0</xqdoc:version></xqdoc:control><xqdoc:module type="library"><xqdoc:uri>http://www.json.org</xqdoc:uri><xqdoc:name>json</xqdoc:name><xqdoc:comment><xqdoc:description>    Transform XML fragments into <a href="http://www.json.org">JSON</a>. The target of this module    is to create a straight-forward Javasript representation of data-centric XML. It does not try to handle    mixed content nodes (with a mix of elements and text).        <h2>Special rules</h2><p>The root element will be absorbed, i.e. &lt;root&gt;text&lt;/root&gt; becomes "text".</p><p>Child elements with the same name are added to an array.</p><p>If an element has attribute and text content, the text content becomes a       property, e.g. '#text': 'my text'.</p><p>In mixed content nodes, text nodes will be dropped.</p><p>An empty element becomes 'null', i.e. &lt;e/&gt; becomes {"e": null}.</p><p>An element with a single text child becomes a property with the value of the text child, i.e.       &lt;e&gt;text&lt;/e&gt; becomes {"e": "text"}</p></xqdoc:description></xqdoc:comment><xqdoc:body xml:space="preserve">(:~
 :    Transform XML fragments into &lt;a href="http://www.json.org"&gt;JSON&lt;/a&gt;. The target of this module
 :    is to create a straight-forward Javasript representation of data-centric XML. It does not try to handle
 :    mixed content nodes (with a mix of elements and text).
 :    
 :    &lt;h2&gt;Special rules&lt;/h2&gt;
 :       &lt;p&gt;The root element will be absorbed, i.e. &amp;lt;root&amp;gt;text&amp;lt;/root&amp;gt; becomes "text".&lt;/p&gt;
 :       &lt;p&gt;Child elements with the same name are added to an array.&lt;/p&gt;
 :       &lt;p&gt;If an element has attribute and text content, the text content becomes a
 :       property, e.g. '#text': 'my text'.&lt;/p&gt;
 :       &lt;p&gt;In mixed content nodes, text nodes will be dropped.&lt;/p&gt;
 :       &lt;p&gt;An empty element becomes 'null', i.e. &amp;lt;e/&amp;gt; becomes {"e": null}.&lt;/p&gt;
 :       &lt;p&gt;An element with a single text child becomes a property with the value of the text child, i.e.
 :       &amp;lt;e&amp;gt;text&amp;lt;/e&amp;gt; becomes {"e": "text"}&lt;/p&gt;
 :)
module namespace json="http://www.json.org";

(:~
 :   Helper function: output element content for elements with more than one child node or attribute.
 :
 :   Special cases:
 :
 :       &lt;p&gt;Child elements with the same name are added to an array.&lt;/p&gt;
 :       &lt;p&gt;If an element has attribute and text content, the text content becomes a
 :       property, e.g. '#text': 'my text'.&lt;/p&gt;
 :       &lt;p&gt;In mixed content nodes, text nodes will be dropped.&lt;/p&gt;
 :)
declare function json:element-helper($attribs as attribute()*, $children as node()*) {
    string-join((
        (: Output the attributes :)
        for $attr in $attribs
        return
            json:node-to-json($attr),
        if ($children instance of text()+) then
            for $text in $children
            return
                concat('"#text": "', $text, '"')
        else
            for $name in distinct-values(for $c in $children return node-name($c))
            return
                json:node-to-json($children[node-name(.) = $name])
    ),
    ', ')
};

(:~
 :   Helper function: output the contents of a node or attribute.
 :
 :   Special cases:
 :
 :       &lt;p&gt;An empty element becomes 'null', i.e. &amp;lt;e/&amp;gt; becomes {"e": null}.&lt;/p&gt;
 :       &lt;p&gt;An element with a single text child becomes a property with the value of the text child, i.e.
 :       &amp;lt;e&amp;gt;text&amp;lt;/e&amp;gt; becomes {"e": "text"}&lt;/p&gt;
 :)
declare function json:contents-to-json($node as node()) {
    typeswitch ($node)
        case $elem as element() return
            let $children := $elem/node()
            let $attribs := $elem/@*
            return
                (: XML: &lt;e/&gt; JSON: "e": null :) 
                if (count($children) eq 0 and count($attribs) eq 0) then
                    'null'
                (: XML: &lt;e&gt;text&lt;/e&gt; JSON: "e": "text" :)
                else if (count($children) eq 1 and count($attribs) eq 0 
                    and $children[1] instance of text()) then
                    json:node-to-json($children[1])
                else
                    concat('{', json:element-helper($attribs, $children), '}')
        case $attr as attribute() return
            concat('"', string($attr), '"')
        case $text as text() return
            concat('"', $text, '"')
        default return ()
};
(:~
 :    Helper function: convert a node into JSON.
 :)   
declare function json:node-to-json($node as node()+) {
    typeswitch ($node)
        case $elem as element() return
            concat('"', node-name($elem), '" : ', json:contents-to-json($node))
        (: sequence of nodes passed from json:element-helper(), treat as array :)
        case $elements as element()+ return
            concat(
                '"', node-name($elements[1]), '" : [ ',
                string-join(
                    for $e in $elements return json:contents-to-json($e), 
                ', '),
                ']'
            )
        case $attr as attribute() return
            concat('"@', node-name($attr), '": ', json:contents-to-json($attr))
        default return
            json:contents-to-json($node)
};

(:~
 :    Main entry point of the module. Convert a single node into JSON.
 :    The root element will be absorbed.
 :)
declare function json:xml-to-json($node as node()) {
    json:contents-to-json($node)
};
</xqdoc:body></xqdoc:module><xqdoc:functions><xqdoc:function><xqdoc:comment><xqdoc:description>   Helper function: output element content for elements with more than one child node or attribute.   Special cases:       <p>Child elements with the same name are added to an array.</p><p>If an element has attribute and text content, the text content becomes a       property, e.g. '#text': 'my text'.</p><p>In mixed content nodes, text nodes will be dropped.</p></xqdoc:description></xqdoc:comment><xqdoc:name>element-helper</xqdoc:name><xqdoc:signature>element-helper($attribs as attribute()*, $children as node()*)</xqdoc:signature><xqdoc:invoked><xqdoc:uri>http://www.json.org</xqdoc:uri><xqdoc:name>node-to-json</xqdoc:name></xqdoc:invoked><xqdoc:body xml:space="preserve">declare function json:element-helper($attribs as attribute()*, $children as node()*){
    string-join((
        
        for $attr in $attribs
        return
            json:node-to-json($attr),
        if ($children instance of text()+) then
            for $text in $children
            return
                concat('"#text": "', $text, '"')
        else
            for $name in distinct-values(for $c in $children return node-name($c))
            return
                json:node-to-json($children[node-name(.) = $name])
    ),
    ', ')
};</xqdoc:body></xqdoc:function><xqdoc:function><xqdoc:comment><xqdoc:description>   Helper function: output the contents of a node or attribute.   Special cases:       <p>An empty element becomes 'null', i.e. &lt;e/&gt; becomes {"e": null}.</p><p>An element with a single text child becomes a property with the value of the text child, i.e.       &lt;e&gt;text&lt;/e&gt; becomes {"e": "text"}</p></xqdoc:description></xqdoc:comment><xqdoc:name>contents-to-json</xqdoc:name><xqdoc:signature>contents-to-json($node as node())</xqdoc:signature><xqdoc:invoked><xqdoc:uri>http://www.json.org</xqdoc:uri><xqdoc:name>element-helper</xqdoc:name></xqdoc:invoked><xqdoc:invoked><xqdoc:uri>http://www.json.org</xqdoc:uri><xqdoc:name>node-to-json</xqdoc:name></xqdoc:invoked><xqdoc:body xml:space="preserve">declare function json:contents-to-json($node as node()){
    typeswitch ($node)
        case $elem as element() return
            let $children := $elem/node()
            let $attribs := $elem/@*
            return
                 
                if (count($children) eq 0 and count($attribs) eq 0) then
                    'null'
                
                else if (count($children) eq 1 and count($attribs) eq 0 
                    and $children[1] instance of text()) then
                    json:node-to-json($children[1])
                else
                    concat('{', json:element-helper($attribs, $children), '}')
        case $attr as attribute() return
            concat('"', string($attr), '"')
        case $text as text() return
            concat('"', $text, '"')
        default return ()
};</xqdoc:body></xqdoc:function><xqdoc:function><xqdoc:comment><xqdoc:description>    Helper function: convert a node into JSON. </xqdoc:description></xqdoc:comment><xqdoc:name>node-to-json</xqdoc:name><xqdoc:signature>node-to-json($node as node()+)</xqdoc:signature><xqdoc:invoked><xqdoc:uri>http://www.json.org</xqdoc:uri><xqdoc:name>contents-to-json</xqdoc:name></xqdoc:invoked><xqdoc:body xml:space="preserve">declare function json:node-to-json($node as node()+){
    typeswitch ($node)
        case $elem as element() return
            concat('"', node-name($elem), '" : ', json:contents-to-json($node))
        
        case $elements as element()+ return
            concat(
                '"', node-name($elements[1]), '" : [ ',
                string-join(
                    for $e in $elements return json:contents-to-json($e), 
                ', '),
                ']'
            )
        case $attr as attribute() return
            concat('"@', node-name($attr), '": ', json:contents-to-json($attr))
        default return
            json:contents-to-json($node)
};</xqdoc:body></xqdoc:function><xqdoc:function><xqdoc:comment><xqdoc:description>    Main entry point of the module. Convert a single node into JSON.    The root element will be absorbed. </xqdoc:description></xqdoc:comment><xqdoc:name>xml-to-json</xqdoc:name><xqdoc:signature>xml-to-json($node as node())</xqdoc:signature><xqdoc:invoked><xqdoc:uri>http://www.json.org</xqdoc:uri><xqdoc:name>contents-to-json</xqdoc:name></xqdoc:invoked><xqdoc:body xml:space="preserve">declare function json:xml-to-json($node as node()){
    json:contents-to-json($node)
};</xqdoc:body></xqdoc:function></xqdoc:functions></xqdoc:xqdoc>