<xqdoc xmlns="http://www.xqdoc.org/1.0"><control><date>2010-07-21T13:53:37.203+02:00</date><version>1.0</version></control><module type="library"><uri>http://exist-db.org/xquery/sort</uri><name>sort</name><comment><description>Creates and manages pre-ordered indexes for use with an 'order by' expression.</description><since>&amp;lt; eXist-1.5</since></comment></module><functions><function><comment><description>Create a sort index to be used within an 'order by' expression.</description><param>$id The id by which the index will be known and distinguished from other indexes on the same nodes.</param><param>$nodes The node set to be indexed.</param><param>$values The values to be indexed. There should be one value for each node in $nodes. $values thus needs to contain as many items as $nodes. If not, a dynamic error is triggered.</param><param>$options &lt;options order='ascending|descending' empty='least|greatest'/&gt;</param><return/></comment><name>create-index</name><signature>sort:create-index($id as xs:string, $nodes as node()*, $values as xdt:anyAtomicType*, $options as element()?) item()*</signature></function><function><comment><description>Create a sort index to be used within an 'order by' expression.</description><param>$id The id by which the index will be known and distinguished from other indexes on the same nodes.</param><param>$nodes The node set to be indexed.</param><param>$callback A callback function which will be called for every node in the $nodes input set. The function receives the current node as single argument and should return an atomic value by which the node will be sorted.</param><param>$options &lt;options order='ascending|descending' empty='least|greatest'/&gt;</param><return/></comment><name>create-index-callback</name><signature>sort:create-index-callback($id as xs:string, $nodes as node()*, $callback as function, $options as element()?) item()*</signature></function><function><comment><description>Look up a node in the sort index and return a number (&amp;gt; 0) corresponding to the position of that node in the ordered set which was created by a previous call to the sort:create-index function. The function returns the empty sequence if the node cannot be found in the index.</description><param>$id The name of the index.</param><return>A number &amp;gt; 0 or the empty sequence if the $node argument was empty or the node could not be found in the index.</return></comment><name>has-index</name><signature>sort:has-index($id as xs:string) xs:boolean</signature></function><function><comment><description>Look up a node in the sort index and return a number (&amp;gt; 0) corresponding to the position of that node in the ordered set which was created by a previous call to the sort:create-index function. The function returns the empty sequence if the node cannot be found in the index.</description><param>$id The name of the index.</param><param>$node The node to look up.</param><return>A number &amp;gt; 0 or the empty sequence if the $node argument was empty or the node could not be found in the index.</return></comment><name>index</name><signature>sort:index($id as xs:string, $node as node()?) xs:long?</signature></function><function><comment><description>Remove a sort index identified by its name.</description><param>$id The name of the index to be removed.</param><return/></comment><name>remove-index</name><signature>sort:remove-index($id as xs:string) item()*</signature></function><function><comment><description>Remove all sort index entries for the given document.</description><param>$id The name of the index to be removed.</param><param>$document-node A node from the document for which entries should be removed.</param><return/></comment><name>remove-index</name><signature>sort:remove-index($id as xs:string, $document-node as node()) item()*</signature></function></functions></xqdoc>