<xqdoc xmlns="http://www.xqdoc.org/1.0"><control><date>2010-07-21T13:53:37.515+02:00</date><version>1.0</version></control><module type="library"><uri>http://exist-db.org/xquery/validation</uri><name>validation</name><comment><description>A module for XML validation and grammars functions.</description><since>eXist-1.0</since></comment></module><functions><function><comment><description>Remove all cached grammers.</description><param>$a</param><return>the number of deleted grammars.</return></comment><name>clear-grammar-cache</name><signature>validation:clear-grammar-cache() xs:integer</signature></function><function><comment><description>Validate document by parsing $instance. Optionally grammar caching can be enabled. Supported grammars types are '.xsd' and '.dtd'.</description><param>$instance The document referenced as xs:anyURI, a node (element or result of fn:doc()) or as a Java file object.</param><param>$cache-grammars Set the flag to true() to enable grammar caching.</param><return>true() if the document is valid and no single problem occured, false() for all other conditions. For detailed validation information use the corresponding -report() function.</return></comment><name>jaxp</name><signature>validation:jaxp($instance as item(), $cache-grammars as xs:boolean) xs:boolean</signature></function><function><comment><description>Validate document by parsing $instance. Optionally grammar caching can be enabled and an XML catalog can be specified. Supported grammars types are '.xsd' and '.dtd'.</description><param>$instance The document referenced as xs:anyURI, a node (element or result of fn:doc()) or as a Java file object.</param><param>$cache-grammars Set the flag to true() to enable grammar caching.</param><param>$catalogs The catalogs referenced as xs:anyURI's.</param><return>true() if the document is valid and no single problem occured, false() for all other conditions. For detailed validation information use the corresponding -report() function.</return></comment><name>jaxp</name><signature>validation:jaxp($instance as item(), $cache-grammars as xs:boolean, $catalogs as item()*) xs:boolean</signature></function><function><comment><description>Parse document in validating mode, all defaults are filled in according to the grammar (xsd).</description><param>$instance The document referenced as xs:anyURI, a node (element or result of fn:doc()) or as a Java file object.</param><param>$enable-grammar-cache Set the flag to true() to enable grammar caching.</param><param>$catalogs The catalogs referenced as xs:anyURI's.</param><return>the parsed document.</return></comment><name>jaxp-parse</name><signature>validation:jaxp-parse($instance as item(), $enable-grammar-cache as xs:boolean, $catalogs as item()*) node()</signature></function><function><comment><description>Validate document by parsing $instance. Optionally grammar caching can be enabled. Supported grammars types are '.xsd' and '.dtd'. An XML report is returned.</description><param>$instance The document referenced as xs:anyURI, a node (element or result of fn:doc()) or as a Java file object.</param><param>$enable-grammar-cache Set the flag to true() to enable grammar caching.</param><return>a validation report.</return></comment><name>jaxp-report</name><signature>validation:jaxp-report($instance as item(), $enable-grammar-cache as xs:boolean) node()</signature></function><function><comment><description>Validate document by parsing $instance. Optionally grammar caching can be enabled and an XML catalog can be specified. Supported grammars types are '.xsd' and '.dtd'. An XML report is returned.</description><param>$instance The document referenced as xs:anyURI, a node (element or result of fn:doc()) or as a Java file object.</param><param>$enable-grammar-cache Set the flag to true() to enable grammar caching.</param><param>$catalogs The catalogs referenced as xs:anyURI's.</param><return>a validation report.</return></comment><name>jaxp-report</name><signature>validation:jaxp-report($instance as item(), $enable-grammar-cache as xs:boolean, $catalogs as item()*) node()</signature></function><function><comment><description>Validate document specified by $instance using the schemas in $grammars. Based on functionality provided by 'javax.xml.validation.Validator'. Only '.xsd' grammars are supported.</description><param>$instance The document referenced as xs:anyURI, a node (element or returned by fn:doc()) or as a Java file object.</param><param>$grammars One of more XML Schema documents (.xsd), referenced as xs:anyURI, a node (element or returned by fn:doc()) or as Java file objects.</param><return>true() if the document is valid and no single problem occured, false() for all other conditions. For detailed validation information use the corresponding -report() function.</return></comment><name>jaxv</name><signature>validation:jaxv($instance as item(), $grammars as item()+) xs:boolean</signature></function><function><comment><description>Validate document specified by $instance using the schemas in $grammars. Based on functionality provided by 'javax.xml.validation.Validator'. Only '.xsd' grammars are supported. An XML report is returned.</description><param>$instance The document referenced as xs:anyURI, a node (element or returned by fn:doc()) or as a Java file object.</param><param>$grammars One of more XML Schema documents (.xsd), referenced as xs:anyURI, a node (element or returned by fn:doc()) or as Java file objects.</param><return>a validation report.</return></comment><name>jaxv-report</name><signature>validation:jaxv-report($instance as item(), $grammars as item()+) node()</signature></function><function><comment><description>Validate document using 'Jing'. Supported grammar documents extensions are ".xsd" ".rng" ".rnc" ".sch" and ".nvdl". Based on functionality provided by 'com.thaiopensource.validate.ValidationDriver'.</description><param>$instance The document referenced as xs:anyURI, a node (element or returned by fn:doc()) or as a Java file object.</param><param>$grammar The grammar document as node (element of returned by fn:doc()), xs:anyURI, returned by util:binary-doc() or as a Java file object.</param><return>true() if the document is valid and no single problem occured, false() for all other conditions. For detailed validation information use the corresponding -report() function.</return></comment><name>jing</name><signature>validation:jing($instance as item(), $grammar as item()) xs:boolean</signature></function><function><comment><description>Validate document using 'Jing'. Supported grammar documents extensions are ".xsd" ".rng" ".rnc" ".sch" and ".nvdl". Based on functionality provided by 'com.thaiopensource.validate.ValidationDriver'. An XML report is returned.</description><param>$instance The document referenced as xs:anyURI, a node (element or returned by fn:doc()) or as a Java file object.</param><param>$grammar The grammar document as node (element of returned by fn:doc()), xs:anyURI, returned by util:binary-doc() or as a Java file object.</param><return>a validation report.</return></comment><name>jing-report</name><signature>validation:jing-report($instance as item(), $grammar as item()) node()</signature></function><function><comment><description>Pre parse grammars and add to grammar cache. Only XML schemas (.xsd) are supported.</description><param>$grammar Reference to grammar.</param><return>sequence of namespaces of preparsed grammars.</return></comment><name>pre-parse-grammar</name><signature>validation:pre-parse-grammar($grammar as xs:anyURI*) xs:string*</signature></function><function><comment><description>Show all cached grammars.</description><param>$a</param><return>an XML document containing details on all cached grammars.</return></comment><name>show-grammar-cache</name><signature>validation:show-grammar-cache() node()</signature></function><function><comment><description>Validate xml. The grammar files (DTD, XML Schema) are resolved using the global catalog file(s).</description><param>$instance The document referenced as xs:anyURI or a node (element or returned by fn:doc())</param><return>true() if the document is valid and no single problem occured, false() for all other conditions. For detailed validation information use the corresponding -report() function.</return><deprecated>Use the validation:jaxp-parse(), validation:jaxv() or validation:jing() functions.
This function could be removed at anytime during the 1.5 development and will be removed in the 1.6 release.</deprecated></comment><name>validate</name><signature>validation:validate($instance as item()) xs:boolean</signature></function><function><comment><description>Validate document by using a specific grammar.</description><param>$instance The document referenced as xs:anyURI or a node (element or returned by fn:doc())</param><param>$grammar The reference to an OASIS catalog file (.xml), a collection (path ends with '/') or a grammar document. Supported grammar documents extensions are ".dtd" ".xsd" ".rng" ".rnc" ".sch" and ".nvdl".</param><return>true() if the document is valid and no single problem occured, false() for all other conditions. For detailed validation information use the corresponding -report() function.</return><deprecated>Use the validation:jaxp-parse(), validation:jaxv() or validation:jing() functions.
This function could be removed at anytime during the 1.5 development and will be removed in the 1.6 release.</deprecated></comment><name>validate</name><signature>validation:validate($instance as item(), $grammar as xs:anyURI) node()</signature></function><function><comment><description>Validate xml. The grammar files (DTD, XML Schema) are resolved using the global catalog file(s). An  xml report is returned.</description><param>$instance The document referenced as xs:anyURI or a node (element or returned by fn:doc())</param><return>a validation report.</return><deprecated>Use the validation:jaxp-parse-report(), validation:jaxv-report() or validation:jing-report() functions.
This function could be removed at anytime during the 1.5 development and will be removed in the 1.6 release.</deprecated></comment><name>validate-report</name><signature>validation:validate-report($instance as item()) node()</signature></function><function><comment><description>Validate document by using a specific grammar. An xml report is returned.</description><param>$instance The document referenced as xs:anyURI or a node (element or returned by fn:doc())</param><param>$grammar The reference to an OASIS catalog file (.xml), a collection (path ends with '/') or a grammar document. Supported grammar documents extensions are ".dtd" ".xsd" ".rng" ".rnc" ".sch" and ".nvdl".</param><return>a validation report.</return><deprecated>Use the validation:jaxp-parse-report(), validation:jaxv-report() or validation:jing-report() functions.
This function could be removed at anytime during the 1.5 development and will be removed in the 1.6 release.</deprecated></comment><name>validate-report</name><signature>validation:validate-report($instance as item(), $grammar as xs:anyURI) node()</signature></function></functions></xqdoc>