<xqdoc xmlns="http://www.xqdoc.org/1.0"><control><date>2010-07-21T13:53:37.281+02:00</date><version>1.0</version></control><module type="library"><uri>http://exist-db.org/xquery/examples</uri><name>example</name><comment><description>A module for showing good examples of module usage</description><since>eXist-1.2</since></comment></module><functions><function><comment><description>A useless example function. It just echoes the input parameters.</description><param>$text The text to echo</param><return>the echoed text</return></comment><name>echo</name><signature>example:echo($text as xs:string*) xs:string*</signature></function></functions></xqdoc>