<!-- $Id: documentation.xml 11870 2010-06-26 00:32:39Z ixitar $ --><book><bookinfo><graphic fileref="logo.jpg"/><productname>Open Source Native XML Database</productname><title>Documentation</title><date>September 2009</date><author><firstname>Wolfgang M.</firstname><surname>Meier</surname><affiliation><address format="linespecific"><email>wolfgang at exist-db.org</email></address></affiliation></author></bookinfo><xi:include xmlns:xi="http://www.w3.org/2001/XInclude" href="sidebar.xml"/><chapter><title>Documentation</title><section><title>Recommended Reading</title><para>If you are new to eXist, we recommend to at least scan through the following
                documents to get an overview of the most important features:</para><itemizedlist><listitem><para><ulink url="quickstart.xml">Quick Start</ulink></para></listitem><listitem><para><ulink url="xquery.xml">XQuery</ulink></para></listitem><listitem><para><ulink url="devguide_xquery.xml">Writing Web Applications using
                            XQuery</ulink></para></listitem><listitem><para><ulink url="tuning.xml">Performance Tuning</ulink></para></listitem></itemizedlist><para>Also, there are some <ulink url="articles">articles, tutorials and blog
                    posts</ulink> which may provide valuable information.</para></section><section><title>Available Documentation</title><para>We recommend to have a look at the <ulink url="quickstart.xml">Quick Start</ulink>
                first, then maybe continue to read about <ulink url="xquery.xml">XQuery
                    support</ulink>, in particular eXist-specific extensions and features.</para><para>You can <ulink url="xquery/search.xql">search the documentation</ulink> as well as
                the XQuery <ulink url="xquery/functions.xql">function module library</ulink>.</para><section><title>General</title><table class="documentation"><tgroup cols="2"><tbody><tr><td class="doclink"><ulink url="quickstart.xml">Quick
                                    Start</ulink>:</td><td>getting started with eXist.</td></tr><tr><td class="doclink"><ulink url="upgrading.xml">Upgrade
                                    Guide</ulink>:</td><td>upgrading from previous versions.</td></tr><tr><td class="doclink"><ulink url="articles">External
                                    Articles</ulink>:</td><td>links to external articles, tutorials and blog posts.</td></tr><tr><td class="doclink"><ulink url="indexing.xml">Configuring
                                        Indexes</ulink>:</td><td>how to configure indexes (<emphasis>must read</emphasis>)</td></tr><tr><td class="doclink"><ulink url="deployment.xml">Deployment</ulink>:</td><td>eXist supports different alternatives for server
                                    deployment.</td></tr><tr><td class="doclink"><ulink url="devguide.xml">Developer's
                                        Guide</ulink>:</td><td>describes the various interfaces: XML:DB API, XML-RPC, REST,
                                    SOAP.</td></tr><tr><td class="doclink"><ulink url="security.xml">Security</ulink>:</td><td>creating/changing users, passwords and resource
                                    permissions.</td></tr><tr><td class="doclink"><ulink url="configuration.xml">Server
                                    Configuration</ulink>:</td><td>configuration options for the server.</td></tr><tr><td class="doclink"><ulink url="exist-stack.xml">LEXA, the eXist
                                    Stack</ulink>:</td><td>steps to create an implementation of LEXA, the eXist stack.</td></tr><tr><td class="doclink"><ulink url="tuning.xml">Tuning
                                    Guide</ulink>:</td><td>provides a few rules to consider when tuning the db and the
                                    XQueries</td></tr></tbody></tgroup></table></section><section><title>Documentation for Specific Features</title><table class="documentation"><tgroup cols="2"><tbody><tr><td class="doclink"><ulink url="ant-tasks.xml">Ant
                                    Tasks</ulink>:</td><td>how to automate tasks with Ant.</td></tr><tr><td class="doclink"><ulink url="atompub.xml">Atom Publishing
                                        Protocol</ulink>:</td><td>how to configure and interact over the Atom Publishing Protocol
                                    to treat your collections as Atom feeds.</td></tr><tr><td class="doclink"><ulink url="backup.xml">Backup and
                                        Restore</ulink>:</td><td>explains how to backup/restore your database contents.</td></tr><tr><td class="doclink"><ulink url="cluster.xml">Cluster
                                        configuration</ulink>:</td><td>how to configure cluster environment.</td></tr><tr><td class="doclink"><ulink url="triggers.xml">Configuring
                                        Triggers</ulink>:</td><td>how to configure triggers.</td></tr><tr><td class="doclink"><ulink url="jmx.xml">JMX</ulink></td><td>support for Java Management Extensions (JMX)</td></tr><tr><td class="doclink"><ulink url="client.xml">Java Admin
                                        Client</ulink>:</td><td>describes command-line usage of the Java client</td></tr><tr><td class="doclink"><ulink url="kwic.xml">KWIC display
                                        module</ulink>:</td><td>an XQuery module to easily produce a Keywords in Context (KWIC)
                                    output of search results</td></tr><tr><td class="doclink"><ulink url="ldap-security.xml">LDAP Security
                                        Manager</ulink>:</td><td>configuring eXist to use LDAP for users and groups.</td></tr><tr><td class="doclink"><ulink url="lucene.xml">Lucene-based Full Text
                                        Index</ulink>:</td><td>Apache Lucene integrated into eXist's XQuery engine</td></tr><tr><td class="doclink"><ulink url="scheduler.xml">Scheduler
                                        Module</ulink>:</td><td>optional module for scheduling jobs.</td></tr><tr><td class="doclink"><ulink url="urlrewrite.xml">URL Rewriting and
                                        MVC Framework</ulink>:</td><td>a simple, yet powerful module for URL rewriting and redirection
                                    with some support for MVC (model-view-controller) and
                                    servlet-based pipelines</td></tr><tr><td class="doclink"><ulink url="validation.xml">Validation</ulink>:</td><td>validate xml documents.</td></tr><tr><td class="doclink"><ulink url="versioning.xml">Versioning</ulink>:</td><td>versioning extensions</td></tr><tr><td class="doclink"><ulink url="webdav.xml">WebDAV</ulink>:</td><td>how to setup your favourite webDAV enabled application.</td></tr><tr><td class="doclink"><ulink url="xacml.xml">XACML</ulink>:</td><td>XQuery access control.</td></tr><tr><td class="doclink"><ulink url="xinclude.xml">XInclude</ulink>:</td><td>XInclude support in eXist.</td></tr><tr><td class="doclink"><ulink url="xforms/xforms.xml">XForms</ulink>:</td><td>XForms support in eXist using xsltforms.</td></tr><tr><td class="doclink"><ulink url="xproc/xproc.xml">XProc</ulink>:</td><td>XProc support in eXist using xprocxq.</td></tr><tr><td class="doclink"><ulink url="xquery.xml">XQuery</ulink>:</td><td>current status, supported features and extensions.</td></tr><tr><td class="doclink"><ulink url="update_ext.xml">XQuery Update
                                        Extensions</ulink>:</td><td>eXist provides a number of extensions to update document
                                    fragments from within an XQuery.</td></tr><tr><td><ulink url="debugger.xml">XQuery Debugger</ulink></td><td>Since version 1.4, eXist provides a debugging interface to debug
                                    XQuery code on the server. The feature basically works, though
                                    it is currently still incomplete, in particular with respect to
                                    the client side. We used emacs and vi as our main clients during
                                    development.</td></tr></tbody></tgroup></table></section><section><title>eXist Development</title><table class="documentation"><tgroup cols="2"><tbody><tr><td class="doclink"><ulink url="devguide_manifesto.xml">eXist-db Developer Manifesto</ulink>:</td><td>Guidelines for developing and contributing to the eXist-db code base.</td></tr><tr><td class="doclink"><ulink url="building.xml">Building
                                    eXist</ulink>:</td><td>compiling and building eXist distributions, using the Subversion
                                    repository.</td></tr><tr><td class="doclink"><ulink url="devguide_indexes.xml">Developer's
                                        Guide to Modularized Indexes</ulink>:</td><td>describes, through a use case, how modularized indexes
                                    work.</td></tr><tr><td class="doclink"><ulink url="eclipse.xml">Eclipse Setup
                                        Notes</ulink>:</td><td>a few notes on how to setup eclipse to run eXist in a debugging
                                    mode ...</td></tr><tr><td class="doclink"><ulink url="devguide_log4j.xml">Log4J Logging
                                        Guide</ulink>:</td><td>a few notes on how use Log4J within eXist code ...</td></tr><tr><td class="doclink"><ulink url="devguide_codereview.xml">Code Review
                                        Guide</ulink>:</td><td>a few notes on reviewing code during development ...</td></tr></tbody></tgroup></table></section><section><title>Production use</title><table class="documentation"><tgroup cols="2"><tbody><tr><td class="doclink"><ulink url="production_good_practice.xml">Production use Good Practice</ulink>:</td><td>Points of Good Practice for using eXist in a production
                                    environment.</td></tr><tr><td class="doclink"><ulink url="production_web_proxying.xml">Proxying eXist behind a Web Server</ulink>:</td><td>Details of how to proxy eXist behind various web servers.</td></tr></tbody></tgroup></table></section></section><section><title>Documentation on the Wiki</title><para>Further documentation can be found in the <ulink url="http://atomic.exist-db.org">Wiki</ulink>. Among other things, have a look at:</para><itemizedlist><listitem><para><ulink url="http://atomic.exist-db.org/HowTo/">Various HowTos</ulink></para></listitem><listitem><para><ulink url="http://atomic.exist-db.org/FAQs/">Some frequently asked
                            questions</ulink></para></listitem><listitem><para><ulink url="http://atomic.exist-db.org/articles/XMLPrague2006">XMLPrague
                            2006 papers and presentations</ulink></para></listitem></itemizedlist></section></chapter></book>