<xqdoc xmlns="http://www.xqdoc.org/1.0"><control><date>2010-07-21T13:53:37.859+02:00</date><version>1.0</version></control><module type="library"><uri>http://exist-db.org/xquery/response</uri><name>response</name><comment><description>A module for dealing with HTTP responses.</description><since>eXist-1.0</since></comment></module><functions><function><comment><description>Returns whether a response object exists.</description><param>$a</param><return>true if the response object exists</return></comment><name>exists</name><signature>response:exists() xs:boolean</signature></function><function><comment><description>Sends a HTTP redirect response (302) to the client. Note: this is not supported by the Cocooon generator. Use a sitemap redirect instead.</description><param>$uri The URI to redirect the client to</param></comment><name>redirect-to</name><signature>response:redirect-to($uri as xs:anyURI) empty()</signature></function><function><comment><description>Sets a HTTP Cookie on the HTTP Response.</description><param>$name The cookie name</param><param>$value The cookie value</param></comment><name>set-cookie</name><signature>response:set-cookie($name as xs:string, $value as xs:string) empty()</signature></function><function><comment><description>Sets a HTTP Cookie on the HTTP Response.</description><param>$name The cookie name</param><param>$value The cookie value</param><param>$max-age The xs:duration of the cookie</param><param>$secure-flag The flag on whether the cookie is to be secure (eg. only transferred using HTTPS)</param></comment><name>set-cookie</name><signature>response:set-cookie($name as xs:string, $value as xs:string, $max-age as xs:duration, $secure-flag as xs:boolean?) empty()</signature></function><function><comment><description>Sets a HTTP Cookie on the HTTP Response.</description><param>$name The cookie name</param><param>$value The cookie value</param><param>$max-age The xs:duration of the cookie</param><param>$secure-flag The flag on whether the cookie is to be secure (eg. only transferred using HTTPS)</param><param>$domain The flag on whether the cookie is to be secure (eg. only transferred using HTTPS)</param><param>$path The flag on whether the cookie is to be secure (eg. only transferred using HTTPS)</param></comment><name>set-cookie</name><signature>response:set-cookie($name as xs:string, $value as xs:string, $max-age as xs:duration, $secure-flag as xs:boolean?, $domain as xs:string?, $path as xs:string?) empty()</signature></function><function><comment><description>Sets a HTTP Header on the HTTP Response.</description><param>$name The header name</param><param>$value The header value</param></comment><name>set-date-header</name><signature>response:set-date-header($name as xs:string, $value as xs:string) empty()</signature></function><function><comment><description>Sets a HTTP Header on the HTTP Response.</description><param>$name The header name</param><param>$value The header value</param></comment><name>set-header</name><signature>response:set-header($name as xs:string, $value as xs:string) empty()</signature></function><function><comment><description>Sets a HTTP server status code on the HTTP Response.</description><param>$code The status code</param></comment><name>set-status-code</name><signature>response:set-status-code($code as xs:integer) empty()</signature></function><function><comment><description>Streams the binary data to the current servlet response output stream. The ContentType HTTP header is set to the value given in $content-type.This function only works within a servlet context, not within Cocoon. Note: the servlet output stream will be closed afterwards and mime-type settings in the prolog will not be passed.</description><param>$binary-data The binary data to stream</param><param>$content-type The ContentType HTTP header value</param><param>$filename The filename.  If no filename is given, then the current request name is used</param><param>overloaded</param></comment><name>stream-binary</name><signature>response:stream-binary($binary-data as xs:base64Binary, $content-type as xs:string, $filename as xs:string?, ...) empty()</signature></function></functions></xqdoc>