<xqdoc xmlns="http://www.xqdoc.org/1.0"><control><date>2010-07-21T13:53:37.796+02:00</date><version>1.0</version></control><module type="library"><uri>http://exist-db.org/xquery/xmldb</uri><name>xmldb</name><comment><description>A module for database manipulation functions.</description><since>pre eXist-1.0</since></comment></module><functions><function><comment><description>Check if the user, $user-id, can authenticate against the database collection $collection-uri. The function simply tries to read the collection $collection-uri, using the credentials $user-id and $password. Collection URIs can be specified either as a simple collection path or an XMLDB URI. It returns true if the authentication succeeds, false otherwise.</description><param>$collection-uri The collection URI</param><param>$user-id The user-id</param><param>$password The password</param><return>true() on successful authentication, false() otherwise</return></comment><name>authenticate</name><signature>xmldb:authenticate($collection-uri as xs:string, $user-id as xs:string?, $password as xs:string?) xs:boolean</signature></function><function><comment><description>Change properties of an existing database user. The XQuery owner must have appropriate privileges to do this, e.g. having DBA role. $user-id is the username, $password is the password, $groups is the sequence of group memberships, $home-collection is the home collection. The username, $user-id, is mandatory. Non-empty values for the other parameters are optional, where if empty the existing value is used.</description><param>$user-id The user-id</param><param>$password The password</param><param>$groups The groups the user is member of</param><param>$home-collection The user's home collection</param></comment><name>change-user</name><signature>xmldb:change-user($user-id as xs:string, $password as xs:string?, $groups as xs:string*, $home-collection as xs:string?) empty()</signature></function><function><comment><description>Sets the mode of collection $collection. $mode is the mode as xs:integer. PLEASE REMEMBER that octal number 0755 is 7*64+5*8+5 i.e. 493 in decimal NOT 755. You can use util:base-to-integer(0755, 8) as argument for convenience.</description><param>$collection The collection path</param><param>$mode The mode as xs:integer</param></comment><name>chmod-collection</name><signature>xmldb:chmod-collection($collection as xs:string, $mode as xs:integer) empty()</signature></function><function><comment><description>Sets the mode of the resource $resource in collection $collection, $mode is the mode as xs:integer. PLEASE REMEMBER that octal number 0755 is 7*64+5*8+5 i.e. 493 in decimal NOT 755. You can use util:base-to-integer(0755, 8) as argument for convenience.</description><param>$collection The collection</param><param>$resource The resource</param><param>$mode The mode as xs:integer</param></comment><name>chmod-resource</name><signature>xmldb:chmod-resource($collection as xs:string, $resource as xs:string, $mode as xs:integer) empty()</signature></function><function><comment><description>Returns true() if the collection $collection-uri exists and is available, otherwise false(). Collection URIs can be specified either as a simple collection path or an XMLDB URI.</description><param>$collection-uri The collection URI</param><return>true() if the collection exists and is available, false() otherwise</return></comment><name>collection-available</name><signature>xmldb:collection-available($collection-uri as xs:string) xs:boolean</signature></function><function><comment><description>Copy the collection $source-collection-uri to the collection $target-collection-uri. Collection URIs can be specified either as a simple collection path or an XMLDB URI.</description><param>$source-collection-uri The source collection URI</param><param>$target-collection-uri The target collection URI</param></comment><name>copy</name><signature>xmldb:copy($source-collection-uri as xs:string, $target-collection-uri as xs:string) empty()</signature></function><function><comment><description>Copy the resource $resource in $source-collection-uri to collection $target-collection-uri. Collection URIs can be specified either as a simple collection path or an XMLDB URI.</description><param>$source-collection-uri The source collection URI</param><param>$target-collection-uri the target collection URI</param><param>$resource the resource to copy</param></comment><name>copy</name><signature>xmldb:copy($source-collection-uri as xs:string, $target-collection-uri as xs:string, $resource as xs:string) empty()</signature></function><function><comment><description>Create a new collection with name $new-collection as a child of $target-collection-uri. Collection URIs can be specified either as a simple collection path or an XMLDB URI.Returns the path to the new collection if successfully created, otherwise the empty sequence.</description><param>$target-collection-uri The target collection URI</param><param>$new-collection The name of the new collection to create</param><return>the path to the new collection if successfully created, otherwise the empty sequence</return></comment><name>create-collection</name><signature>xmldb:create-collection($target-collection-uri as xs:string, $new-collection as xs:string) xs:string?</signature></function><function><comment><description>Create a new user, $user-id, in the database. The XQuery owner must have appropriate privileges to do this, e.g. having DBA role. $user-id is the username, $password is the password, $groups is the sequence of group memberships. The first group in the sequence is the primary group.$home-collection-uri is the home collection URI.Collection URIs can be specified either as a simple collection path or an XMLDB URI.</description><param>$user-id The user-id</param><param>$password The password</param><param>$groups The group memberships</param><param>$home-collection-uri The home collection URI</param></comment><name>create-user</name><signature>xmldb:create-user($user-id as xs:string, $password as xs:string, $groups as xs:string+, $home-collection-uri as xs:string?) empty()</signature></function><function><comment><description>Returns the creation date of the collection $collection-uri. Collection URIs can be specified either as a simple collection path or an XMLDB URI.</description><param>$collection-uri The collection URI</param><return>the creation date</return></comment><name>created</name><signature>xmldb:created($collection-uri as xs:string) xs:dateTime</signature></function><function><comment><description>Returns the creation date of the resource $resource in $collection-uri. Collection URIs can be specified either as a simple collection path or an XMLDB URI.</description><param>$collection-uri The collection URI</param><param>$resource The resource</param><return>the creation date</return></comment><name>created</name><signature>xmldb:created($collection-uri as xs:string, $resource as xs:string) xs:dateTime</signature></function><function><comment><description>Decodes the string $string such that any percent encoded octets will be translated to their decoded UTF-8 representation.</description><param>$string The input string</param><return>the decoded string</return></comment><name>decode</name><signature>xmldb:decode($string as xs:string) xs:string</signature></function><function><comment><description>Decodes the URI $uri such that any percent encoded octets will be translated to their decoded UTF-8 representation.</description><param>$uri The URI</param><return>the decoded $uri as xs:string</return></comment><name>decode-uri</name><signature>xmldb:decode-uri($uri as xs:anyURI) xs:string</signature></function><function><comment><description>Start a defragmentation run on each document which has a node in $nodes. Fragmentation may occur if nodes are inserted into a document using XQuery update extensions. Please note that defragmenting a document changes its internal structure, so any references to this document will become invalid, in particular, variables pointing to some nodes in the document.</description><param>$nodes The sequence of nodes from the documents to defragment</param></comment><name>defragment</name><signature>xmldb:defragment($nodes as node()+) empty()</signature></function><function><comment><description>Start a defragmentation run on each document which has a node in $nodes. Fragmentation may occur if nodes are inserted into a document using XQuery update extensions. The second argument specifies the minimum number of fragmented pages which should be in a document before it is considered for defragmentation. Please note that defragmenting a document changes its internal structure, so any references to this document will become invalid, in particular, variables pointing to some nodes in the document.</description><param>$nodes The sequence of nodes from the documents to defragment</param><param>$integer The minimum number of fragmented pages required before defragmenting</param></comment><name>defragment</name><signature>xmldb:defragment($nodes as node()+, $integer as xs:integer) empty()</signature></function><function><comment><description>Deletes an existing user, $user-id, in the database. This does not delete the user's home collection. The XQuery owner must have appropriate privileges to do this, e.g. having DBA role, and not being the owner of the currently running XQuery. You cannot delete the owner of the currently running XQuery.</description><param>$user-id The user-id to delete</param></comment><name>delete-user</name><signature>xmldb:delete-user($user-id as xs:string) empty()</signature></function><function><comment><description>Returns the documents $document-uris in the input sequence. Collection URIs can be specified either as a simple collection path or an XMLDB URI.If the input sequence is empty, the function will load all documents in the database.</description><param>$document-uris The document URIs</param><param>overloaded</param><return>the documents</return><deprecated>See the standard fn:doc() function
This function could be removed at anytime during the 1.5 development and will be removed in the 1.6 release.</deprecated></comment><name>document</name><signature>xmldb:document($document-uris as xs:string+, ...) node()*</signature></function><function><comment><description>Returns the user-id of the user that holds a write lock on the resource $resource in the collection $collection-uri.  If no lock is in place, the empty sequence is returned. Collection URIs can be specified either as a simple collection path or an XMLDB URI.</description><param>$collection-uri The collection URI</param><param>$resource The resource</param><return>the user id of the lock owner, otherwise if not locked the empty sequence</return></comment><name>document-has-lock</name><signature>xmldb:document-has-lock($collection-uri as xs:string, $resource as xs:string) xs:string?</signature></function><function><comment><description>Encodes the string $string such that it will be a valid collection or resource path. Provides similar functionality to java's URLEncoder.encode() function, with some enhancements.</description><param>$string The input string</param><return>the URL encoded string</return></comment><name>encode</name><signature>xmldb:encode($string as xs:string) xs:string</signature></function><function><comment><description>Encodes the string $string such that it will be a valid collection or resource path. Provides similar functionality to java's URLEncoder.encode() function, with some enhancements. Returns an xs:anyURI object representing a valid XmldbURI</description><param>$string The input string</param><return>the XmldbURI encoded from $string</return></comment><name>encode-uri</name><signature>xmldb:encode-uri($string as xs:string) xs:anyURI</signature></function><function><comment><description>Returns true if the user $user-id exists.</description><param>$user-id The user-id</param><return>true() if the user exists, false() otherwise</return></comment><name>exists-user</name><signature>xmldb:exists-user($user-id as xs:string) xs:boolean</signature></function><function><comment><description>Returns the names of the child collections in the collection $collection-uri. Collection URIs can be specified either as a simple collection path or an XMLDB URI.</description><param>$collection-uri The collection URI</param><return>the sequence of child collection names</return></comment><name>get-child-collections</name><signature>xmldb:get-child-collections($collection-uri as xs:string) xs:string*</signature></function><function><comment><description>Returns the names of the child resources in collection $collection-uri. Collection URIs can be specified either as a simple collection path or an XMLDB URI.</description><param>$collection-uri The collection URI</param><return>the sequence of resource names</return></comment><name>get-child-resources</name><signature>xmldb:get-child-resources($collection-uri as item()) xs:string*</signature></function><function><comment><description>Returns the user-id of the current user from the xquery context.</description><param>$a</param><return>the user-id of the current user</return></comment><name>get-current-user</name><signature>xmldb:get-current-user() xs:string</signature></function><function><comment><description>Returns the user-id of the current user from the xquery context.</description><param>$name The name of the user attribute</param><return>the attribute value of the current user</return></comment><name>get-current-user-attribute</name><signature>xmldb:get-current-user-attribute($name as xs:string) xs:string?</signature></function><function><comment><description>Returns the names of the attributes of the current user from the xquery context.</description><param>$a</param><return>the attribute names of the current user</return></comment><name>get-current-user-attribute-names</name><signature>xmldb:get-current-user-attribute-names() xs:string*</signature></function><function><comment><description>Returns the owner group of the collection $collection-uri. Collection URIs can be specified either as a simple collection path or an XMLDB URI.</description><param>$collection-uri The collection URI</param><return>the owner group</return></comment><name>get-group</name><signature>xmldb:get-group($collection-uri as xs:string) xs:string?</signature></function><function><comment><description>Returns the owner group of the resource $resource in the collection $collection-uri. Collection URIs can be specified either as a simple collection path or an XMLDB URI.</description><param>$collection-uri The collection URI</param><param>$resource The resource</param><return>the owner group</return></comment><name>get-group</name><signature>xmldb:get-group($collection-uri as xs:string, $resource as xs:string) xs:string?</signature></function><function><comment><description>Returns the MIME type if available of the resource $resource-uri, otherwise the empty sequence. Resource URIs can be specified either as a simple collection path, an XMLDB URI or any URI.</description><param>$resource-uri The resource URI</param><return>the mime-type if available, otherwise the empty sequence</return></comment><name>get-mime-type</name><signature>xmldb:get-mime-type($resource-uri as xs:anyURI) xs:string?</signature></function><function><comment><description>Returns the owner user-id of the collection $collection-uri. Collection URIs can be specified either as a simple collection path or an XMLDB URI.</description><param>$collection-uri The collection URI</param><return>the user-id</return></comment><name>get-owner</name><signature>xmldb:get-owner($collection-uri as item()) xs:string?</signature></function><function><comment><description>Returns the owner user-id of the resource $resource in collection $collection-uri. Collection URIs can be specified either as a simple collection path or an XMLDB URI.</description><param>$collection-uri The collection URI</param><param>$resource The resource</param><return>the user-id</return></comment><name>get-owner</name><signature>xmldb:get-owner($collection-uri as item(), $resource as xs:string) xs:string?</signature></function><function><comment><description>Returns the permissions assigned to the collection $collection-uri. Collection URIs can be specified either as a simple collection path or an XMLDB URI.</description><param>$collection-uri The collection-uri</param><return>the collection permissions</return></comment><name>get-permissions</name><signature>xmldb:get-permissions($collection-uri as xs:string) xs:int?</signature></function><function><comment><description>Returns the permissions assigned to the resource $resource in collection $collection-uri. Collection URIs can be specified either as a simple collection path or an XMLDB URI.</description><param>$collection-uri The collection-uri</param><param>$resource The resource</param><return>the resource permissions</return></comment><name>get-permissions</name><signature>xmldb:get-permissions($collection-uri as xs:string, $resource as xs:string) xs:int?</signature></function><function><comment><description>Returns the sequence of groups the user $user-id is a member of.</description><param>$user-id The user-id</param><return>the group memberships</return></comment><name>get-user-groups</name><signature>xmldb:get-user-groups($user-id as xs:string) xs:string+</signature></function><function><comment><description>Returns the user's home collection URI or the empty sequence if no home collection is assigned to the user $user-id.</description><param>$user-id The user-id</param><return>the home collection URI of user $user-id if one is assigned, otherwise the empty sequence</return></comment><name>get-user-home</name><signature>xmldb:get-user-home($user-id as xs:string) xs:anyURI?</signature></function><function><comment><description>Returns true() if user $user-id has DBA role, false() otherwise.</description><param>$user-id The user-id</param><return>true() if user has DBA role, false() otherwise</return></comment><name>is-admin-user</name><signature>xmldb:is-admin-user($user-id as xs:string) xs:boolean?</signature></function><function><comment><description>Returns the true() if current user from the xquery context is authenticated, false() otherwise.</description><param>$a</param><return>true() if user from the xquery context is authenticated, false() otherwise</return></comment><name>is-authenticated</name><signature>xmldb:is-authenticated() xs:boolean</signature></function><function><comment><description>Returns the last-modification date of resource $resource in collection $collection-uri. Collection URIs can be specified either as a simple collection path or an XMLDB URI.</description><param>$collection-uri The collection URI</param><param>$resource The resource</param><return>the last modification date</return></comment><name>last-modified</name><signature>xmldb:last-modified($collection-uri as item(), $resource as xs:string) xs:dateTime?</signature></function><function><comment><description>Login the user, $user-id, and set it as the owner of the currently executing XQuery. Collection URIs can be specified either as a simple collection path or an XMLDB URI. It returns true if the authentication succeeds, false otherwise. If called from a HTTP context the login is cached for the lifetime of the HTTP session and may be used for any XQuery run in that session. If an HTTP session does not already exist, none will be created.</description><param>$collection-uri The collection URI</param><param>$user-id The user-id</param><param>$password The password</param><return>true() on successful authentication and owner elevation, false() otherwise</return></comment><name>login</name><signature>xmldb:login($collection-uri as xs:string, $user-id as xs:string?, $password as xs:string?) xs:boolean</signature></function><function><comment><description>Login the user, $user-id, and set it as the owner of the currently executing XQuery. Collection URIs can be specified either as a simple collection path or an XMLDB URI. It returns true() if the authentication succeeds, false() otherwise. If called from a HTTP context the login is cached for the lifetime of the HTTP session and may be used for any XQueryrun in that session. $create-session specifies whether to create an HTTP session on successful authentication or not. If $create-session is false() or the empty sequence no session will be created if one does not already exist.</description><param>$collection-uri The collection URI</param><param>$user-id The user-id</param><param>$password The password</param><param>$create-session whether to create the session or not on successful authentication, default false()</param><return>true() on successful authentication and owner elevation, false() otherwise</return></comment><name>login</name><signature>xmldb:login($collection-uri as xs:string, $user-id as xs:string?, $password as xs:string?, $create-session as xs:boolean?) xs:boolean</signature></function><function><comment><description>Moves the collection $source-collection-uri into the collection $target-collection-uri. Collection URIs can be specified either as a simple collection path or an XMLDB URI.</description><param>$source-collection-uri The source collection URI</param><param>$target-collection-uri The target collection URI</param></comment><name>move</name><signature>xmldb:move($source-collection-uri as xs:string, $target-collection-uri as xs:string) empty()</signature></function><function><comment><description>Moves the resource $resource from the collection $source-collection-uri into collection $target-collection-uri. Collection URIs can be specified either as a simple collection path or an XMLDB URI.</description><param>$source-collection-uri The source collection URI</param><param>$target-collection-uri The target collection URI</param><param>$resource The resource</param></comment><name>move</name><signature>xmldb:move($source-collection-uri as xs:string, $target-collection-uri as xs:string, $resource as xs:string) empty()</signature></function><function><comment><description>Formats the resource or collection permissions, $permissions, passed as an integer value into a string. The returned string shows the permissions following the Unix conventions, i.e. all permissions set is returned as rwurwurwu, where the first three chars are for user permissions, followed by group and other users. 'r' denotes read, 'w' write and 'u' update permissions.</description><param>$permissions The permissions in xs:integer format</param><return>the permissions as string 'rwu' for, user, group and other</return></comment><name>permissions-to-string</name><signature>xmldb:permissions-to-string($permissions as xs:integer) xs:string?</signature></function><function><comment><description>Registers an XMLDB driver class with the XMLDB Database Manager. This is only required if you want to access a database instance different from the one that executes the XQuery.</description><param>$driver The DB driver</param><param>$create-db The flag to create the db if it does not exist</param><return>true() if successfully registered, false() otherwise</return></comment><name>register-database</name><signature>xmldb:register-database($driver as xs:string, $create-db as xs:boolean) xs:boolean</signature></function><function><comment><description>Reindex collection $collection-uri. Collection URIs can be specified either as a simple collection path or an XMLDB URI. The XQuery owner must have appropriate privileges to do this, e.g. having DBA role.</description><param>$collection-uri The collection URI</param><return>true() if successfully reindexed, false() otherwise</return></comment><name>reindex</name><signature>xmldb:reindex($collection-uri as xs:string) xs:boolean</signature></function><function><comment><description>Removes the collection $collection-uri and its contents from the database. Collection URIs can be specified either as a simple collection path or an XMLDB URI.</description><param>$collection-uri The collection URI</param></comment><name>remove</name><signature>xmldb:remove($collection-uri as xs:string) empty()</signature></function><function><comment><description>Removes the resource $resource from the collection $collection-uri. Collection URIs can be specified either as a simple collection path or an XMLDB URI.</description><param>$collection-uri The collection URI</param><param>$resource The resource</param></comment><name>remove</name><signature>xmldb:remove($collection-uri as xs:string, $resource as xs:string) empty()</signature></function><function><comment><description>Renames the resource $resource in collection $collection-uri with new name $new-resource-name. Collection URIs can be specified either as a simple collection path or an XMLDB URI.</description><param>$collection-uri The collection URI</param><param>$resource The resource</param><param>$new-resource-name The new resource name</param></comment><name>rename</name><signature>xmldb:rename($collection-uri as xs:string, $resource as xs:string, $new-resource-name as xs:string) empty()</signature></function><function><comment><description>Renames the collection $source-collection-uri with new name $new-collection-name. Collection URIs can be specified either as a simple collection path or an XMLDB URI.</description><param>$source-collection-uri The source collection URI</param><param>$new-collection-name The new collection name</param></comment><name>rename</name><signature>xmldb:rename($source-collection-uri as xs:string, $new-collection-name as xs:string) empty()</signature></function><function><comment><description>Sets the permissions of the collection $collection-uri. Collection URIs can be specified either as a simple collection path or an XMLDB URI. $user-id specifies the user which will become the owner of the resource, $group-id the group, and $permissons the permissions as an xs:integer value. PLEASE REMEMBER that octal number 0755 is 7*64+5*8+5 i.e. 493 in decimal NOT 755. You can use util:base-to-integer(0755, 8) as argument for convenience.</description><param>$collection-uri The collection URI</param><param>$user-id The user-id</param><param>$group-id The group-id</param><param>$permissions The permissions</param></comment><name>set-collection-permissions</name><signature>xmldb:set-collection-permissions($collection-uri as xs:string, $user-id as xs:string, $group-id as xs:string, $permissions as xs:integer) empty()</signature></function><function><comment><description>Sets the permissions of the resource $resource in collection $collection-uri. Collection URIs can be specified either as a simple collection path or an XMLDB URI. $user-id specifies the user which will become the owner of the resource, $group-id the group, and  $permissions the permissions as an xs:integer value. PLEASE REMEMBER that octal number 0755 is 7*64+5*8+5 i.e. 493 in decimal NOT 755. You can use util:base-to-integer(0755, 8) as argument for convenience.</description><param>$collection-uri The collection URI</param><param>$resource The resource</param><param>$user-id The user-id</param><param>$group-id The group-id</param><param>$permissions The permissions</param></comment><name>set-resource-permissions</name><signature>xmldb:set-resource-permissions($collection-uri as xs:string, $resource as xs:string, $user-id as xs:string, $group-id as xs:string, $permissions as xs:integer) empty()</signature></function><function><comment><description>Returns the estimated size of the resource $resource (in bytes) in the collection $collection-uri. The estimation is based on the number of pages occupied by the resource. If the document is serialized back to a string, its size may be different, since parts of the structural information are stored in compressed form. Collection URIs can be specified either as a simple collection path or an XMLDB URI.</description><param>$collection-uri The collection URI</param><param>$resource The resource</param><return>the size of the pages, occupied by the resource, in bytes</return></comment><name>size</name><signature>xmldb:size($collection-uri as xs:string, $resource as xs:string) xs:long</signature></function><function><comment><description>Stores a new resource into the database. The resource is stored  in the collection $collection-uri with the name $resource-name. Collection URIs can be specified either as a simple collection path or an XMLDB URI. The contents $contents, is either a node, an xs:string, a Java file object or an xs:anyURI. A node will be serialized to SAX. It becomes the root node of the new document. If $contents is of type xs:anyURI, the resource is loaded from that URI. Returns the path to the new document if successfully stored, otherwise an XPathException is thrown.</description><param>$collection-uri The collection URI</param><param>$resource-name The resource name</param><param>$contents The contents</param><return>the path to new resource if sucessfully stored, otherwise the emtpty sequence</return></comment><name>store</name><signature>xmldb:store($collection-uri as xs:string, $resource-name as xs:string?, $contents as item()) xs:string?</signature></function><function><comment><description>Stores a new resource into the database. The resource is stored  in the collection $collection-uri with the name $resource-name. Collection URIs can be specified either as a simple collection path or an XMLDB URI. The contents $contents, is either a node, an xs:string, a Java file object or an xs:anyURI. A node will be serialized to SAX. It becomes the root node of the new document. If $contents is of type xs:anyURI, the resource is loaded from that URI. The final argument $mime-type is used to specify a mime type.  If the mime-type is not a xml based type, the resource will be stored as a binary resource.Returns the path to the new document if successfully stored, otherwise an XPathException is thrown.</description><param>$collection-uri The collection URI</param><param>$resource-name The resource name</param><param>$contents The contents</param><param>$mime-type The mime type</param><return>the path to new resource if sucessfully stored, otherwise the emtpty sequence</return></comment><name>store</name><signature>xmldb:store($collection-uri as xs:string, $resource-name as xs:string?, $contents as item(), $mime-type as xs:string) xs:string?</signature></function><function><comment><description>Stores new resources into the database. Resources are read from the server's file system, using file patterns. The function returns a sequence of all document paths added to the db. These can be directly passed to fn:doc() to retrieve the document(s).</description><param>$collection-uri The collection-uri where resources should be stored. Collection URIs can be specified either as a simple collection path or an XMLDB URI.</param><param>$directory The directory in the file system from where the files are read.</param><param>$pattern The file matching pattern. Based on code from Apache's Ant, thus following the same conventions. For example: *.xml matches any file ending with .xml in the current directory, **/*.xml matches files in any directory below the current one</param><return>the sequence of document paths</return></comment><name>store-files-from-pattern</name><signature>xmldb:store-files-from-pattern($collection-uri as xs:string, $directory as xs:string, $pattern as xs:string+) xs:string*</signature></function><function><comment><description>Stores new resources into the database. Resources are read from the server's file system, using file patterns. The function returns a sequence of all document paths added to the db. These can be directly passed to fn:doc() to retrieve the document(s).</description><param>$collection-uri The collection-uri where resources should be stored. Collection URIs can be specified either as a simple collection path or an XMLDB URI.</param><param>$directory The directory in the file system from where the files are read.</param><param>$pattern The file matching pattern. Based on code from Apache's Ant, thus following the same conventions. For example: *.xml matches any file ending with .xml in the current directory, **/*.xml matches files in any directory below the current one</param><param>$mime-type If the mime-type is something other than 'text/xml' or 'application/xml', the resource will be stored as a binary resource.</param><return>the sequence of document paths</return></comment><name>store-files-from-pattern</name><signature>xmldb:store-files-from-pattern($collection-uri as xs:string, $directory as xs:string, $pattern as xs:string+, $mime-type as xs:string) xs:string*</signature></function><function><comment><description>Stores new resources into the database. Resources are read from the server's file system, using file patterns. The function returns a sequence of all document paths added to the db. These can be directly passed to fn:doc() to retrieve the document(s).</description><param>$collection-uri The collection-uri where resources should be stored. Collection URIs can be specified either as a simple collection path or an XMLDB URI.</param><param>$directory The directory in the file system from where the files are read.</param><param>$pattern The file matching pattern. Based on code from Apache's Ant, thus following the same conventions. For example: *.xml matches any file ending with .xml in the current directory, **/*.xml matches files in any directory below the current one</param><param>$mime-type If the mime-type is something other than 'text/xml' or 'application/xml', the resource will be stored as a binary resource.</param><param>$preserve-structure If preserve-structure is true(), the filesystem directory structure will be mirrored in the collection. Otherwise all the matching resources, including the ones in sub-directories, will be stored in the collection given in the first argument flatly.</param><return>the sequence of document paths</return></comment><name>store-files-from-pattern</name><signature>xmldb:store-files-from-pattern($collection-uri as xs:string, $directory as xs:string, $pattern as xs:string+, $mime-type as xs:string, $preserve-structure as xs:boolean) xs:string*</signature></function><function><comment><description>Processes an XUpdate request, $modifications, against a collection $collection-uri. Collection URIs can be specified either as a simple collection path or an XMLDB URI.The modifications are passed in a document conforming to the XUpdate specification. http://rx4rdf.liminalzone.org/xupdate-wd.html#N1a32e0The function returns the number of modifications caused by the XUpdate.</description><param>$collection-uri The collection URI</param><param>$modifications The XUpdate modifications to be processed</param><return>the number of modifications, as xs:integer, caused by the XUpdate</return></comment><name>update</name><signature>xmldb:update($collection-uri as xs:string, $modifications as node()) xs:integer</signature></function><function><comment><description>Returns the document nodes in the collections $collection-uris non-recursively, i.e. does not include document nodes found in sub-collections. C.f. fn:collection(). Collection URIs can be specified either as a simple collection path or an XMLDB URI.</description><param>$collection-uris The collection URIs</param><return>the document nodes from the specified collections excluding sub-collections</return></comment><name>xcollection</name><signature>xmldb:xcollection($collection-uris as xs:string+) node()*</signature></function></functions></xqdoc>