<xqdoc xmlns="http://www.xqdoc.org/1.0"><control><date>2010-07-21T13:53:37.359+02:00</date><version>1.0</version></control><module type="library"><uri>http://exist-db.org/xquery/session</uri><name>session</name><comment><description>A module for dealing with the HTTP session.</description><since>eXist-1.0</since></comment></module><functions><function><comment><description>Removes all attributes from the current HTTP session. Does NOT invalidate the session.</description><param>$a</param></comment><name>clear</name><signature>session:clear() empty()</signature></function><function><comment><description>Initialize an HTTP session if not already present</description><param>$a</param></comment><name>create</name><signature>session:create() empty()</signature></function><function><comment><description>Encodes the specified URL with the current HTTP session-id.</description><param>$url The URL to encode</param><return>the encoded URL</return></comment><name>encode-url</name><signature>session:encode-url($url as xs:anyURI) xs:anyURI</signature></function><function><comment><description>Returns whether a session object exists.</description><param>$a</param><return>true if the session object exists</return></comment><name>exists</name><signature>session:exists() xs:boolean</signature></function><function><comment><description>Returns an attribute stored in the current session object or an empty sequence if the attribute cannot be found.</description><param>$name The session attribute name</param><return>the attribute value</return></comment><name>get-attribute</name><signature>session:get-attribute($name as xs:string) xs:string*</signature></function><function><comment><description>Returns a sequence containing the names of all session attributes defined within the current HTTP session.</description><param>$a</param><return>the list of attribute names</return></comment><name>get-attribute-names</name><signature>session:get-attribute-names() xs:string*</signature></function><function><comment><description>Returns the time when this session was created. If a session does not exist, a new one is created. If the session is already invalidated, it returns January 1, 1970 GMT</description><param>$a</param><return>the date-time when the session was created</return></comment><name>get-creation-time</name><signature>session:get-creation-time() xs:dateTime</signature></function><function><comment><description>Returns the ID of the current session or an empty sequence if there is no session.</description><param>$a</param><return>the session ID</return></comment><name>get-id</name><signature>session:get-id() xs:string?</signature></function><function><comment><description>Returns the last time the client sent a request associated with this session. If a session does not exist, a new one is created. Actions that your application takes, such as getting or setting a value associated with the session, do not affect the access time.  If the session is already invalidated, it returns January 1, 1970 GMT</description><param>$a</param><return>the date-time when the session was last accessed</return></comment><name>get-last-accessed-time</name><signature>session:get-last-accessed-time() xs:dateTime</signature></function><function><comment><description>Returns the maximum time interval, in seconds, that the servlet container will keep this session open between client accesses. After this interval, the servlet container will invalidate the session. The maximum time interval can be set with the session:set-max-inactive-interval function. A negative time indicates the session should never timeout. </description><param>$a</param><return>the maximum time interval, in seconds</return></comment><name>get-max-inactive-interval</name><signature>session:get-max-inactive-interval() xs:int</signature></function><function><comment><description>Invalidate (remove) the current HTTP session if present</description><param>$a</param></comment><name>invalidate</name><signature>session:invalidate() empty()</signature></function><function><comment><description>Removes the attribute with the supplied name from the current session</description><param>$name The attribute name</param></comment><name>remove-attribute</name><signature>session:remove-attribute($name as xs:string) empty()</signature></function><function><comment><description>Stores a value in the current session using the supplied attribute name. If no session exists, then one will be created.</description><param>$name The attribute name</param><param>$value The value to be stored in the session by the attribute name</param></comment><name>set-attribute</name><signature>session:set-attribute($name as xs:string, $value as item()*) empty()</signature></function><function><comment><description>Change the user identity for the current HTTP session. Subsequent XQueries in the session will run with the new user identity.</description><param>$user-name The user name</param><param>$password The password</param><return>true if the user name and password represent a valid user</return></comment><name>set-current-user</name><signature>session:set-current-user($user-name as xs:string, $password as xs:string) xs:boolean?</signature></function><function><comment><description>Sets the maximum time interval, in seconds, that the servlet container will keep this session open between client accesses. After this interval, the servlet container will invalidate the session. A negative time indicates the session should never timeout. </description><param>$interval The maximum inactive interval (in seconds) before closing the session</param></comment><name>set-max-inactive-interval</name><signature>session:set-max-inactive-interval($interval as xs:int) empty()</signature></function></functions></xqdoc>