<!-- $Id: index.xml 11802 2010-05-22 15:13:39Z dizzzz $ --><document xmlns:xi="http://www.w3.org/2001/XInclude">
    <!-- include header --><xi:include href="header.xml"/><xi:include href="sidebar.xml"/><newsblock><div id="quotes"><a href="http://www.infoworld.com/reports/01SRtoy06.html"><img src="resources/TOY2006s.jpg" border="0"/></a><blockquote>A smooth, even pleasurable introduction to the power of XQuery and XML
                content management</blockquote><div class="source">InfoWorld</div></div></newsblock><body><section id="overview" title="Overview"><p>eXist-db is an open source database management system built using XML
                technology. It stores XML data according to the XML data model and features
                efficient, index-based XQuery processing.</p><a id="download" href="download.xml"><img src="resources/download.jpg"/></a><p>eXist-db supports many (<a href="http://en.wikipedia.org/wiki/Web_2">web</a>)
                technology standards making it an excellent platform for developing web based applications: <ul><li><a href="http://www.w3.org/TR/xquery/">XQuery 1.0</a> / <a href="http://www.w3.org/TR/xpath20/">XPath 2.0</a>
                    / <a href="http://www.w3.org/TR/xslt">XSLT 1.0</a> (using Apache Xalan) or <a href="http://www.w3.org/TR/xslt20">XSLT 2.0</a> (optional with <a href="http://saxon.sourceforge.net/">Saxon</a>)</li><li>HTTP interfaces: <a href="http://en.wikipedia.org/wiki/Representational_State_Transfer">REST</a>, <a href="http://www.webdav.org/">WebDAV</a>, <a href="http://www.w3.org/TR/soap/">SOAP</a>, <a href="http://en.wikipedia.org/wiki/XML-RPC">XMLRPC</a>, <a href="http://en.wikipedia.org/wiki/Atom_(standard)">Atom Publishing
                            Protocol</a></li><li>XML database specific: XMLDB, <a href="http://xmldb-org.sourceforge.net/xupdate/">XUpdate</a>,
                        XQuery <a href="update_ext.xml">update extensions</a> (to be aligned with the new
                        <a href="http://www.w3.org/TR/xquery-update-10/">XQuery Update Facility 1.0)</a></li></ul></p><p>The <a href="download.xml">1.4</a> version adds a new full text index based on 
                Apache Lucene, a lightweight URL rewriting and MVC framework as well as support for XProc.
                Most important, the XQuery engine has seen a major redesign, resulting in improved performance.</p><p>eXist-db is highly compliant with the <a href="http://www.w3.org/TR/xquery/">XQuery</a> standard (current <a href="http://www.w3.org/XML/Query/test-suite/">XQTS</a> score is <a href="http://www.w3.org/XML/Query/test-suite/XQTSReportSimple.html">99.4%</a>).
                The query engine is extensible and features a large collection of XQuery
                <a href="xquery/functions.xql">Function Modules</a>.</p><p>eXist-db provides a powerful environment for the development of web applications
                based on XQuery and related standards. Entire web applications can be written in
                XQuery, using XSLT, XHTML, CSS and Javascript (for AJAX functionality). XQuery
                server pages can be executed from the filesystem or stored in the database.</p>
                        
            <!--p>eXist is an Open Source native XML database featuring efficient, index-based <a
                    href="http://www.w3.org/TR/xquery/">XQuery</a> processing, automatic structural
                indexing, extensions for full-text search, <a
                    href="http://xmldb-org.sourceforge.net/xupdate/">XUpdate</a> support, XQuery <a
                    href="update_ext.xml">update extensions</a> (based on an early draft of <a
                    href="http://www.w3.org/TR/xquery-update-10/">XQuery Update Facility 1.0</a>)
                and tight integration with existing XML development tools. The database implements
                most of the current <a href="http://www.w3.org/TR/xquery/">XQuery 1.0
                recommendation</a>, with exception of the schema import and schema validation
                features defined as optional in the XQuery specification.</p-->

            <!--p> To avoid memory-intensive document tree traversals during query processing, eXist
                uses an efficient structural index structure which is based on a numerical indexing
                scheme for identifying XML nodes in the index.</p--></section><p id="download"/>
        
        <!--section id="download" title="Download">
            <p>eXist-db can be <a href="download.xml">downloaded</a> as installer (as
                    <b>jar</b> and <b>exe</b>), a <b>war</b> webarchive for deployment into a
                servlet container or alternatively as a <b>Cocoon block</b>. </p>
        </section--><section title="Community Support" id="mailing"><p>The eXist-db has a large community of users and developers, which is very active. The
                primary medium for asking questions, getting help or posting bug reports or fixes is
                the project mailing list. To subscribe/unsubscribe visit the <a href="http://sourceforge.net/mail/?group_id=17691">mailing lists page</a> on
                sourceforge.</p><p>Previous messages posted on the mailinglists are archived on <a href="http://exist.2174344.n4.nabble.com/">nabble.com</a> and <a href="http://news.gmane.org/thread.php?group=gmane.text.xml.exist">gmane.org</a>
                provides a <a href="news://news.gmane.org/gmane.text.xml.exist"> NNTP</a> interface.  
								Additionaly markmail.org provides a nice search interface to the <a href="http://exist-open.markmail.org/search/?q=">exist-open</a> and <a href="http://exist-commits.markmail.org/search/?q=">exist-commits</a> mailing lists.</p><p>The project has an chat box <b>#existdb</b> which is accessible via IRC on <a href="irc://irc.freenode.net/existdb">irc.freenode.net</a> and via an AJAX based
                    <a href="http://webchat.freenode.net/?randomnick=1&amp;channels=existdb&amp;prompt=1">web interface</a>. The channel is open for
                general discussions on eXist and related subjects 
								(<a href="http://demo.exist-db.org/exist/irclog/irclog.xql">transcript</a>).</p><p>All eXist-db sources are freely available via a SourceForge <a href="http://sourceforge.net/svn/?group_id=17691">subversion</a> repository. The
                    <a href="http://www.ohloh.net/projects/252?p=eXist">source code</a> is made <a href="http://www.koders.com/info.aspx?c=ProjectInfo&amp;pid=682GN3WEP5P26GKNXC359DMVCE">browsable</a> and is continuously <a href="http://fisheye3.atlassian.com/browse/exist/">monitored</a> and <a href="http://parabuild.viewtier.com:8080/parabuild/index.htm?cid=eeca&amp;view=detailed&amp;buildid=321">built</a>.</p></section><section id="license" title="License"><p> eXist is released to the public under the terms of the <a href="http://www.gnu.org/copyleft/lesser.html"> GNU LGPL </a> license.</p></section></body></document>