<?oxygen RNGSchema="http://www.oasis-open.org/docbook/xml/5.0/rng/docbook.rng" type="xml"?><!-- $Id: installing-exist-on-amazon-ec2.xml 11644 2010-04-08 20:46:53Z ixitar $ --><book><bookinfo><graphic fileref="logo.jpg"/><productname>Open Source Native XML Database</productname><title>How to install eXist on the Amazon Elastic Cloud Server</title><date>September 2009</date><author><firstname>Loren</firstname><surname>Cahlander</surname><affiliation><address format="linespecific"><email>loren at syntactica.com</email></address></affiliation></author><author><firstname>Dan</firstname><surname>McCreary</surname><affiliation><address format="linespecific"><email>dan at syntactica.com</email></address></affiliation></author></bookinfo><xi:include xmlns:xi="http://www.w3.org/2001/XInclude" href="sidebar.xml"/><chapter><title>How to install eXist on the Amazon Elastic Cloud Server</title><subtitle>Overview of steps</subtitle><para>This document describes the steps to get eXist running ont he Amazon Elastic Cloud
            Server using a CentOS verion of UNIX. This allows you to create a hosted eXist server
            where you only get billed for the CPU cycles that you use. This provides a cost
            effective way to deploy eXist instances. This example uses a Tomcat based installation
            although eXist can also be run on the builtin Jetty server.</para><para>Before you begin, you should decide if you really need a 64bit bit system. 64bit
            systems are ideal of you have very large data sets with gigabyte queries. Unfortunatly
            Amazon charges almost four times per CPU hour fora 64 bit system. As of June 2007 the
            prices were 0.10USD per CPU hour for a 32bit system and .40USD per CPU hour for a 64bit
            systems.</para><para>Note that you should be aware that by default, eXist allows search engine robots
            access the eXist instance. You will be charged each time a robots file access the files
            unless you change the robots file access.</para><screenshot><graphic fileref="resources/amazon-aws-start.png"/></screenshot><screenshot><graphic fileref="resources/amazon-aws-launch-instance.png"/></screenshot><screenshot><graphic fileref="resources/amazon-aws-launch-instance-2.png"/></screenshot><screenshot><graphic fileref="resources/amazon-aws-launch-instance-3.png"/></screenshot><screenshot><graphic fileref="resources/amazon-aws-launch-instance-4.png"/></screenshot><screenshot><graphic fileref="resources/amazon-aws-view-instance.png"/></screenshot><screenshot><graphic fileref="resources/amazon-aws-connect.png"/></screenshot><screenshot><graphic fileref="resources/amazon-aws-elastic-ip-1.png"/></screenshot><screenshot><graphic fileref="resources/amazon-aws-elastic-ip-2.png"/></screenshot><screenshot><graphic fileref="resources/amazon-aws-elastic-ip-3.png"/></screenshot><screenshot><graphic fileref="resources/amazon-aws-security-group.png"/></screenshot><para>See <ulink url="readying-centos-for-exist.xml">Readying CentOS for
                eXist Development/Deployment</ulink>.</para></chapter></book>