<!-- $Id: jmx.xml 11644 2010-04-08 20:46:53Z ixitar $ --><book><bookinfo><graphic fileref="logo.jpg"/><productname>Open Source Native XML Database</productname><title>Java Management Extensions (JMX)</title><date>September 2009</date><orgname>The eXist Project</orgname></bookinfo><xi:include xmlns:xi="http://www.w3.org/2001/XInclude" href="sidebar.xml"/><chapter><title>Java Management Extensions (JMX)</title><section><title>Intro</title><para>eXist now provides access to various management interfaces via Java Management
                Extensions (JMX). JMX is a standard mechanism available in Java 5 and 6 (though
                there are some differences between the two versions). A agent in the Java virtual
                machine exposes agent services (as so called MBeans) which belong to different
                components running within the virtual machine. A JMX-compliant management
                application can connect to the agent and access the available services in a
                standardized way. The standard Java installation includes a simple client, jconsole,
                which will also display the eXist-specific services. However, we also provide a
                command-line client for quick access to server statistics and other information.</para><para>Right now, eXist only exports a limited set of read-only services. Most of them
                are only useful for debugging. This will certainly change in the future as we add
                more services. We also plan to provide write access to configuration
            properties.</para></section><section><title>Enabling the JMX agent</title><para>To enable the platform server within the host virtual machine, you need to pass a
                few Java system properties to the <filename>java</filename> executable. The
                properties are:</para><synopsis><![CDATA[-Dcom.sun.management.jmxremote
-Dcom.sun.management.jmxremote.port=1099
-Dcom.sun.management.jmxremote.authenticate=false
-Dcom.sun.management.jmxremote.ssl=false
]]></synopsis><note><para>This option makes the server publicly accessible. Please check the <ulink url="http://java.sun.com/j2se/1.5.0/docs/guide/management/agent.html">Sun
                        JMX</ulink> documentation for details.</para></note><para>The extension can be activated by passing a command-line parameter to the exist
                start scripts (<filename>client.sh startup.sh</filename> etc.)</para><variablelist><varlistentry><term>-j &lt;argument&gt;, --jmx &lt;argument&gt;</term><listitem><para>set port number through which the JMX/RMI connections are
                        enabled.</para></listitem></varlistentry></variablelist><para>Some examples:</para><synopsis><![CDATA[bin/startup.sh -j 1099
bin\server.bat -jmx 1099
]]></synopsis><note><para>In the Sun Java SE 6 platform the JMX agent for Local monitoring is <ulink url="http://java.sun.com/javase/6/docs/technotes/guides/management/agent.html">enabled</ulink> by default.</para></note></section><section><title>Monitoring and Management</title><section><title>Use jconsole</title><para>Once you restarted eXist, you can use a JMX-compliant management console to
                    access the management interfaces. For example, I can call jconsole, which is
                    included with Java 5 and 6:</para><synopsis>jconsole localhost:1099</synopsis><para>Clicking on the <menuchoice><guibutton>MBeans</guibutton></menuchoice> tab should show some eXist-specific MBeans below the standard Java
                    MBeans in the tree component to the left.</para></section><section><title>Use JMXClient</title><para>eXist includes a simple command-line JMX client which provides a quick access
                    to some important server statistics. The application accepts the following
                    command-line parameters:</para><synopsis>java -jar start.jar org.exist.management.client.JMXClient &lt;params&gt;</synopsis><variablelist><varlistentry><term>-a, --address &lt;argument&gt;</term><listitem><para>RMI address of the server.</para></listitem></varlistentry><varlistentry><term>-c, --cache</term><listitem><para>displays server statistics on cache and memory usage.</para></listitem></varlistentry><varlistentry><term>-d, --db</term><listitem><para>display general info about the db instance.</para></listitem></varlistentry><varlistentry><term>-h, --help</term><listitem><para>print help on command line options and exit.</para></listitem></varlistentry><varlistentry><term>-i, --instance &lt;argument&gt;</term><listitem><para>the ID of the database instance to connect to</para></listitem></varlistentry><varlistentry><term>-l, --locks</term><listitem><para>lock manager: display locking information on all threads currently
                                waiting for a lock on a resource or collection. Useful to debug
                                deadlocks. During normal operation, the list will usually be empty
                                (means: no blocked threads).</para></listitem></varlistentry><varlistentry><term>-m, --memory</term><listitem><para>display info on free and total memory. Can be combined with other
                                parameters.</para></listitem></varlistentry><varlistentry><term>-p, --port &lt;argument&gt;</term><listitem><para>RMI port of the server</para></listitem></varlistentry><varlistentry><term>-s, --report</term><listitem><para>Retrieves the most recent sanity/consistency check report</para></listitem></varlistentry><varlistentry><term>-w, --wait &lt;argument&gt;</term><listitem><para> while displaying server statistics: keep retrieving statistics,
                                but wait the specified number of seconds between calls.</para></listitem></varlistentry></variablelist><para>The following command should print some statistics about cache usage within
                    eXist:</para><synopsis>java -jar start.jar org.exist.management.client.JMXClient -c -w 2000</synopsis></section></section></chapter></book>