<!-- $Id: production_good_practice.xml 11644 2010-04-08 20:46:53Z ixitar $ --><book><bookinfo><graphic fileref="logo.jpg"/><productname>Open Source Native XML Database</productname><title>Production Good Practice</title><orgname>The eXist Project</orgname><date>September 2009</date><author><firstname>Adam</firstname><surname>Retter</surname></author></bookinfo><xi:include xmlns:xi="http://www.w3.org/2001/XInclude" href="sidebar.xml"/><chapter><title>Production use - Good Practice</title><abstract><para>From our and our clients' experiences of developing and using eXist in production environments there are a number of lessons which we have learned. This Good Practice guide is an attempt to cover some of the considerations that should be taken into account when deploying eXist for use in a production environment.</para><para>The concepts laid out within this document should not be considered absolute or accepted wholesale, more that they should be used as suggestions to guide users in their eXist deployments.</para></abstract><section><title>The Server</title><para>Ensure that your server is up-to-date and patched with any necessary security fixes.</para><para>eXist is written in Java - so for performance and security reasons, please ensure that you have the latest and greatest Java JDK release installed. At present this is the 1.6 branch, details of the latest version can always be found here - <ulink url="http://java.sun.com">http://java.sun.com</ulink></para></section><section><title>Install from Source or Release?</title><para>Most users will install an officially released version of eXist on their production systems, usually this is perfectly fine. However there can be advantages to installing eXist from source code on a production system.</para><para>eXist may be installed from source code to a production system in one of two ways -</para><variablelist><varlistentry><term>via. Local Build Machine (preferred)</term><listitem><para>You checkout the eXist code for a release branch (or trunk) from our Subversion repository to a local machine, from here you build a distribution which you test and then deploy to your live server.</para></listitem></varlistentry><varlistentry><term>Directly from Subversion</term><listitem>In this case you dont use a local machine for building an eXist distribution, but you checkout the code for a release branch (or trunk) directly from our Subversion repository on your server and build it in-situ.</listitem></varlistentry></variablelist><para>If you install eXist from source code, some advantages might be -</para><variablelist><varlistentry><term>patches</term><listitem>If patches or fixes are developed that are relevant to your specific needs, you can update your code and re-build eXist.</listitem></varlistentry><varlistentry><term>features</term><listitem>If you are following trunk and new features are developed which you are interested in, you can update your code and re-build to take advantage of these.</listitem></varlistentry></variablelist><para><caution><emphasis>NOTE</emphasis> - eXists code trunk is generally not recommended for production use, whilst it should always compile and be relatively stable, it may also contain as yet unrecognised regressions or result in unexpected behaviour.</caution></para><section><title>Upgrading</title><para>If you are upgrading the version of eXist that you use in your production system, please always follow these two points -</para><orderedlist><listitem><para><command>Backup</command> - always make sure you have a full database backup before you upgrade.</para></listitem><listitem><para><command>Test</command> - always test your application in the new version of eXist in a development environment to ensure expected behaviour before you upgrade your production system.</para></listitem></orderedlist></section></section><section><title>Configuring eXist</title><para>There are four main things to consider here -</para><orderedlist><listitem><para><command>Security - Permissions</command> - ensure that eXist is installed in a secure manner.</para></listitem><listitem><para><command>Security - Attack Surface</command> - configure eXist so it provides <emphasis>only</emphasis> what you need for your application.</para></listitem><listitem><para><command>Resources</command> - configure your system and eXist so that eXist has access to enough resources and the system starts and stops eXist in a clean manner.</para></listitem><listitem><para><command>Performance</command> - configure your system and eXist so that you get the maximum performance possible.</para></listitem></orderedlist><section><title>Permissions</title><section><title>eXist Permissions</title><para>At present eXist ships with fairly relaxed permissions to facilitate rapid application development, for production systems these should be constrained -</para><variablelist><varlistentry><term>admin account</term><listitem>The password of the admin account is blank by default! Ensure that you set a decent password.</listitem></varlistentry><varlistentry><term>default-permissions</term><listitem>The default permissions for creating resources and collections in eXist are set in conf.xml. The current settings are fairly sane, but you may like to improve on them for your own application security.</listitem></varlistentry><varlistentry><term>/db permissions</term><listitem><warning>The default permissions for /db are 0777, that is to say read-write-update for all!</warning> This should be changed in <emphasis>EVERY</emphasis> production system, to change this to 0774 (rwurwur--) you can run the following XQuery script -  <programlisting language="xquery"><![CDATA[declare namespace xmldb = "http://exist-db.org/xquery/xmldb";

xmldb:set-collection-permissions("/db", "admin", "dba", 508)]]></programlisting></listitem></varlistentry></variablelist></section><section><title>Operating System Permissions</title><para>eXist should be deployed and configured to run whilst following the security best practices of the operating system on which it is deployed.</para><para>Typically we would recommend creating an "exist" user account and "exist" user group with no login priviledges (i.e. no shell and empty password), changing the permissions of the eXist installation to be owned by that user and group, and then running eXist using those credentials. An example of this on OpenSolaris might be -</para><programlisting language="bash">
$ pfexec groupadd exist
$ pfexec useradd -c "eXist Native XML Database" -d /home/exist -g exist -m exist
$ pfexec chown -R exist:exist /opt/eXist 
                    </programlisting></section></section><section><title>Attack Surface</title><para>For any live application it is recognised best practice to keep the attack surface of the application as small as possible. There are two aspects to this -</para><orderedlist><listitem>Reducing the application itself to the absolute essentials.</listitem><listitem>Limiting access routes to the application.</listitem></orderedlist><para>eXist is no exception and should be configured for your production systems so that it provides only what you need and no more. For example, the majority of applications will be unlikely to require the WebDAV or SOAP Admin features for operation in a live environment, and as such these and other services can be disabled easily. Things to consider for a live environment -</para><variablelist><varlistentry><term>Standalone mode</term><listitem>eXist can be operated in a cut-down standalone mode (see server.(sh|bat)). This provides just the core services from the database, no webapp filesystem access, and no documentation. The entire application has to be stored in the database and is served from there. This is an ideal starting place for a production system.</listitem></varlistentry><varlistentry><term>Services</term><listitem>eXist provides several services for accessing the database. You should reduce these to the absolute minimum that you need for your production application. If you are operating in Standalone mode, this is done via. server.xml, else see webapp/WEB-INF/web.xml. You should look at each configured service, servlet or filter and ask yourself - do we use this? Most production environments are unlikely to need WebDAV or SOAP Admin (Axis). </listitem></varlistentry><varlistentry><term>Extension Modules</term><listitem>eXist loads several XQuery and Index extension modules by default. You should modify the builtin-modules section of conf.xml, to <emphasis>ONLY</emphasis> load what you need for your application.</listitem></varlistentry></variablelist></section><section><title>Resources</title><para>You should ensure that you have enough memory and disk space in your system so that eXist can cope with any peak demmands by your users.</para><variablelist><varlistentry><term>-Xmx</term><listitem>However you decide to deploy and start eXist, please ensure that you allocate enough maximum memory to eXist via. the Java -Xmx setting. See backup.sh and startup.sh.</listitem></varlistentry><varlistentry><term>cacheSize and collectionCache</term><listitem>These two settings in the db-connection of conf.xml should be adjusted appropriately based on your -Xmx setting (above). See the <ulink url="tuning.xml#N10129">tuning guide</ulink> for advice on sensible values.</listitem></varlistentry><varlistentry><term>disk space</term><listitem>Please ensure that you have plenty of space for your database to grow. Unsurprisingly running out of disk space can result in database corruptions or having to rollback the database to a known state.</listitem></varlistentry></variablelist></section><section><title>Performance</title><para>It has been reported by large scale users that keeping the eXist application, database data files and database journal on seperate disks connected to different I/O channels can have a positive impact on performance. The location of the database data files and database journal can be changed in conf.xml.</para></section></section><section><title>Backups</title><para><emphasis>This is fundamental</emphasis> - Make sure you have them, they are up-to-date and that they work!</para><para>eXist provides 3 different mechanisms for performing backups - </para><orderedlist><listitem>Full database backup.</listitem><listitem>Differential database backup.</listitem><listitem>Snaphsot of the database data files.</listitem></orderedlist><para>Each of these backup mechanisms is schedulable either with eXist or with your operating system scheduler. See the <ulink url="backup.xml">backup</ulink> page and conf.xml for further details.</para></section><section><title>Web Deployments</title><para>eXist like any Web Application Server (Tomcat, WebLogic, GlassFish, etc) should not be directly exposed to the Web. Instead, we would strongly recommend proxying your eXist powered Web Application through a Web Server such as <ulink url="http://wiki.nginx.org/Main">Nginx</ulink> or <ulink url="http://httpd.apache.org/">Apache HTTPD</ulink>. See <ulink url="production_web_proxying.xml">here</ulink> for futher details.</para><para>If you proxy eXist through a Web Server, then you may also configure your firewall to only allow external access directly to the Web Server. If done correctly this also means that web users will not be able to access any eXist services except your application which is proxyied into the Web Servers namespace.</para></section></chapter></book>