<!-- $Id: template.xml 11669 2010-04-12 16:00:45Z ixitar $ --><!-- This is a template for writing documentation for the eXist project.
     Please copy this and change the data and replace the author information. --><book><bookinfo><graphic fileref="logo.jpg"/><productname>Open Source Native XML Database</productname><title/><date>April 2010</date><author><firstname>John</firstname><surname>Public</surname><affiliation><address format="linespecific"><email>john.q.public@example.com</email></address></affiliation></author></bookinfo><xi:include xmlns:xi="http://www.w3.org/2001/XInclude" href="sidebar.xml"/><chapter><title/><section><title/><para/></section></chapter></book>