<!-- $Id: triggers.xml 11644 2010-04-08 20:46:53Z ixitar $ --><book><bookinfo><graphic fileref="logo.jpg"/><productname>Open Source Native XML Database</productname><title>Configuring Database Triggers</title><date>September 2009</date><orgname>The eXist Project</orgname></bookinfo><xi:include xmlns:xi="http://www.w3.org/2001/XInclude" href="sidebar.xml"/><chapter id="configuring-db-triggers"><title>Configuring Database Triggers</title><para>This document has been reviewed for eXist 1.2.</para><section><title>Overview</title><para>In this section, we discuss the types of database events that may be Triggered by eXist, as well
                as how Triggers are created and configured. It assumes readers have a basic
                understanding of XML, Java and XQuery.</para><para>Triggers may be configured by the User to respond to document and/or collection events.
            The current version of eXist defines six events, all of which are applicable to the collection configured with the Trigger:</para><itemizedlist><listitem><para><emphasis>store</emphasis>: Fired when a document is stored to the collection or sub-collection</para></listitem><listitem><para><emphasis>update</emphasis>: Fired when a document is updated in the collection or sub-collection</para></listitem><listitem><para><emphasis>remove</emphasis>: Fired when a document is removed from the collection or sub-collection</para></listitem><listitem><para><emphasis>create</emphasis>: Fired when a sub-collection is created</para></listitem><listitem><para><emphasis>rename</emphasis>: Fired when a sub-collection is renamed</para></listitem><listitem><para><emphasis>delete</emphasis>: Fired when a sub-collection is deleted</para></listitem></itemizedlist></section><section><title>Trigger Types</title><para>Triggers may be written in either XQuery or Java and will be Triggered twice,
            once pre-event and once post-event. The Trigger may respond to either or both the pre
            and post events.</para><section><title>XQuery Triggers</title><para>Triggers written in XQuery may be configuring by using the org.exist.collections.triggers.XQueryTrigger to fire the XQuery.
                The XQuery to be executed when the trigger is fired may either be placed in the collection.xconf itself or indicated by a URL.</para><para>The XQuery may make use of a number of external variables to determine why and for what the trigger was fired -</para><itemizedlist><listitem><para><emphasis>triggeredEvent</emphasis>: The event for which the Trigger was fired</para></listitem><listitem><para><emphasis>eventType</emphasis>: The type of the Trigger event. Either "prepare" or "finish"</para></listitem><listitem><para><emphasis>collectionName</emphasis>: The name of the collection for which the Trigger was fired</para></listitem><listitem><para><emphasis>documentName</emphasis>: The name of the document for which the Trigger was fired</para></listitem><listitem><para><emphasis>document</emphasis>: The document that triggered the event. If this is a Binary document then it will be Base64 Encoded</para></listitem></itemizedlist></section><section><title>Java Triggers</title><para>Triggers written in Java must implement the org.exist.collections.triggers.Trigger interface or one of its extensions such as
                    org.exist.collections.triggers.DocumentTrigger. The Java class for your trigger must be available on the class path, lib/user is a good place
                    to copy your custom trigger to.</para><para>The DocumentTrigger interface provides a convenient starting place and provides the methods prepare() (fired pre-event) and finish() (fired post-event())</para></section></section><section id="trigger-config"><title>Configuring Triggers</title><para>Users configure Triggers using collection-specific configuration files. These files are stored
                as standard XML documents in the system collection:
                <filename>/db/system/config</filename>, which can be accessed using the Admin
                interface or Java Client. In addition to defining settings for Triggers
                the configuration document specifies other collection-specific settings such as
                indexes or default permissions.</para><para>The hierarchy of the system collection (<filename>/db/system/config</filename>)
                mirrors the hierarchical structure of the main collection. Configurations are
                therefore "inherited" by descendants in the hierarchy, (i.e. the configuration
                settings for the child collection are added to or override those set for the
                parent). It is furthermore possible for each collection in the hierarchy to have its
                own <emphasis>trigger creation policy</emphasis> defined by a configuration file.</para><para>To configure triggers for a given collection - for example:
                <filename>/db/foo</filename> - you must create a new <filename>.xconf</filename>
                configuration file and store it in the system collection (e.g.
                    <filename>/db/system/config/db/foo</filename>). You can choose any name for this
                document so long as it has the <filename>.xconf</filename> extension, although
                <filename>collection.xconf</filename> is recommended. Note that
                since subcollections will inherit the configuration policy of their parent
                collections, you are not required to specify a configuration for every collection.</para><note><para>You can store only ONE <filename>.xconf</filename> configuration document per
                    collection in the system collection <filename>/db/system/config</filename>. For
                    example, the collection <filename>/db/system/config/foo</filename> would contain
                    one configuration file and/or other subcollections.</para></note><section><title>Configuration Structure and Syntax</title><para>Trigger configuration files are standard XML documents that have their elements
                    and attributes defined by the eXist namespace:</para><synopsis>http://exist-db.org/collection-config/1.0</synopsis><para>All configuration documents have the <sgmltag>collection</sgmltag> root
                    element. These documents also have a <sgmltag>triggers</sgmltag> element 
                    below the root element, which encloses the trigger configuration. Only ONE
                        <sgmltag>triggers</sgmltag> element is permitted in a document. </para><para>In the <sgmltag>triggers</sgmltag> element are elements that define each trigger
                and the event(s) that it is fired for.</para><para>Each <sgmltag>trigger</sgmltag> element has two attributes, <emphasis>event</emphasis> which is a comma
                seperated list of events to fire for and <emphasis>class</emphasis> which is the name of the Java Class to fire on the event.
                It may also contain several <sgmltag>parameter</sgmltag> elements defining any parameters to send to the trigger.</para><section><title>Configuring an XQuery Trigger</title><para>When configuring an XQuery trigger there are a few parameters that may need to be set -</para><itemizedlist><listitem><para><emphasis>url</emphasis>: The URL to the XQuery that the XQuery Trigger should execute</para></listitem><listitem><para><emphasis>query</emphasis>: Can be used instead of <emphasis>url</emphasis>. And should contain the XQuery itself.</para></listitem><listitem><para><emphasis>bindingPrefix</emphasis>: This should be the namespace that the XQuery resides in. If this is omitted then a default of "local" is assumed.</para></listitem><listitem><para>Any other parameters will be passed to the XQuery as external variables of type xs:string</para></listitem></itemizedlist><para>The following example shows two XQuery Triggers configured, the first executes an XQuery stored in the database
                    whereas the second executes XQuery placed inline in the collection.xconf:</para><example><title>XQuery Trigger Configuration</title><programlisting><markup><![CDATA[<collection xmlns="http://exist-db.org/collection-config/1.0">
    <triggers>
		<trigger event="store,update,remove" class="org.exist.collections.triggers.XQueryTrigger">
			<parameter name="url" value="xmldb:exist://localhost/db/myTrigger.xql"/>
		</trigger>
		
		<trigger event="store,update,remove" class="org.exist.collections.triggers.XQueryTrigger">
			<parameter name="query" value="util:log('debug', concat('Trigger fired at ', current-dateTime()))" />
		</trigger>
    </triggers>
</collection>]]></markup></programlisting></example></section><section><title>Configuring a Java Trigger</title><para>When configuring a Java Trigger any parameters defined will be passed in a named map to the <emphasis>configure</emphasis> function of the trigger.</para><para>The following example shows a Java trigger configured:</para><example><title>Java Trigger Configuration</title><programlisting><markup><![CDATA[<collection xmlns="http://exist-db.org/collection-config/1.0">
    <triggers>
		<trigger event="store,update,remove" class="my.domain.testTrigger">
			<parameter name="myParam" value="myValue"/>
		</trigger>
    </triggers>
</collection>]]></markup></programlisting></example></section></section></section><section><title>Example Triggers</title><para>Here are some simple code examples of triggers</para><section><title>XQuery</title><example><title>Simple Logging Trigger</title><programlisting language="xquery">
<![CDATA[
xquery version "1.0";

(:
	A simple XQuery for an XQueryTrigger that
	logs all trigger events for which it is executed
	in the file /db/triggersLogs.xml
:)

declare namespace  xmldb="http://exist-db.org/xquery/xmldb";

declare variable $local:triggerEvent external;
declare variable $local:eventType external;
declare variable $local:collectionName external;
declare variable $local:documentName external;
declare variable $local:document external;

declare variable $local:triggersLogFile := "triggersLog.xml";


(: create the log file if it does not exist :)
if(not(doc-available($local:triggersLogFile)))then
(
	xmldb:store("/db", $local:triggersLogFile, <triggers/>)
)
else(),

(: log the trigger details to the log file :)
update insert <trigger event="{$local:triggerEvent}" eventType="{$local:eventType}" collectionName="{$local:collectionName}" documentName="{$local:documentName}" timestamp="{current-dateTime()}">{$local:document}</trigger>  into doc("/db/triggersLog.xml")/triggers
]]></programlisting></example></section><section><title>Java</title><example><title>Simple Logging Trigger</title><programlisting language="java">
<![CDATA[
import java.io.File;
import java.io.FileOutputStream;

import org.exist.collections.triggers.FilteringTrigger;
import org.exist.collections.triggers.TriggerException;
import org.exist.dom.DocumentImpl;
import org.exist.storage.DBBroker;
import org.exist.storage.txn.Txn;
import org.exist.xmldb.XmldbURI;
import org.exist.xquery.value.DateTimeValue;

/**
 	A simple Java Trigger that
	logs all trigger events for which it is executed
	in the file triggersLog.xml in the systems temporary folder
*/

public class loggingTrigger extends FilteringTrigger
{
	private final static String triggersLogFile = "triggersLog.xml";
	private XmldbURI documentPath = null;
	
	
	//trigger prepare event
	public void prepare(int event, DBBroker broker, Txn transaction, XmldbURI documentPath, DocumentImpl existingDocument) throws TriggerException
	{	
		//log the trigger event
		log(event, "prepare", documentPath.getCollectionPath(), documentPath.toString());
		
		this.documentPath = documentPath;
	}
	
	//trigger finish event
	public void finish(int event, DBBroker broker, Txn transaction, XmldbURI documentPath, DocumentImpl document)
	{	
		//log the trigger event
		log(event, "prepare", documentPath.getCollectionPath(), documentPath.toString());
	}
	
	private void log(int triggerEvent, String eventType, String collectionName, String documentName)
	{
		try
		{
			//open log file for appending
			File loggingFile = new File(new File(System.getProperty("java.io.tmpdir")), triggersLogFile);
			FileOutputStream out = new FileOutputStream(loggingFile, true);
			
			//create an xml string
			String xml =
					"<trigger"
					+ " event=\"" + eventToString(triggerEvent)+ "\""
					+ " eventType=\"" + eventType + "\""		
					+ " collectionName=\"" + collectionName + "\""
					+ " documentName=\"" + documentName + "\""
					+ "timestamp=\"" + (new DateTimeValue()).getStringValue() + "\"" 
					+ "/>\n";
			
			//write the xml string to the log file
			out.write(xml.getBytes());
		
			//close the log file
			out.close();
		}
		catch(Exception e)
		{
			//do nothing for now
		}
	}
	
    private static String eventToString(int event)
    {
    	switch(event)
    	{
    		case STORE_DOCUMENT_EVENT : return "STORE"; 
    		case UPDATE_DOCUMENT_EVENT : return "UPDATE";
    		case REMOVE_DOCUMENT_EVENT : return "REMOVE";
    		case CREATE_COLLECTION_EVENT : return "CREATE";
    		case RENAME_COLLECTION_EVENT : return "RENAME";
    		case DELETE_COLLECTION_EVENT : return "DELETE";
    		default : return null;
    	}
    }
}

]]></programlisting></example></section></section><section><title>Provided Triggers</title><para>eXist provides some Triggers out of the box that may be used</para><section><title>HistoryTrigger</title><para>This collection trigger will save all old versions of documents before they are overwritten or removed. The old versions are kept in the
                    'history root' which is by default <code>/db/history</code>, but can be changed with the parameter <code>root</code>.
                    You need to configure this trigger for every collection whose history you want to preserve.</para><example><title>History Trigger collection.xconf</title><programlisting><markup><![CDATA[<collection xmlns='http://exist-db.org/collection-config/1.0'>
     <triggers>
       <trigger event="update,remove" class="org.exist.collections.triggers.HistoryTrigger"/>
     </triggers>
</collection>]]></markup></programlisting></example></section><section><title>STX Transformer Trigger</title><para>STXTransformerTrigger applies an STX stylesheet to the input SAX stream, using <a href="http://joost.sourceforge.net">Joost</a>.
                    The stylesheet location is identified by parameter "src". If the src parameter is just a path, the stylesheet will be loaded from the database,
                    otherwise, it is interpreted as an URI.</para></section></section></chapter></book>