<!-- $Id: webdav.xml 11644 2010-04-08 20:46:53Z ixitar $ --><book><bookinfo><graphic fileref="logo.jpg"/><productname>Open Source Native XML Database</productname><title>Using WebDAV to Access the Database</title><date>September 2009</date><author><firstname>Dannes</firstname><surname>Wessels</surname><affiliation><address format="linespecific"><email>dizzzz@exist-db.org</email></address></affiliation></author></bookinfo><xi:include xmlns:xi="http://www.w3.org/2001/XInclude" href="sidebar.xml"/><chapter id="webdav"><title>WebDAV</title><section id="webdav"><title>Introducing WebDAV</title><para>Beginning with version 1.0b2, eXist has its own WebDAV implementation. WebDAV
                makes it possible to manage database collections in eXist just like directories in a
                file system. You may copy, remove, view or edit files with any application
                supporting the WebDAV protocol, including, for example, Windows Explorer, <ulink url="http://www.webdav.org/cadaver">cadaver</ulink>, <ulink url="http://www.konqueror.org/">KDE Konqueror</ulink>, <ulink url="http://www.oxygenxml.com/">OxygenXML</ulink>, <ulink url="http://www.altova.com/">XML Spy</ulink> and many others.</para><para>In the default installation, the WebDAV server listens on <ulink url="http://localhost:8080/exist/webdav/db">http://localhost:8080/exist/webdav/db</ulink>. The implementation is almost
                complete, however the PROPSET method is missing. MSOffice is reported to have
                LOCKing issues but most WebDAV clients should work well.</para><note><para>By default, the WebDAV server tries to use HTTP Digest Authentication as
                    required by the standard. However, some Windows clients refuse to accept this,
                    so the server has a fallback option and uses Basic Authentication if the client
                    insists on it.</para></note></section><section><title>Windows Webfolder</title><note><para>Be aware that there are multiple versions of webdav Microsoft libraries (and
                    different flavours of bugs). To avoid some frustration if the steps below don't
                    work for you, <ulink url="http://support.microsoft.com/?kbid=892211">update
                        windows XP for web folders</ulink>, or take more information about <ulink url="http://greenbytes.de/tech/webdav/webfolder-client-list.html">Web Folder
                        Client (MSDAIPP.DLL) Versions and Issues</ulink>.</para></note><note><para>Windows Vista and Windows 7 both restrict access to webdav servers that
								use Basic HTTP authentication on non-SSL connections. This restriction can
								be solved by changing a registry key. Read more on <ulink url="http://support.microsoft.com/kb/841215">MSDN</ulink> and
								<ulink url="http://greenbytes.de/tech/webdav/webdav-redirector-list.html">greenbytes.de</ulink>.
								</para></note><para>Perform the following steps in Internet Explorer: <itemizedlist><listitem><para>Select <command>File -&gt; Open</command>.</para></listitem><listitem><para>Fill in URL like
                                <command>http://localhost:8080/exist/webdav/db/</command> or
                                <command>https://localhost:8443/exist/webdav/db/</command>.</para></listitem><listitem><para>Check "Open as Web Folder".</para></listitem><listitem><para>Click OK.</para></listitem></itemizedlist><screenshot><graphic fileref="resources/webdav_xp_webfolders.png"/></screenshot></para></section><section><title>WinXP My Network Places</title><para>This enables you to access eXist from almost any windowsXP application that
                supports 'Network Places' in the standard File dialog:
                <screenshot><graphic fileref="resources/webdav_xp_mnp0.png"/></screenshot></para><para>First, go to "My Network Places", click "Add.."
                <screenshot><graphic fileref="resources/webdav_xp_mnp1.png"/></screenshot></para><para>Then select the service provider.
                <screenshot><graphic fileref="resources/webdav_xp_mnp2.png"/></screenshot></para><para>Then fill the URL of exist e.g. http://localhost:8080/exist/webdav/db/.
                <screenshot><graphic fileref="resources/webdav_xp_mnp3.png"/></screenshot></para><para>Finally click on icon to access eXist.
                <screenshot><graphic fileref="resources/webdav_xp_mnp4.png"/></screenshot></para></section><section><title>MacOsX Finder</title><para>The eXist database can be accessed easily with the MacOsX Finder. First select in
                the Finder "Go" and "Connect to Server..."
                <screenshot><graphic fileref="resources/webdav_macosx_1.png"/></screenshot></para><para>Fill in the webdav url http://localhost:8080/exist/webdav/db/
                <screenshot><graphic fileref="resources/webdav_macosx_2.png"/></screenshot></para><para>Enter username and password...
                <screenshot><graphic fileref="resources/webdav_macosx_3.png"/></screenshot></para><para>And the database is accessible!
                <screenshot><graphic fileref="resources/webdav_macosx_4.png"/></screenshot></para></section><section><title>OxygenXML</title><para><itemizedlist><listitem><para>Select <command>File -&gt; Open URL</command>.</para></listitem><listitem><para>Fill <command>User</command> and <command>Password</command>.</para></listitem><listitem><para>Enter <command>Server Url</command>
                            http://localhost:8080/exist/webdav/db/.</para></listitem><listitem><para>Click <command>Browse</command>.</para></listitem></itemizedlist><screenshot><graphic fileref="resources/webdav_oxygen.png"/></screenshot></para><note><para>Note on SSL; Probably you'll get the message: Error:
                    sun.security.validator.ValidatorException: PKIX path building failed:
                    sun.security.provider.certpath.SunCertPathBuilderException: unable to find valid
                    certification path to requested target.</para><para>You'll need to add the Server certificate to your trusted certificates
                    keystore (<ulink url="http://java.sun.com/j2se/1.5.0/docs/guide/security/jsse/JSSERefGuide.html#CustomizingStores">more info</ulink>).</para></note><note><para>Warning: when saving a document to the WebDAV server via Oxygen, remember to
                    double check if the document path in the File URL field at the top of the dialog
                    does really contain the URL to which you want to save the document. It happens
                    very easily that you click on another folder or resource by mistake and thus
                    overwrite the wrong resource. </para></note></section><section><title>XMLspy</title><para><itemizedlist><listitem><para>Select <command>File -&gt; Open URL</command></para></listitem><listitem><para>Enter <command>Username, Password</command></para></listitem><listitem><para>Enter <command>Server URL</command> without a slash on the end
                            (otherwise you'll see 2x 'db')</para></listitem></itemizedlist><screenshot><graphic fileref="resources/webdav_xmlspy.png"/></screenshot></para></section><section><title>KDE Konqueror</title><para>Enter an URL like <command>webdav://localhost:8080/exist/webdav/db</command>. Use
                    <command>webdavs://</command> for webDAV over SSL.
                <screenshot><graphic fileref="resources/webdav_konqueror.png"/></screenshot></para></section></chapter></book>