<collection xmlns="http://exist.sourceforge.net/NS/exist" name="/db/mfu_neu/xq" owner="admin" group="dba" mode="755" created="2011-02-25T18:18:14+01:00" version="1">
    <resource type="BinaryResource" name="___achtung____hs_all.xql" owner="admin" group="dba" mode="755" created="2011-02-25T18:05:06+01:00" modified="2011-02-25T18:05:06+01:00" filename="___achtung____hs_all.xql" mimetype="application/xquery"/>
    <resource type="BinaryResource" name="hs_ed.xql" owner="admin" group="dba" mode="755" created="2011-02-25T18:05:05+01:00" modified="2011-02-25T19:40:52+01:00" filename="hs_ed.xql" mimetype="application/xquery"/>
    <resource type="BinaryResource" name="hs_ed_n.xql" owner="admin" group="dba" mode="755" created="2011-02-25T18:11:18+01:00" modified="2011-02-25T18:11:18+01:00" filename="hs_ed_n.xql" mimetype="application/xquery"/>
    <resource type="BinaryResource" name="hs_sel.xql" owner="admin" group="dba" mode="755" created="2011-02-25T18:05:06+01:00" modified="2011-02-25T18:05:06+01:00" filename="hs_sel.xql" mimetype="application/xquery"/>
    <resource type="BinaryResource" name="hs_sel_ghs.xql" owner="admin" group="dba" mode="755" created="2011-02-25T18:05:06+01:00" modified="2011-02-25T18:05:06+01:00" filename="hs_sel_ghs.xql" mimetype="application/xquery"/>
    <resource type="BinaryResource" name="hs_sel_ghs_n.xql" owner="admin" group="dba" mode="755" created="2011-02-25T18:11:18+01:00" modified="2011-02-25T18:11:18+01:00" filename="hs_sel_ghs_n.xql" mimetype="application/xquery"/>
    <resource type="BinaryResource" name="hs_sel_n.xql" owner="admin" group="dba" mode="755" created="2011-02-25T18:11:18+01:00" modified="2011-02-25T18:11:18+01:00" filename="hs_sel_n.xql" mimetype="application/xquery"/>
    <resource type="BinaryResource" name="pag_all.xql" owner="admin" group="dba" mode="755" created="2011-02-25T18:05:06+01:00" modified="2011-02-25T18:05:06+01:00" filename="pag_all.xql" mimetype="application/xquery"/>
    <resource type="BinaryResource" name="pag_ed.xql" owner="admin" group="dba" mode="755" created="2011-02-25T18:05:06+01:00" modified="2011-02-25T18:05:06+01:00" filename="pag_ed.xql" mimetype="application/xquery"/>
    <resource type="BinaryResource" name="pag_ed_n.xql" owner="admin" group="dba" mode="755" created="2011-02-25T18:11:18+01:00" modified="2011-02-25T19:57:56+01:00" filename="pag_ed_n.xql" mimetype="application/xquery"/>
    <resource type="BinaryResource" name="pag_ed_short.xql" owner="admin" group="dba" mode="755" created="2011-02-25T18:05:06+01:00" modified="2011-02-25T19:54:52+01:00" filename="pag_ed_short.xql" mimetype="application/xquery"/>
</collection>