<collection xmlns="http://exist.sourceforge.net/NS/exist" name="/db/tei/tools2" owner="admin" group="dba" mode="755" created="2010-08-03T15:22:55+02:00" version="1">
    <resource type="XMLResource" name="addlang.xsl" owner="admin" group="dba" mode="755" created="2010-08-03T15:22:55+02:00" modified="2010-08-03T15:22:55+02:00" filename="addlang.xsl" mimetype="application/xslt+xml"/>
    <resource type="XMLResource" name="analyze.xsl" owner="admin" group="dba" mode="755" created="2010-08-03T15:22:55+02:00" modified="2010-08-03T15:22:55+02:00" filename="analyze.xsl" mimetype="application/xslt+xml"/>
    <resource type="XMLResource" name="checki18n.xsl" owner="admin" group="dba" mode="755" created="2010-08-03T15:22:56+02:00" modified="2010-08-03T15:22:56+02:00" filename="checki18n.xsl" mimetype="application/xslt+xml"/>
    <resource type="XMLResource" name="checkodd.xsl" owner="admin" group="dba" mode="755" created="2010-08-03T15:22:56+02:00" modified="2010-08-03T15:22:56+02:00" filename="checkodd.xsl" mimetype="application/xslt+xml"/>
    <resource type="XMLResource" name="checkxsl.xsl" owner="admin" group="dba" mode="755" created="2010-08-03T15:22:56+02:00" modified="2010-08-03T15:22:56+02:00" filename="checkxsl.xsl" mimetype="application/xslt+xml"/>
    <resource type="XMLResource" name="extract-xsl-from-sch.xsl" owner="admin" group="dba" mode="755" created="2010-08-03T15:22:56+02:00" modified="2010-08-03T15:22:56+02:00" filename="extract-xsl-from-sch.xsl" mimetype="application/xslt+xml"/>
    <resource type="XMLResource" name="folint.xsl" owner="admin" group="dba" mode="755" created="2010-08-03T15:22:56+02:00" modified="2010-08-03T15:22:56+02:00" filename="folint.xsl" mimetype="application/xslt+xml"/>
    <resource type="XMLResource" name="getfiles.xsl" owner="admin" group="dba" mode="755" created="2010-08-03T15:22:56+02:00" modified="2010-08-03T15:22:56+02:00" filename="getfiles.xsl" mimetype="application/xslt+xml"/>
    <resource type="XMLResource" name="iden.xsl" owner="admin" group="dba" mode="755" created="2010-08-03T15:22:56+02:00" modified="2010-08-03T15:22:56+02:00" filename="iden.xsl" mimetype="application/xslt+xml"/>
    <resource type="XMLResource" name="oddbyexample.xsl" owner="admin" group="dba" mode="755" created="2010-08-03T15:22:56+02:00" modified="2010-08-03T15:22:56+02:00" filename="oddbyexample.xsl" mimetype="application/xslt+xml"/>
    <resource type="XMLResource" name="tangle.xsl" owner="admin" group="dba" mode="755" created="2010-08-03T15:22:56+02:00" modified="2010-08-03T15:22:56+02:00" filename="tangle.xsl" mimetype="application/xslt+xml"/>
    <resource type="BinaryResource" name="xhtml2tei" owner="admin" group="dba" mode="755" created="2010-08-03T15:22:56+02:00" modified="2010-08-03T15:22:56+02:00" filename="xhtml2tei" mimetype="application/octet-stream"/>
    <resource type="XMLResource" name="xhtml2tei.xsl" owner="admin" group="dba" mode="755" created="2010-08-03T15:22:56+02:00" modified="2010-08-03T15:22:56+02:00" filename="xhtml2tei.xsl" mimetype="application/xslt+xml"/>
</collection>