<collection xmlns="http://exist.sourceforge.net/NS/exist" name="/db/tei/profiles/iso/docx" owner="admin" group="dba" mode="755" created="2010-08-03T15:22:47+02:00" version="1">
    <resource type="XMLResource" name="addisometa.xsl" owner="admin" group="dba" mode="755" created="2010-08-03T15:22:47+02:00" modified="2010-08-03T15:22:47+02:00" filename="addisometa.xsl" mimetype="application/xslt+xml"/>
    <resource type="XMLResource" name="fixdotrels.xsl" owner="admin" group="dba" mode="755" created="2010-08-03T15:22:47+02:00" modified="2010-08-03T15:22:47+02:00" filename="fixdotrels.xsl" mimetype="application/xslt+xml"/>
    <resource type="BinaryResource" name="fixstyle" owner="admin" group="dba" mode="755" created="2010-08-03T15:22:47+02:00" modified="2010-08-03T15:22:47+02:00" filename="fixstyle" mimetype="application/octet-stream"/>
    <resource type="XMLResource" name="fixstyle.xsl" owner="admin" group="dba" mode="755" created="2010-08-03T15:22:47+02:00" modified="2010-08-03T15:22:47+02:00" filename="fixstyle.xsl" mimetype="application/xslt+xml"/>
    <resource type="XMLResource" name="from-pass2.xsl" owner="admin" group="dba" mode="755" created="2010-08-03T15:22:48+02:00" modified="2010-08-03T15:22:48+02:00" filename="from-pass2.xsl" mimetype="application/xslt+xml"/>
    <resource type="XMLResource" name="from-pass3.xsl" owner="admin" group="dba" mode="755" created="2010-08-03T15:22:48+02:00" modified="2010-08-03T15:22:48+02:00" filename="from-pass3.xsl" mimetype="application/xslt+xml"/>
    <resource type="XMLResource" name="from.xsl" owner="admin" group="dba" mode="755" created="2010-08-03T15:22:48+02:00" modified="2010-08-03T15:22:48+02:00" filename="from.xsl" mimetype="application/xslt+xml"/>
    <resource type="XMLResource" name="iso-functions.xsl" owner="admin" group="dba" mode="755" created="2010-08-03T15:22:48+02:00" modified="2010-08-03T15:22:48+02:00" filename="iso-functions.xsl" mimetype="application/xslt+xml"/>
    <resource type="XMLResource" name="iso-variables.xsl" owner="admin" group="dba" mode="755" created="2010-08-03T15:22:48+02:00" modified="2010-08-03T15:22:48+02:00" filename="iso-variables.xsl" mimetype="application/xslt+xml"/>
    <resource type="XMLResource" name="makecoverpages.xsl" owner="admin" group="dba" mode="755" created="2010-08-03T15:22:48+02:00" modified="2010-08-03T15:22:48+02:00" filename="makecoverpages.xsl" mimetype="application/xslt+xml"/>
    <resource type="XMLResource" name="makecoverpages2.xsl" owner="admin" group="dba" mode="755" created="2010-08-03T15:22:48+02:00" modified="2010-08-03T15:22:48+02:00" filename="makecoverpages2.xsl" mimetype="application/xslt+xml"/>
    <resource type="XMLResource" name="metadatamerge.xsl" owner="admin" group="dba" mode="755" created="2010-08-03T15:22:48+02:00" modified="2010-08-03T15:22:48+02:00" filename="metadatamerge.xsl" mimetype="application/xslt+xml"/>
    <resource type="XMLResource" name="styles.xml" owner="admin" group="dba" mode="755" created="2010-08-03T15:22:48+02:00" modified="2010-08-03T15:22:48+02:00" filename="styles.xml" mimetype="application/xml"/>
    <resource type="XMLResource" name="tbx.xsl" owner="admin" group="dba" mode="755" created="2010-08-03T15:22:48+02:00" modified="2010-08-03T15:22:48+02:00" filename="tbx.xsl" mimetype="application/xslt+xml"/>
    <resource type="BinaryResource" name="template.docx" owner="admin" group="dba" mode="755" created="2010-08-03T15:22:48+02:00" modified="2010-08-03T15:22:48+02:00" filename="template.docx" mimetype="application/octet-stream"/>
    <resource type="BinaryResource" name="template_orig.docx" owner="admin" group="dba" mode="755" created="2010-08-03T15:22:48+02:00" modified="2010-08-03T15:22:48+02:00" filename="template_orig.docx" mimetype="application/octet-stream"/>
    <resource type="XMLResource" name="to.xsl" owner="admin" group="dba" mode="755" created="2010-08-03T15:22:48+02:00" modified="2010-08-03T15:22:48+02:00" filename="to.xsl" mimetype="application/xslt+xml"/>
    <subcollection name="model" filename="model"/>
</collection>