<styles><style>ANNEX</style><style>Bibliography Heading</style><style>Bibliography</style><style>CommentReference</style><style>Definition</style><style>Example list</style><style>Example numbered</style><style>Example paragraph</style><style>Example</style><style>Examplenumbered</style><style>Exampleparagraph</style><style>ExtXref</style><style>Figure footnote</style><style>Figure key</style><style>Figure note</style><style>Figure subtitle</style><style>Figure text</style><style>Figure title</style><style>Figure title annex</style><style>Figure units</style><style>FigureFootnoteXref</style><style>Figurenote</style><style>Figuretitle</style><style>Footer</style><style>Footnote Reference</style><style>Footnote Text</style><style>FootnoteReference</style><style>Foreword</style><style>Formula</style><style>Header</style><style>Heading1</style><style>Heading2</style><style>Heading3</style><style>Heading4</style><style>Heading5</style><style>Heading6</style><style>Hyperlink</style><style>Index1</style><style>IndexHeading</style><style>Introduction</style><style>List Continue 2</style><style>List Continue 3</style><style>List Continue 4</style><style>List Continue</style><style>List Number 2</style><style>List Number 3</style><style>List Number 4</style><style>List Number</style><style>nonVerbalRepresentation</style><style>noteNonVerbalRepresentation</style><style>Normal</style><style>Note list</style><style>Note numbered</style><style>Note paragraph</style><style>Note</style><style>RefNorm</style><style>Special</style><style>TOC1</style><style>TOC2</style><style>TOC3</style><style>TOC4</style><style>TOC5</style><style>TOC6</style><style>TOC9</style><style>Table footnote</style><style>Table note</style><style>Table text (10)</style><style>Table text (7)</style><style>Table text (8)</style><style>Table text (9)</style><style>Table title</style><style>Table title annex</style><style>Table units</style><style>TableFootnoteXref</style><style>Tablenote</style><style>Tabletitle</style><style>TermNum</style><style>a2</style><style>a3</style><style>a4</style><style>a5</style><style>a6</style><style>abbreviatedForm</style><style>autoTermNum1</style><style>autoTermNum2</style><style>autoTermNum3</style><style>autoTermNum4</style><style>autoTermNum5</style><style>autoTermNum6</style><style>autoTermNumA2</style><style>autoTermNumA3</style><style>autoTermNumA4</style><style>autoTermNumA5</style><style>autoTermNumA6</style><style>committee_id</style><style>copyright_details</style><style>cover_warning</style><style>coverwarning</style><style>date</style><style>dl</style><style>document_details</style><style>document_edition</style><style>document_language</style><style>document_stage</style><style>document_subtype</style><style>document_title</style><style>document_type</style><style>domain</style><style>draft_number</style><style>entrySource</style><style>gender</style><style>geographicalUse</style><style>id_no</style><style>idno</style><style>isononumber</style><style>isonumber</style><style>language</style><style>nonVerbalRepresentation</style><style>noteDefinition</style><style>noteExample</style><style>noteNonVerbalRepresentation</style><style>noteSymbol</style><style>noteTerm</style><style>noteTermEntry</style><style>number</style><style>p2</style><style>p3</style><style>p4</style><style>p5</style><style>p6</style><style>pA2</style><style>pA3</style><style>pA4</style><style>pA5</style><style>pA6</style><style>partOfSpeech</style><style>pronunciation</style><style>script</style><style>source</style><style>symbol</style><style>symbolC</style><style>termAdmitted</style><style>termDeprecated</style><style>termHeading2</style><style>termHeading3</style><style>termHeading4</style><style>termHeading5</style><style>termHeading6</style><style>termPreferred</style><style>termRef</style><style>zzBiblio</style><style>zzContents</style><style>zzCopyright</style><style>zzCover</style><style>zzForeword</style><style>zzHelp</style><style>zzIndex</style><style>zzSTDTitle</style></styles>