<collection xmlns="http://exist.sourceforge.net/NS/exist" name="/db/tei/common2" owner="admin" group="dba" mode="755" created="2010-08-03T15:22:42+02:00" version="1">
    <resource type="XMLResource" name="core.xsl" owner="admin" group="dba" mode="755" created="2010-08-03T15:22:42+02:00" modified="2010-08-03T15:22:42+02:00" filename="core.xsl" mimetype="application/xslt+xml"/>
    <resource type="XMLResource" name="figures.xsl" owner="admin" group="dba" mode="755" created="2010-08-03T15:22:42+02:00" modified="2010-08-03T15:22:42+02:00" filename="figures.xsl" mimetype="application/xslt+xml"/>
    <resource type="XMLResource" name="header.xsl" owner="admin" group="dba" mode="755" created="2010-08-03T15:22:42+02:00" modified="2010-08-03T15:22:42+02:00" filename="header.xsl" mimetype="application/xslt+xml"/>
    <resource type="XMLResource" name="i18n.xsl" owner="admin" group="dba" mode="755" created="2010-08-03T15:22:42+02:00" modified="2010-08-03T15:22:42+02:00" filename="i18n.xsl" mimetype="application/xslt+xml"/>
    <resource type="XMLResource" name="linking.xsl" owner="admin" group="dba" mode="755" created="2010-08-03T15:22:42+02:00" modified="2010-08-03T15:22:42+02:00" filename="linking.xsl" mimetype="application/xslt+xml"/>
    <resource type="XMLResource" name="msdescription.xsl" owner="admin" group="dba" mode="755" created="2010-08-03T15:22:42+02:00" modified="2010-08-03T15:22:42+02:00" filename="msdescription.xsl" mimetype="application/xslt+xml"/>
    <resource type="XMLResource" name="tagdocs.xsl" owner="admin" group="dba" mode="755" created="2010-08-03T15:22:42+02:00" modified="2010-08-03T15:22:42+02:00" filename="tagdocs.xsl" mimetype="application/xslt+xml"/>
    <resource type="XMLResource" name="tei-param.xsl" owner="admin" group="dba" mode="755" created="2010-08-03T15:22:42+02:00" modified="2010-08-03T15:22:42+02:00" filename="tei-param.xsl" mimetype="application/xslt+xml"/>
    <resource type="XMLResource" name="tei.xsl" owner="admin" group="dba" mode="755" created="2010-08-03T15:22:42+02:00" modified="2010-08-03T15:22:42+02:00" filename="tei.xsl" mimetype="application/xslt+xml"/>
    <resource type="XMLResource" name="textstructure.xsl" owner="admin" group="dba" mode="755" created="2010-08-03T15:22:42+02:00" modified="2010-08-03T15:22:42+02:00" filename="textstructure.xsl" mimetype="application/xslt+xml"/>
    <resource type="XMLResource" name="verbatim.xsl" owner="admin" group="dba" mode="755" created="2010-08-03T15:22:42+02:00" modified="2010-08-03T15:22:42+02:00" filename="verbatim.xsl" mimetype="application/xslt+xml"/>
</collection>