<collection xmlns="http://exist.sourceforge.net/NS/exist" name="/db/tei/profiles/iso" owner="admin" group="dba" mode="755" created="2010-08-03T15:22:47+02:00" version="1">
    <resource type="XMLResource" name="check-docx.xsl" owner="admin" group="dba" mode="755" created="2010-08-03T15:22:47+02:00" modified="2010-08-03T15:22:47+02:00" filename="check-docx.xsl" mimetype="application/xslt+xml"/>
    <resource type="BinaryResource" name="iso-extracts.css" owner="admin" group="dba" mode="755" created="2010-08-03T15:22:48+02:00" modified="2010-08-03T15:22:48+02:00" filename="iso-extracts.css" mimetype="text/css"/>
    <resource type="BinaryResource" name="iso.css" owner="admin" group="dba" mode="755" created="2010-08-03T15:22:48+02:00" modified="2010-08-03T15:22:48+02:00" filename="iso.css" mimetype="text/css"/>
    <resource type="XMLResource" name="iso2changes.xsl" owner="admin" group="dba" mode="755" created="2010-08-03T15:22:48+02:00" modified="2010-08-03T15:22:48+02:00" filename="iso2changes.xsl" mimetype="application/xslt+xml"/>
    <resource type="XMLResource" name="iso2meta.xsl" owner="admin" group="dba" mode="755" created="2010-08-03T15:22:48+02:00" modified="2010-08-03T15:22:48+02:00" filename="iso2meta.xsl" mimetype="application/xslt+xml"/>
    <resource type="XMLResource" name="iso2rss.xsl" owner="admin" group="dba" mode="755" created="2010-08-03T15:22:48+02:00" modified="2010-08-03T15:22:48+02:00" filename="iso2rss.xsl" mimetype="application/xslt+xml"/>
    <resource type="XMLResource" name="iso2terms.xsl" owner="admin" group="dba" mode="755" created="2010-08-03T15:22:48+02:00" modified="2010-08-03T15:22:48+02:00" filename="iso2terms.xsl" mimetype="application/xslt+xml"/>
    <resource type="XMLResource" name="iso2toc.xsl" owner="admin" group="dba" mode="755" created="2010-08-03T15:22:48+02:00" modified="2010-08-03T15:22:48+02:00" filename="iso2toc.xsl" mimetype="application/xslt+xml"/>
    <resource type="XMLResource" name="isofooter.xsl" owner="admin" group="dba" mode="755" created="2010-08-03T15:22:48+02:00" modified="2010-08-03T15:22:48+02:00" filename="isofooter.xsl" mimetype="application/xslt+xml"/>
    <resource type="XMLResource" name="isoheader.xsl" owner="admin" group="dba" mode="755" created="2010-08-03T15:22:48+02:00" modified="2010-08-03T15:22:48+02:00" filename="isoheader.xsl" mimetype="application/xslt+xml"/>
    <resource type="XMLResource" name="isotei-schema.xsl" owner="admin" group="dba" mode="755" created="2010-08-03T15:22:48+02:00" modified="2010-08-03T15:22:48+02:00" filename="isotei-schema.xsl" mimetype="application/xslt+xml"/>
    <resource type="XMLResource" name="isoutils.xsl" owner="admin" group="dba" mode="755" created="2010-08-03T15:22:48+02:00" modified="2010-08-03T15:22:48+02:00" filename="isoutils.xsl" mimetype="application/xslt+xml"/>
    <resource type="XMLResource" name="removechanges.xsl" owner="admin" group="dba" mode="755" created="2010-08-03T15:22:49+02:00" modified="2010-08-03T15:22:49+02:00" filename="removechanges.xsl" mimetype="application/xslt+xml"/>
    <resource type="XMLResource" name="validate.xsl" owner="admin" group="dba" mode="755" created="2010-08-03T15:22:55+02:00" modified="2010-08-03T15:22:55+02:00" filename="validate.xsl" mimetype="application/xslt+xml"/>
    <subcollection name="epub" filename="epub"/>
    <subcollection name="docx" filename="docx"/>
    <subcollection name="schema" filename="schema"/>
    <subcollection name="html" filename="html"/>
    <subcollection name="latex" filename="latex"/>
    <subcollection name="fo" filename="fo"/>
    <subcollection name="tbx" filename="tbx"/>
</collection>