<collection xmlns="http://exist.sourceforge.net/NS/exist" name="/db/mfu_neu" owner="admin" group="dba" mode="755" created="2011-02-25T18:18:14+01:00" version="1">
    <resource type="XMLResource" name="fnote1_liste.xml" owner="admin" group="dba" mode="755" created="2011-02-25T18:04:51+01:00" modified="2011-02-25T18:04:51+01:00" filename="fnote1_liste.xml" mimetype="application/xml"/>
    <resource type="XMLResource" name="fnote2_liste.xml" owner="admin" group="dba" mode="755" created="2011-02-25T18:04:53+01:00" modified="2011-02-25T18:04:53+01:00" filename="fnote2_liste.xml" mimetype="application/xml"/>
    <resource type="XMLResource" name="ghs.xml" owner="admin" group="dba" mode="755" created="2011-02-25T18:04:53+01:00" modified="2011-02-25T18:04:53+01:00" filename="ghs.xml" mimetype="application/xml"/>
    <resource type="XMLResource" name="mfu_edition.xml" owner="admin" group="dba" mode="755" created="2011-02-25T18:04:54+01:00" modified="2011-02-25T18:04:54+01:00" filename="mfu_edition.xml" mimetype="application/xml"/>
    <resource type="XMLResource" name="mfu_struktur.xml" owner="admin" group="dba" mode="755" created="2011-02-25T18:04:58+01:00" modified="2011-02-25T18:04:58+01:00" filename="mfu_struktur.xml" mimetype="application/xml"/>
    <resource type="XMLResource" name="namen_db.xml" owner="admin" group="dba" mode="755" created="2011-02-25T18:04:59+01:00" modified="2011-02-25T18:04:59+01:00" filename="namen_db.xml" mimetype="application/xml"/>
    <resource type="XMLResource" name="orte_db.xml" owner="admin" group="dba" mode="755" created="2011-02-25T18:05:05+01:00" modified="2011-02-25T18:05:05+01:00" filename="orte_db.xml" mimetype="application/xml"/>
    <subcollection name="xslt" filename="xslt"/>
    <subcollection name="css" filename="css"/>
    <subcollection name="xq" filename="xq"/>
    <subcollection name="xsd" filename="xsd"/>
</collection>