<grundherrschaften xmlns:xsi="http://www.w3.org/2001/XMLSchema-instance" xsi:noNamespaceSchemaLocation="xsd/ghs.xsd"><ghs sigle=""><name_ordnung>keine Ghs</name_ordnung><name_ausgabe>keine Grundherrschaft verzeichnet</name_ausgabe></ghs><ghs sigle="E"><name_ordnung>Eigen</name_ordnung><name_ausgabe>Eigenbesitz</name_ausgabe></ghs><ghs sigle="L_Az"><name_ordnung>Deutschlandsberg, Achatz zu</name_ordnung><name_ausgabe>Achatz zu Deutschlandsberg</name_ausgabe></ghs><ghs sigle="A"><name_ordnung>Admont, Abt des Benediktinerstiftes</name_ordnung><name_ausgabe>Abt des Benediktinerstiftes Admont</name_ausgabe></ghs><ghs sigle="L_A"><name_ordnung>Leitring, Albrecht zu</name_ordnung><name_ausgabe>Albrecht zu Leitring</name_ausgabe></ghs><ghs sigle="Pf_Pg"><name_ordnung>Burgau, Pfarrer von</name_ordnung><name_ausgabe>Pfarrer von Burgau</name_ausgabe></ghs><ghs sigle="C"><name_ordnung>Cilli, Graf von</name_ordnung><name_ausgabe>Graf von Cilli</name_ausgabe></ghs><ghs sigle="Dr_"><name_ordnung>Dorner</name_ordnung><name_ausgabe>Dorner</name_ausgabe><ghs2 sigle="Dr"><name_ordnung>Dorner, der</name_ordnung><name_ausgabe>Dorner</name_ausgabe></ghs2><ghs2 sigle="Dr_F"><name_ordnung>Dorner, Friedrich</name_ordnung><name_ausgabe>Friedrich Dorner</name_ausgabe></ghs2><ghs2 sigle="Dri"><name_ordnung>Dorner, die</name_ordnung><name_ausgabe>Dorner</name_ausgabe></ghs2></ghs><ghs sigle="Fz"><name_ordnung>Feistritzer, Herr Albrecht</name_ordnung><name_ausgabe>Herr Albrecht Feistritzer</name_ausgabe></ghs><ghs sigle="F_V"><name_ordnung>Voitsberg, Felix zu</name_ordnung><name_ausgabe>Felix zu Voitsberg</name_ausgabe></ghs><ghs sigle="Fl"><name_ordnung>Fladnitzer, die (pl)</name_ordnung><name_ausgabe>Fladnitzer (pl)</name_ausgabe></ghs><ghs sigle="Fg"><name_ordnung>Fleming, der</name_ordnung><name_ausgabe>Fleming</name_ausgabe></ghs><ghs sigle="Fr"><name_ordnung>Fronauer, Georg</name_ordnung><name_ausgabe>Georg Fronauer</name_ausgabe></ghs><ghs sigle="Bg_F"><name_ordnung>Frondsberg, Burggraf von</name_ordnung><name_ausgabe>Burggraf von Frondsberg</name_ausgabe></ghs><ghs sigle="K_F"><name_ordnung>Fürstenfeld, Kommandeur der Johanniterkommende</name_ordnung><name_ausgabe>Kommandeur der Johanniterkommende Fürstenfeld</name_ausgabe></ghs><ghs sigle="P_F"><name_ordnung>Fürstenfeld, Prior des Augustiner-Eremiten-Klosters</name_ordnung><name_ausgabe>Prior des Augustiner-Eremiten-Klosters Fürstenfeld</name_ausgabe></ghs><ghs sigle="Fv"><name_ordnung>Futtervas, der</name_ordnung><name_ausgabe>Futtervas</name_ausgabe></ghs><ghs sigle="Gs"><name_ordnung>Gaisrucker, der</name_ordnung><name_ausgabe>Gaisrucker</name_ausgabe></ghs><ghs sigle="Gl"><name_ordnung>Gall, der</name_ordnung><name_ausgabe>Gall</name_ausgabe></ghs><ghs sigle="Grd"><name_ordnung>Gardian, der</name_ordnung><name_ausgabe>Gardian</name_ausgabe></ghs><ghs sigle="Ge"><name_ordnung>Geler, Andreas</name_ordnung><name_ausgabe>Andreas Geler</name_ausgabe></ghs><ghs sigle="Gp"><name_ordnung>Gespan, der</name_ordnung><name_ausgabe>Gespan</name_ausgabe></ghs><ghs sigle="Gu"><name_ordnung>Geuprecht, die</name_ordnung><name_ausgabe>Geuprecht</name_ausgabe></ghs><ghs sigle="Gl_"><name_ordnung>Gleisbacher</name_ordnung><name_ausgabe>Gleisbacher</name_ausgabe><ghs2 sigle="Gle"><name_ordnung>Gleisbacher, der</name_ordnung><name_ausgabe>Gleisbacher</name_ausgabe></ghs2><ghs2 sigle="Gli"><name_ordnung>Gleisbacher, die</name_ordnung><name_ausgabe>Gleisbacher</name_ausgabe></ghs2></ghs><ghs sigle="Glo_"><name_ordnung>Glojacher</name_ordnung><name_ausgabe>Glojacher</name_ausgabe><ghs2 sigle="Glo"><name_ordnung>Glojacher, der</name_ordnung><name_ausgabe>Glojacher</name_ausgabe></ghs2><ghs2 sigle="Glo_F"><name_ordnung>Glojacher, Friedrich</name_ordnung><name_ausgabe>Friedrich Glojacher</name_ausgabe></ghs2><ghs2 sigle="Glo_H"><name_ordnung>Glojacher, Haidenreich</name_ordnung><name_ausgabe>Haidenreich Glojacher</name_ausgabe></ghs2></ghs><ghs sigle="Gn"><name_ordnung>Gnaser, der</name_ordnung><name_ausgabe>Gnaser</name_ausgabe></ghs><ghs sigle="G"><name_ordnung>Göss, Benediktinerinnenstift</name_ordnung><name_ausgabe>Benediktinerinnenstift Göss</name_ausgabe><ghs2 sigle="G_A"><name_ordnung>Göss, Äbtissin des Benediktinerinnenstiftes</name_ordnung><name_ausgabe>Äbtissin des Benediktinerinnenstiftes Göss</name_ausgabe></ghs2><ghs2 sigle="G_Kl"><name_ordnung>Göss, Benediktinerinnenstift</name_ordnung><name_ausgabe>Benediktinerinnenstift Göss</name_ausgabe></ghs2></ghs><ghs sigle="Gd_"><name_ordnung>Gradner, Herr</name_ordnung><name_ausgabe>Herr Gradner</name_ausgabe><ghs2 sigle="Gd_A"><name_ordnung>Gradner, Herr Alexander</name_ordnung><name_ausgabe>Herr Alexander Gradner</name_ausgabe></ghs2><ghs2 sigle="Gd"><name_ordnung>Gradner, Herr Peter</name_ordnung><name_ausgabe>Herr Peter Gradner</name_ausgabe></ghs2></ghs><ghs sigle="Pf_Gw"><name_ordnung>Gratwein, Pfarrer von</name_ordnung><name_ausgabe>Pfarrer von Gratwein</name_ausgabe></ghs><ghs sigle="G_Sp"><name_ordnung>Graz, Allerheiligenspital</name_ordnung><name_ausgabe>Allerheiligenspital zu Graz</name_ausgabe></ghs><ghs sigle="Gr_Kl_"><name_ordnung>Graz, Dominikanerinnenkloster</name_ordnung><name_ausgabe>Dominikanerinnenkloster Graz</name_ausgabe><ghs2 sigle="G_Pr"><name_ordnung>Graz, Priorin des Dominikanerinnenklosters</name_ordnung><name_ausgabe>Priorin des Dominikanerinnenklosters Graz</name_ausgabe></ghs2></ghs><ghs sigle="G_H_G"><name_ordnung>Graz, Heiligen-Geist-Spital</name_ordnung><name_ausgabe>Heiligen-Geist-Spital zu Graz</name_ausgabe></ghs><ghs sigle="H_Sp"><name_ordnung>Graz, Horneckerspital</name_ordnung><name_ausgabe>Horneckerspital zu Graz</name_ausgabe></ghs><ghs sigle="G_S_K"><name_ordnung>Graz, Katharinenkapelle</name_ordnung><name_ausgabe>Katharinenkapelle zu Graz</name_ausgabe></ghs><ghs sigle="G_K"><name_ordnung>Graz, Kommandeur der Deutschordenskommende am Leech</name_ordnung><name_ausgabe>Kommandeur der Deutschordenskommende am Leech in Graz</name_ausgabe></ghs><ghs sigle="Pf_G"><name_ordnung>Graz-St. Ägid, Pfarrer von</name_ordnung><name_ausgabe>Pfarrer von Graz-St. Ägid</name_ausgabe></ghs><ghs sigle="Pf_S_P"><name_ordnung>Graz-St. Peter, Pfarrer von</name_ordnung><name_ausgabe>Pfarrer von Graz-St. Peter</name_ausgabe></ghs><ghs sigle="Gr"><name_ordnung>Greulich, die</name_ordnung><name_ausgabe>Greulich</name_ausgabe></ghs><ghs sigle="Gg_"><name_ordnung>Gribinger</name_ordnung><name_ausgabe>Gribinger</name_ausgabe><ghs2 sigle="Gg"><name_ordnung>Gribinger, die (pl)</name_ordnung><name_ausgabe>Gribinger (pl)</name_ausgabe></ghs2><ghs2 sigle="Ggn"><name_ordnung>Gribinger, die</name_ordnung><name_ausgabe>Gribinger</name_ausgabe></ghs2></ghs><ghs sigle="G_G"><name_ordnung>Gufel zu Graz</name_ordnung><name_ausgabe>Gufel zu Graz</name_ausgabe></ghs><ghs sigle="Ka_Gu"><name_ordnung>Gutenberg, Dreifaltigkeitskirche</name_ordnung><name_ausgabe>Dreifaltigkeitskirche in Gutenberg</name_ausgabe><ghs2 sigle="K_Gu"><name_ordnung>Gutenberg, Dreifaltigkeitskirche</name_ordnung><name_ausgabe>Dreifaltigkeitskirche in Gutenberg</name_ausgabe></ghs2><ghs2 sigle="K_S"><name_ordnung>Gutenberg, Kaplan Herr Stefan zur Dreifaltigkeitskirche</name_ordnung><name_ausgabe>Kaplan Herr Stefan zur Dreifaltigkeitskirche in Gutenberg</name_ausgabe></ghs2></ghs><ghs sigle="Ha_"><name_ordnung>Hagecker</name_ordnung><name_ausgabe>Hagecker</name_ausgabe><ghs2 sigle="Ha"><name_ordnung>Hagecker, der</name_ordnung><name_ausgabe>Hagecker</name_ausgabe></ghs2><ghs2 sigle="Hai"><name_ordnung>Hagecker, die</name_ordnung><name_ausgabe>Hagecker</name_ausgabe></ghs2></ghs><ghs sigle="Hr"><name_ordnung>Hagenreuter, der</name_ordnung><name_ausgabe>Hagenreuter</name_ausgabe></ghs><ghs sigle="Hh"><name_ordnung>Heimschuher, der</name_ordnung><name_ausgabe>Heimschuher</name_ausgabe></ghs><ghs sigle="Pf_H"><name_ordnung>Hartberg, Pfarrer von</name_ordnung><name_ausgabe>Pfarrer von Hartberg</name_ausgabe></ghs><ghs sigle="Hn"><name_ordnung>Hausmannstätten, Konrad von</name_ordnung><name_ausgabe>Konrad von Hausmannstätten</name_ausgabe></ghs><ghs sigle="Pf_Hn"><name_ordnung>Hausmannstätten, Pfarrer von</name_ordnung><name_ausgabe>Pfarrer von Hausmannstätten</name_ausgabe></ghs><ghs sigle="Pf_H_K"><name_ordnung>Heiligenkreuz, Pfarrer von</name_ordnung><name_ausgabe>Pfarrer von Heiligenkreuz</name_ausgabe></ghs><ghs sigle="Pf_Hg"><name_ordnung>Hengsberg, Pfarrer von</name_ordnung><name_ausgabe>Pfarrer von Hengsberg</name_ausgabe></ghs><ghs sigle="Hs_"><name_ordnung>Herbersdorfer</name_ordnung><name_ausgabe>Herbersdorfer</name_ausgabe><ghs2 sigle="Hs"><name_ordnung>Herbersdorfer, der</name_ordnung><name_ausgabe>Herbersdorfer</name_ausgabe></ghs2><ghs2 sigle="Hs_Eh"><name_ordnung>Herbersdorfer, Erhard</name_ordnung><name_ausgabe>Erhard Herbersdorfer</name_ausgabe></ghs2><ghs2 sigle="Hs_E"><name_ordnung>Herbersdorfer, Ernst</name_ordnung><name_ausgabe>Ernst Herbersdorfer</name_ausgabe></ghs2></ghs><ghs sigle="Hc"><name_ordnung>Herzenkraft, der</name_ordnung><name_ausgabe>Herzenkraft</name_ausgabe></ghs><ghs sigle="H"><name_ordnung>Steiermark, Herzog von</name_ordnung><name_ausgabe>Herzog von Steiermark</name_ausgabe></ghs><ghs sigle="Hz"><name_ordnung>Hitzendorfer, der</name_ordnung><name_ausgabe>Hitzendorfer</name_ausgabe></ghs><ghs sigle="Hl_"><name_ordnung>Hollenegger</name_ordnung><name_ausgabe>Hollenegger</name_ausgabe><ghs2 sigle="Hl_F"><name_ordnung>Hollenegger, Friedrich</name_ordnung><name_ausgabe>Friedrich Hollenegger</name_ausgabe></ghs2><ghs2 sigle="Hl_Ht"><name_ordnung>Hollenegger, Hertel</name_ordnung><name_ausgabe>Hertel Hollenegger</name_ausgabe></ghs2><ghs2 sigle="Hl_H"><name_ordnung>Hollenegger, Johannes</name_ordnung><name_ausgabe>Johannes Hollenegger</name_ausgabe></ghs2><ghs2 sigle="Hl_K"><name_ordnung>Hollenegger, Konrad</name_ordnung><name_ausgabe>Konrad Hollenegger</name_ausgabe></ghs2><ghs2 sigle="Hl_R"><name_ordnung>Hollenegger, Rupert</name_ordnung><name_ausgabe>Rupert Hollenegger</name_ausgabe></ghs2></ghs><ghs sigle="Ju_Kl"><name_ordnung>Judenburg, Klarissenkloster Hl. Maria im Paradeis</name_ordnung><name_ausgabe>Klarissenkloster Hl. Maria im Paradeis in Judenburg</name_ausgabe><ghs2 sigle="J_Kl"><name_ordnung>Judenburg, Klarissenkloster Hl. Maria im Paradeis</name_ordnung><name_ausgabe>Klarissenkloster Hl. Maria im Paradeis in Judenburg</name_ausgabe></ghs2><ghs2 sigle="J_Pr"><name_ordnung>Judenburg, Priorin des Klarissenklosters Hl. Maria im Paradeis</name_ordnung><name_ausgabe>Priorin des Klarissenklosters Hl. Maria im Paradeis in Judenburg</name_ausgabe></ghs2></ghs><ghs sigle="Kd"><name_ordnung>Kaindorfer, der</name_ordnung><name_ausgabe>Kaindorfer</name_ausgabe></ghs><ghs sigle="Kh_"><name_ordnung>Kasparhan</name_ordnung><name_ausgabe>Kasparhan</name_ausgabe><ghs2 sigle="Kh"><name_ordnung>Kasparhan, der</name_ordnung><name_ausgabe>Kasparhan</name_ausgabe></ghs2><ghs2 sigle="Khn"><name_ordnung>Kasparhan, die</name_ordnung><name_ausgabe>Kasparhan</name_ausgabe></ghs2></ghs><ghs sigle="Kz"><name_ordnung>Kelz, der</name_ordnung><name_ausgabe>Kelz</name_ausgabe></ghs><ghs sigle="Pf_Kb"><name_ordnung>Kirchbach, Pfarrer von</name_ordnung><name_ausgabe>Pfarrer von Kirchbach</name_ausgabe></ghs><ghs sigle="Pf_K"><name_ordnung>Kirchberg, Pfarrer von</name_ordnung><name_ausgabe>Pfarrer von Kirchberg</name_ausgabe></ghs><ghs sigle="Kni"><name_ordnung>Knor, die</name_ordnung><name_ausgabe>Knor</name_ausgabe></ghs><ghs sigle="K_G"><name_ordnung>Kochel zu Graz</name_ordnung><name_ausgabe>Kochel zu Graz</name_ausgabe></ghs><ghs sigle="Pf_Kf"><name_ordnung>Köflach, Pfarrer von</name_ordnung><name_ausgabe>Pfarrer von Köflach</name_ausgabe></ghs><ghs sigle="Kra"><name_ordnung>Krabatsdorfer, der</name_ordnung><name_ausgabe>Krabatsdorfer</name_ausgabe></ghs><ghs sigle="Kr"><name_ordnung>Kranichberger, der</name_ordnung><name_ausgabe>Kranichberger</name_ausgabe></ghs><ghs sigle="Kt"><name_ordnung>Krottendorfer, der</name_ordnung><name_ausgabe>Krottendorfer</name_ausgabe></ghs><ghs sigle="Ks"><name_ordnung>Gschurr, der</name_ordnung><name_ausgabe>Gschurr</name_ausgabe></ghs><ghs sigle="Ku"><name_ordnung>Kaindorfer, Ulrich</name_ordnung><name_ausgabe>Ulrich Kaindorfer</name_ausgabe></ghs><ghs sigle="Lh"><name_ordnung>Landschacher, die</name_ordnung><name_ausgabe>Landschacher</name_ausgabe></ghs><ghs sigle="Lk"><name_ordnung>Lankman, der</name_ordnung><name_ausgabe>Lankman</name_ausgabe></ghs><ghs sigle="L_W"><name_ordnung>Larenz, Otto, zu Weiz</name_ordnung><name_ausgabe>Otto Larenz zu Weiz</name_ausgabe></ghs><ghs sigle="Ln"><name_ordnung>Laun, Johannes</name_ordnung><name_ausgabe>Johannes Laun</name_ausgabe></ghs><ghs sigle="Lb"><name_ordnung>Leibnitz, Salzburger Vizedomamt</name_ordnung><name_ausgabe>Salzburger Vizedomamt Leibnitz</name_ausgabe></ghs><ghs sigle="Pf_Lz"><name_ordnung>Leibnitz, Pfarrer von</name_ordnung><name_ausgabe>Pfarrer von Leibnitz</name_ausgabe></ghs><ghs sigle="Lz_"><name_ordnung>Lemsitzer (pl)</name_ordnung><name_ausgabe>Lemsitzer (pl)</name_ausgabe><ghs2 sigle="Lz"><name_ordnung>Lemsitzer, die</name_ordnung><name_ausgabe>Lemsitzer</name_ausgabe></ghs2><ghs2 sigle="Lz_E"><name_ordnung>Lemsitzer, Erhard</name_ordnung><name_ausgabe>Erhard Lemsitzer</name_ausgabe></ghs2><ghs2 sigle="Lz_F"><name_ordnung>Lemsitzer, Friedrich</name_ordnung><name_ausgabe>Friedrich Lemsitzer</name_ausgabe></ghs2><ghs2 sigle="Lz_K"><name_ordnung>Lemsitzer, Kaspar</name_ordnung><name_ausgabe>Kaspar Lemsitzer</name_ausgabe></ghs2><ghs2 sigle="Lz_N"><name_ordnung>Lemsitzer, Nikolaus</name_ordnung><name_ausgabe>Nikolaus Lemsitzer</name_ausgabe></ghs2><ghs2 sigle="Lzn"><name_ordnung>Lemsitzerin, die</name_ordnung><name_ausgabe>Lemsitzerin</name_ausgabe></ghs2></ghs><ghs sigle="L_"><name_ordnung>Lengheimer</name_ordnung><name_ausgabe>Lengheimer</name_ausgabe><ghs2 sigle="L"><name_ordnung>Lengheimer, der</name_ordnung><name_ausgabe>Lengheimer</name_ausgabe></ghs2><ghs2 sigle="L_J"><name_ordnung>Lengheimer, Georg</name_ordnung><name_ausgabe>Georg Lengheimer</name_ausgabe></ghs2><ghs2 sigle="L_N"><name_ordnung>Lengheimer, Nikolaus</name_ordnung><name_ausgabe>Nikolaus Lengheimer</name_ausgabe></ghs2></ghs><ghs sigle="Pf_L"><name_ordnung>Ligist, Pfarrer von</name_ordnung><name_ausgabe>Pfarrer von Ligist</name_ausgabe></ghs><ghs sigle="Lg"><name_ordnung>Ligister, der</name_ordnung><name_ausgabe>Ligister</name_ausgabe></ghs><ghs sigle="Mh"><name_ordnung>Matschacher, der</name_ordnung><name_ausgabe>Matschacher</name_ausgabe></ghs><ghs sigle="Mr"><name_ordnung>Mitteregger, der</name_ordnung><name_ausgabe>Mitteregger</name_ausgabe></ghs><ghs sigle="Mo_G"><name_ordnung>Montfort, die Grafen von</name_ordnung><name_ausgabe>Grafen von Montfort</name_ausgabe><ghs2 sigle="M_G"><name_ordnung>Montfort, die Grafen von</name_ordnung><name_ausgabe>Grafen von Montfort</name_ausgabe></ghs2><ghs2 sigle="M_J"><name_ordnung>Montfort, die jungen Grafen von</name_ordnung><name_ausgabe>die jungen Grafen von Montfort</name_ausgabe></ghs2></ghs><ghs sigle="Mz"><name_ordnung>Mierzer, Friedrich</name_ordnung><name_ausgabe>Friedrich Mierzer</name_ausgabe></ghs><ghs sigle="N_"><name_ordnung>Nägelsdorfer, der</name_ordnung><name_ausgabe>Nägelsdorfer</name_ausgabe><ghs2 sigle="N"><name_ordnung>Nägelsdorfer, der</name_ordnung><name_ausgabe>Nägelsdorfer</name_ausgabe></ghs2><ghs2 sigle="N_S"><name_ordnung>Nägelsdorfer, Sigmund</name_ordnung><name_ausgabe>Sigmund Nägelsdorfer</name_ausgabe></ghs2></ghs><ghs sigle="Ne"><name_ordnung>Närringer, der</name_ordnung><name_ausgabe>Närringer</name_ausgabe></ghs><ghs sigle="Pf_P"><name_ordnung>Passail, Pfarrer von</name_ordnung><name_ausgabe>Pfarrer von Passail</name_ausgabe></ghs><ghs sigle="P_S"><name_ordnung>Peuerl von Schwanberg</name_ordnung><name_ausgabe>Peuerl von Schwanberg</name_ausgabe></ghs><ghs sigle="P_"><name_ordnung>Perneck, Herr von</name_ordnung><name_ausgabe>Herr von Perneck</name_ausgabe><ghs2 sigle="P_A"><name_ordnung>Perneck, Herr Erasmus von</name_ordnung><name_ausgabe>Herr Erasmus von Perneck</name_ausgabe></ghs2><ghs2 sigle="P_[A]"><name_ordnung>Perneck, Herr von</name_ordnung><name_ausgabe>Herr von Perneck</name_ausgabe></ghs2><ghs2 sigle="P_W"><name_ordnung>Perneck, Herr Wilhelm von</name_ordnung><name_ausgabe>Herr Wilhelm von Perneck</name_ausgabe></ghs2></ghs><ghs sigle="P"><name_ordnung>Perner, der</name_ordnung><name_ausgabe>Perner</name_ausgabe></ghs><ghs sigle="Pz"><name_ordnung>Pesnitzer</name_ordnung><name_ausgabe>Pesnitzer</name_ausgabe><ghs2 sigle="Pz_H"><name_ordnung>Pesnitzer, Johannes</name_ordnung><name_ausgabe>Johannes Pesnitzer</name_ausgabe></ghs2><ghs2 sigle="Pz_K"><name_ordnung>Pesnitzer, Konrad</name_ordnung><name_ausgabe>Konrad Pesnitzer</name_ausgabe></ghs2></ghs><ghs sigle="Pe"><name_ordnung>Pettau, der von</name_ordnung><name_ausgabe>der von Pettau</name_ausgabe></ghs><ghs sigle="Pfb_"><name_ordnung>Pfannberg, die Grafen von</name_ordnung><name_ausgabe>Grafen von Pfannberg</name_ausgabe><ghs2 sigle="Pfb"><name_ordnung>Pfannberg, die Grafen von</name_ordnung><name_ausgabe>Grafen von Pfannberg</name_ausgabe></ghs2><ghs2 sigle="Pfb_J"><name_ordnung>Pfannberg, die jungen Herren von</name_ordnung><name_ausgabe>die jungen Herren von Pfannberg</name_ausgabe></ghs2></ghs><ghs sigle="Ph"><name_ordnung>Fohnsdorfer, der</name_ordnung><name_ausgabe>Fohnsdorfer</name_ausgabe></ghs><ghs sigle="Pn"><name_ordnung>Phuntan, der</name_ordnung><name_ausgabe>Phuntan</name_ausgabe></ghs><ghs sigle="Pr"><name_ordnung>Pierer, der</name_ordnung><name_ausgabe>Pierer</name_ausgabe></ghs><ghs sigle="Pf_B"><name_ordnung>Pischelsdorf, Pfarrer von</name_ordnung><name_ausgabe>Pfarrer von Pischelsdorf</name_ausgabe></ghs><ghs sigle="Pl"><name_ordnung>Polheim, der von</name_ordnung><name_ausgabe>der von Polheim</name_ausgabe></ghs><ghs sigle="Pf_Pl"><name_ordnung>Pöllau, Pfarrer von</name_ordnung><name_ausgabe>Pfarrer von Pöllau</name_ausgabe></ghs><ghs sigle="Pg"><name_ordnung>Potigler, der</name_ordnung><name_ausgabe>Potigler</name_ausgabe></ghs><ghs sigle="Pk"><name_ordnung>Pranckher, der</name_ordnung><name_ausgabe>Pranckher</name_ausgabe></ghs><ghs sigle="Pt"><name_ordnung>Prantner, der</name_ordnung><name_ausgabe>Prantner</name_ausgabe></ghs><ghs sigle="Pnr"><name_ordnung>Breuner, der</name_ordnung><name_ausgabe>Breuner</name_ausgabe></ghs><ghs sigle="Pgn"><name_ordnung>Prenninger, die</name_ordnung><name_ausgabe>Prenninger</name_ausgabe></ghs><ghs sigle="Pa"><name_ordnung>Pucher, der alte</name_ordnung><name_ausgabe>der alte Pucher</name_ausgabe></ghs><ghs sigle="Pm"><name_ordnung>Puchheim, der von</name_ordnung><name_ausgabe>der von Puchheim</name_ausgabe></ghs><ghs sigle="Ps_"><name_ordnung>Puxer</name_ordnung><name_ausgabe>Puxer</name_ausgabe><ghs2 sigle="Ps"><name_ordnung>Puxer, der</name_ordnung><name_ausgabe>Puxer</name_ausgabe></ghs2><ghs2 sigle="Psn"><name_ordnung>Puxer, die</name_ordnung><name_ausgabe>Puxer</name_ausgabe></ghs2></ghs><ghs sigle="Ra"><name_ordnung>Raber, der</name_ordnung><name_ausgabe>Raber</name_ausgabe></ghs><ghs sigle="Pf_Rg"><name_ordnung>Radkersburg, Pfarrer von</name_ordnung><name_ausgabe>Pfarrer von Radkersburg</name_ausgabe></ghs><ghs sigle="Rn"><name_ordnung>Ratmansdorfer, Otto</name_ordnung><name_ausgabe>Otto Ratmansdorfer</name_ausgabe></ghs><ghs sigle="R_"><name_ordnung>Rein, Zisterzienserstift</name_ordnung><name_ausgabe>Zisterzienserstift Rein</name_ausgabe><ghs2 sigle="R"><name_ordnung>Rein, Abt des Zisterzienserstiftes</name_ordnung><name_ausgabe>Abt des Zisterzienserstiftes Rein</name_ausgabe></ghs2><ghs2 sigle="R_St"><name_ordnung>Rein, Zisterzienserstift</name_ordnung><name_ausgabe>Zisterzienserstift Rein</name_ausgabe></ghs2><ghs2 sigle="Re"><name_ordnung>Reiner Mönche, die</name_ordnung><name_ausgabe>die Reiner Mönche</name_ausgabe></ghs2></ghs><ghs sigle="Rs"><name_ordnung>Reisacher, der</name_ordnung><name_ausgabe>Reisacher</name_ausgabe></ghs><ghs sigle="Rk_"><name_ordnung>Racknitzer</name_ordnung><name_ausgabe>Racknitzer</name_ausgabe><ghs2 sigle="Rk"><name_ordnung>Racknitzer, der</name_ordnung><name_ausgabe>Racknitzer</name_ausgabe></ghs2><ghs2 sigle="Rk_U"><name_ordnung>Racknitzer, Ulrich</name_ordnung><name_ausgabe>Ulrich Racknitzer</name_ausgabe></ghs2></ghs><ghs sigle="Rf"><name_ordnung>Retzer im Feld</name_ordnung><name_ausgabe>Retzer im Feld</name_ausgabe></ghs><ghs sigle="Rt_"><name_ordnung>Rindscheit</name_ordnung><name_ausgabe>Rindscheit</name_ausgabe><ghs2 sigle="Rt_A"><name_ordnung>Rindscheit, der alte</name_ordnung><name_ausgabe>der alte Rindscheit</name_ausgabe></ghs2><ghs2 sigle="Rt"><name_ordnung>Rindscheit, Heinrich</name_ordnung><name_ausgabe>Heinrich Rindscheit</name_ausgabe></ghs2><ghs2 sigle="Rt_L"><name_ordnung>Rindscheit, Lenzin die</name_ordnung><name_ausgabe>Lenzin die Rindscheit</name_ausgabe></ghs2></ghs><ghs sigle="Rtt"><name_ordnung>Rotenritter, der</name_ordnung><name_ausgabe>Rotenritter</name_ausgabe></ghs><ghs sigle="Sg"><name_ordnung>Salzburg, Erzbischof von</name_ordnung><name_ausgabe>Erzbischof von Salzburg</name_ausgabe></ghs><ghs sigle="Su_"><name_ordnung>Saurau</name_ordnung><name_ausgabe>Saurau</name_ausgabe><ghs2 sigle="Su_B"><name_ordnung>Saurau, Bernhard von</name_ordnung><name_ausgabe>Bernhard von Saurau</name_ausgabe></ghs2><ghs2 sigle="Su"><name_ordnung>Saurau, der von</name_ordnung><name_ausgabe>der von Saurau</name_ausgabe></ghs2><ghs2 sigle="Su_U"><name_ordnung>Saurau, Ulrich von</name_ordnung><name_ausgabe>Ulrich von Saurau</name_ausgabe></ghs2><ghs2 sigle="Su_Uae"><name_ordnung>Saurau, Ulrich, der ältere von</name_ordnung><name_ausgabe>Ulrich der ältere von Saurau</name_ausgabe></ghs2></ghs><ghs sigle="S_"><name_ordnung>Schratt</name_ordnung><name_ausgabe>Schratt</name_ausgabe><ghs2 sigle="S_A"><name_ordnung>Schratt, Albrecht, zu Kindberg</name_ordnung><name_ausgabe>Albrecht Schratt zu Kindberg</name_ausgabe></ghs2><ghs2 sigle="S_H"><name_ordnung>Schratt, Johannes, zu Purwai</name_ordnung><name_ausgabe>Johannes Schratt zu Purwai</name_ausgabe></ghs2><ghs2 sigle="S_S"><name_ordnung>Schratt, Seifried, im Mürztal</name_ordnung><name_ausgabe>Seifried Schratt im Mürztal</name_ausgabe></ghs2></ghs><ghs sigle="S"><name_ordnung>Seckau, Bischof von</name_ordnung><name_ausgabe>Bischof von Seckau</name_ausgabe></ghs><ghs sigle="S_P"><name_ordnung>Seckau, Propst des Augustiner-Chorherrenstiftes</name_ordnung><name_ausgabe>Propst des Augustiner-Chorherrenstiftes Seckau</name_ausgabe></ghs><ghs sigle="Sr"><name_ordnung>Seidennater, Christoph, zu Graz</name_ordnung><name_ausgabe>Christoph Seidennater zu Graz</name_ausgabe></ghs><ghs sigle="Slr"><name_ordnung>Sleicher, der</name_ordnung><name_ausgabe>Sleicher</name_ausgabe></ghs><ghs sigle="Sl_"><name_ordnung>Schlüssler</name_ordnung><name_ausgabe>Schlüssler</name_ausgabe><ghs2 sigle="Sl_A"><name_ordnung>Schlüssler, Andreas</name_ordnung><name_ausgabe>Andreas Schlüssler</name_ausgabe></ghs2><ghs2 sigle="Sl_H"><name_ordnung>Schlüssler, Johannes</name_ordnung><name_ausgabe>Johannes Schlüssler</name_ausgabe></ghs2><ghs2 sigle="Sl_S"><name_ordnung>Schlüssler, Siegbald</name_ordnung><name_ausgabe>Siegbald Schlüssler</name_ausgabe></ghs2></ghs><ghs sigle="Sn"><name_ordnung>Schneider, Friedrich der</name_ordnung><name_ausgabe>Friedrich der Schneider</name_ausgabe></ghs><ghs sigle="Sy"><name_ordnung>Soyel, der</name_ordnung><name_ausgabe>Soyel</name_ausgabe></ghs><ghs sigle="Pf_S_B"><name_ordnung>St. Bartholomä, Pfarrer von</name_ordnung><name_ausgabe>Pfarrer von St. Bartholomä</name_ausgabe></ghs><ghs sigle="Pf_S_F"><name_ordnung>St. Florian, Pfarrer von</name_ordnung><name_ausgabe>Pfarrer von St. Florian</name_ausgabe></ghs><ghs sigle="Pf_S_G"><name_ordnung>St. Georgen, Pfarrer von</name_ordnung><name_ausgabe>Pfarrer von St. Georgen</name_ausgabe></ghs><ghs sigle="Pf_R"><name_ordnung>St. Radegund, Pfarrer von</name_ordnung><name_ausgabe>Pfarrer von St. Radegund</name_ausgabe></ghs><ghs sigle="Pf_S_R"><name_ordnung>St. Ruprecht, Pfarrer von</name_ordnung><name_ausgabe>Pfarrer von St. Ruprecht</name_ausgabe></ghs><ghs sigle="Pf_S_S"><name_ordnung>St. Stefan, Pfarrer von</name_ordnung><name_ausgabe>Pfarrer von St. Stefan</name_ausgabe></ghs><ghs sigle="Sl"><name_ordnung>Stadler, der</name_ordnung><name_ausgabe>Stadler</name_ausgabe></ghs><ghs sigle="Ss_"><name_ordnung>Steinpeiß</name_ordnung><name_ausgabe>Steinpeiß</name_ausgabe><ghs2 sigle="Ss"><name_ordnung>Steinpeiß, der</name_ordnung><name_ausgabe>Steinpeiß</name_ausgabe></ghs2><ghs2 sigle="Ss_H"><name_ordnung>Steinpeiß, Johannes</name_ordnung><name_ausgabe>Johannes Steinpeiß</name_ausgabe></ghs2></ghs><ghs sigle="Stw"><name_ordnung>Steinwald, der</name_ordnung><name_ausgabe>Steinwald</name_ausgabe></ghs><ghs sigle="P_St"><name_ordnung>Stainz, Propst des Augustiner-Chorherrenstiftes</name_ordnung><name_ausgabe>Propst des Augustiner-Chorherrenstiftes Stainz</name_ausgabe></ghs><ghs sigle="Pf_Sg"><name_ordnung>Straßgang, Pfarrer von</name_ordnung><name_ausgabe>Pfarrer von Straßgang</name_ausgabe></ghs><ghs sigle="St_"><name_ordnung>Stubenberg, Herr von</name_ordnung><name_ausgabe>Herr von Stubenberg</name_ausgabe><ghs2 sigle="St_A"><name_ordnung>Stubenberg, Herr Andreas von</name_ordnung><name_ausgabe>Herr Andreas von Stubenberg</name_ausgabe></ghs2><ghs2 sigle="St_F"><name_ordnung>Stubenberg, Herr Friedrich von</name_ordnung><name_ausgabe>Herr Friedrich von Stubenberg</name_ausgabe></ghs2><ghs2 sigle="St_J"><name_ordnung>Stubenberg, Herr Jakob von</name_ordnung><name_ausgabe>Herr Jakob von Stubenberg</name_ausgabe></ghs2><ghs2 sigle="St_O"><name_ordnung>Stubenberg, Herr Otto von</name_ordnung><name_ausgabe>Herr Otto von Stubenberg</name_ausgabe></ghs2><ghs2 sigle="St_U"><name_ordnung>Stubenberg, Herr Ulrich von</name_ordnung><name_ausgabe>Herr Ulrich von Stubenberg</name_ausgabe></ghs2><ghs2 sigle="St_W"><name_ordnung>Stubenberg, Herr Wulfing von</name_ordnung><name_ausgabe>Herr Wulfing von Stubenberg</name_ausgabe></ghs2></ghs><ghs sigle="Pf_St"><name_ordnung>Stubenberg, Pfarrer von</name_ordnung><name_ausgabe>Pfarrer von Stubenberg</name_ausgabe></ghs><ghs sigle="Str"><name_ordnung>Sturmberger, der</name_ordnung><name_ausgabe>Sturmberger</name_ausgabe></ghs><ghs sigle="P_Sn"><name_ordnung>Suben, Propst des Augustiner-Chorherrenstiftes</name_ordnung><name_ausgabe>Propst des Augustiner-Chorherrenstiftes Suben</name_ausgabe></ghs><ghs sigle="T"><name_ordnung>Tastler, der</name_ordnung><name_ausgabe>Tastler</name_ausgabe></ghs><ghs sigle="T_R"><name_ordnung>Teufenbacher, Rudolf</name_ordnung><name_ausgabe>Rudolf Teufenbacher</name_ausgabe></ghs><ghs sigle="Tr"><name_ordnung>Törringer, der</name_ordnung><name_ausgabe>Törringer</name_ausgabe></ghs><ghs sigle="Ty"><name_ordnung>Tymitzer, der</name_ordnung><name_ausgabe>Tymitzer</name_ausgabe></ghs><ghs sigle="Un_W"><name_ordnung>Ungnad, Herr Wulfing</name_ordnung><name_ausgabe>Herr Wulfing Ungnad</name_ausgabe></ghs><ghs sigle="Un"><name_ordnung>Ungnad, Pankratz</name_ordnung><name_ausgabe>Pankratz Ungnad</name_ausgabe></ghs><ghs sigle="U"><name_ordnung>Unkelin, die, zu Graz</name_ordnung><name_ausgabe>Unkelin zu Graz</name_ausgabe></ghs><ghs sigle="Vo"><name_ordnung>Voitscher, der</name_ordnung><name_ausgabe>Voitscher</name_ausgabe></ghs><ghs sigle="Vl"><name_ordnung>Vorstel, der</name_ordnung><name_ausgabe>Vorstel</name_ausgabe></ghs><ghs sigle="V_"><name_ordnung>Vorau, Augustiner-Chorherrenstift</name_ordnung><name_ausgabe>Augustiner-Chorherrenstift Vorau</name_ausgabe><ghs2 sigle="V_St"><name_ordnung>Vorau, Augustiner-Chorherrenstift</name_ordnung><name_ausgabe>Augustiner-Chorherrenstift Vorau</name_ausgabe></ghs2><ghs2 sigle="P_V"><name_ordnung>Vorau, Propst des Augustiner-Chorherrenstiftes</name_ordnung><name_ausgabe>Propst des Augustiner-Chorherrenstiftes Vorau</name_ausgabe></ghs2></ghs><ghs sigle="V"><name_ordnung>Vorlauf, der</name_ordnung><name_ausgabe>Vorlauf</name_ausgabe></ghs><ghs sigle="Wl"><name_ordnung>Waldner, der</name_ordnung><name_ausgabe>Waldner</name_ausgabe></ghs><ghs sigle="Wd_"><name_ordnung>Waldsteiner</name_ordnung><name_ausgabe>Waldsteiner</name_ausgabe><ghs2 sigle="Wd"><name_ordnung>Waldsteiner, der</name_ordnung><name_ausgabe>Waldsteiner</name_ausgabe></ghs2><ghs2 sigle="Wd_J"><name_ordnung>Waldsteiner, der junge</name_ordnung><name_ausgabe>der junge Waldsteiner</name_ausgabe></ghs2><ghs2 sigle="Wd_H"><name_ordnung>Waldsteiner, Johannes</name_ordnung><name_ausgabe>Johannes Waldsteiner</name_ausgabe></ghs2></ghs><ghs sigle="Ws"><name_ordnung>Wallsee, der von</name_ordnung><name_ausgabe>der von Wallsee</name_ausgabe></ghs><ghs sigle="Pf_W"><name_ordnung>Weiz, Pfarrer von</name_ordnung><name_ausgabe>Pfarrer von Weiz</name_ausgabe></ghs><ghs sigle="W_U"><name_ordnung>Wildon, Herr Ulrich zu</name_ordnung><name_ausgabe>Herr Ulrich zu Wildon</name_ausgabe></ghs><ghs sigle="Wp_"><name_ordnung>Willberger</name_ordnung><name_ausgabe>Willberger</name_ausgabe><ghs2 sigle="Wpr"><name_ordnung>Willberger, der</name_ordnung><name_ausgabe>Willberger</name_ausgabe></ghs2><ghs2 sigle="Wp"><name_ordnung>Willberger, die</name_ordnung><name_ausgabe>Willberger</name_ausgabe></ghs2></ghs><ghs sigle="Wn"><name_ordnung>Winden, Herr Johannes zu</name_ordnung><name_ausgabe>Herr Johannes zu Winden</name_ausgabe></ghs><ghs sigle="W_"><name_ordnung>Windischgrätzer, Herr</name_ordnung><name_ausgabe>Herr Windischgrätzer</name_ausgabe><ghs2 sigle="W_K1"><name_ordnung>Windischgrätzer, Herr</name_ordnung><name_ausgabe>Herr Windischgrätzer</name_ausgabe></ghs2><ghs2 sigle="W_K"><name_ordnung>Windischgrätzer, Herr Koloman</name_ordnung><name_ausgabe>Herr Koloman Windischgrätzer</name_ausgabe></ghs2></ghs><ghs sigle="Wr"><name_ordnung>Winter, der</name_ordnung><name_ausgabe>Winter</name_ausgabe></ghs><ghs sigle="Wf"><name_ordnung>Wolf, der</name_ordnung><name_ausgabe>Wolf</name_ausgabe></ghs><ghs sigle="W_C"><name_ordnung>Wolfsauer, Herr Christoph</name_ordnung><name_ausgabe>Herr Christoph Wolfsauer</name_ausgabe></ghs><ghs sigle="Pf_Wg"><name_ordnung>Wolfsberg im Schwarzautale, Pfarrer von</name_ordnung><name_ausgabe>Pfarrer von Wolfsberg im Schwarzautale</name_ausgabe></ghs><ghs sigle="W"><name_ordnung>Wolfstaler, der</name_ordnung><name_ausgabe>Wolfstaler</name_ausgabe></ghs><ghs sigle="Z_"><name_ordnung>Zebinger</name_ordnung><name_ausgabe>Zebinger</name_ausgabe><ghs2 sigle="Z"><name_ordnung>Zebinger zu Frondsberg</name_ordnung><name_ausgabe>Zebinger zu Frondsberg</name_ausgabe></ghs2><ghs2 sigle="Z_H"><name_ordnung>Zebinger, Johannes</name_ordnung><name_ausgabe>Johannes Zebinger</name_ausgabe></ghs2><ghs2 sigle="Z_O"><name_ordnung>Zebinger, Ottlin die</name_ordnung><name_ausgabe>Ottlin die Zebinger</name_ausgabe></ghs2></ghs><ghs sigle="Zm"><name_ordnung>Zmöllner, der</name_ordnung><name_ausgabe>Zmöllner</name_ausgabe></ghs></grundherrschaften>