<collection xmlns="http://exist.sourceforge.net/NS/exist" name="/db/telota/xquery" owner="admin" group="dba" mode="755" created="2010-02-26T20:23:08+01:00" version="1">
    <resource type="BinaryResource" name="getBrowseIndex.xql" owner="admin" group="dba" mode="755" created="2010-07-22T17:34:49+02:00" modified="2010-07-22T18:43:58+02:00" filename="getBrowseIndex.xql" mimetype="application/xquery"/>
    <resource type="BinaryResource" name="getIndex.xql" owner="admin" group="dba" mode="755" created="2010-07-23T19:09:01+02:00" modified="2010-07-23T20:04:47+02:00" filename="getIndex.xql" mimetype="application/xquery"/>
    <resource type="BinaryResource" name="index.xql" owner="admin" group="dba" mode="755" created="2010-02-26T22:28:01+01:00" modified="2010-02-28T23:05:22+01:00" filename="index.xql" mimetype="application/xquery"/>
    <resource type="BinaryResource" name="kml.xql" owner="admin" group="dba" mode="755" created="2010-02-26T22:28:01+01:00" modified="2010-07-26T17:39:15+02:00" filename="kml.xql" mimetype="application/xquery"/>
    <resource type="BinaryResource" name="loadContent.xql" owner="admin" group="dba" mode="755" created="2010-02-26T20:59:23+01:00" modified="2011-02-15T18:42:57+01:00" filename="loadContent.xql" mimetype="application/xquery"/>
    <resource type="BinaryResource" name="loadDocumentsTOC.xql" owner="admin" group="dba" mode="755" created="2010-07-22T15:13:42+02:00" modified="2010-07-22T16:02:12+02:00" filename="loadDocumentsTOC.xql" mimetype="application/xquery"/>
    <resource type="BinaryResource" name="loadUserXML.xql" owner="admin" group="dba" mode="755" created="2010-02-26T20:24:16+01:00" modified="2011-02-16T17:13:51+01:00" filename="loadUserXML.xql" mimetype="application/xquery"/>
    <resource type="BinaryResource" name="notes.xql" owner="admin" group="dba" mode="755" created="2010-02-26T22:28:01+01:00" modified="2010-02-26T22:28:01+01:00" filename="notes.xql" mimetype="application/xquery"/>
    <resource type="BinaryResource" name="search.xql" owner="admin" group="dba" mode="755" created="2010-02-26T22:28:02+01:00" modified="2010-07-30T12:58:11+02:00" filename="search.xql" mimetype="application/xquery"/>
    <resource type="BinaryResource" name="showText.xql" owner="admin" group="dba" mode="755" created="2010-02-26T22:28:02+01:00" modified="2010-02-26T22:28:02+01:00" filename="showText.xql" mimetype="application/xquery"/>
    <resource type="BinaryResource" name="uploadDocuments.xql" owner="admin" group="dba" mode="755" created="2010-07-30T13:00:57+02:00" modified="2011-02-10T00:47:57+01:00" filename="uploadDocuments.xql" mimetype="application/xquery"/>
</collection>