<collection xmlns="http://exist.sourceforge.net/NS/exist" name="/db/tei" owner="admin" group="dba" mode="755" created="2010-07-21T13:10:07+02:00" version="1">
    <resource type="BinaryResource" name="docxtotei" owner="admin" group="dba" mode="755" created="2010-08-03T15:22:56+02:00" modified="2010-08-03T15:22:56+02:00" filename="docxtotei" mimetype="application/octet-stream"/>
    <resource type="XMLResource" name="i18n.xml" owner="admin" group="dba" mode="755" created="2010-08-03T15:22:56+02:00" modified="2010-08-03T15:22:56+02:00" filename="i18n.xml" mimetype="application/xml"/>
    <resource type="BinaryResource" name="msdescription.css" owner="admin" group="dba" mode="755" created="2010-08-03T15:22:57+02:00" modified="2010-08-03T15:22:57+02:00" filename="msdescription.css" mimetype="text/css"/>
    <resource type="BinaryResource" name="odd.css" owner="admin" group="dba" mode="755" created="2010-08-03T15:22:57+02:00" modified="2010-08-03T15:22:57+02:00" filename="odd.css" mimetype="text/css"/>
    <resource type="BinaryResource" name="tei-print.css" owner="admin" group="dba" mode="755" created="2010-08-03T15:22:57+02:00" modified="2010-08-03T15:22:57+02:00" filename="tei-print.css" mimetype="text/css"/>
    <resource type="BinaryResource" name="tei.css" owner="admin" group="dba" mode="755" created="2010-08-03T15:22:57+02:00" modified="2010-08-03T15:22:57+02:00" filename="tei.css" mimetype="text/css"/>
    <resource type="BinaryResource" name="teislides.css" owner="admin" group="dba" mode="755" created="2010-08-03T15:22:57+02:00" modified="2010-08-03T15:22:57+02:00" filename="teislides.css" mimetype="text/css"/>
    <resource type="BinaryResource" name="teitodocx" owner="admin" group="dba" mode="755" created="2010-08-03T15:22:57+02:00" modified="2010-08-03T15:22:57+02:00" filename="teitodocx" mimetype="application/octet-stream"/>
    <resource type="BinaryResource" name="teitoepub" owner="admin" group="dba" mode="755" created="2010-08-03T15:22:57+02:00" modified="2010-08-03T15:22:57+02:00" filename="teitoepub" mimetype="application/octet-stream"/>
    <subcollection name="fo" filename="fo"/>
    <subcollection name="tools2" filename="tools2"/>
    <subcollection name="odds" filename="odds"/>
    <subcollection name="latex" filename="latex"/>
    <subcollection name="profiles" filename="profiles"/>
    <subcollection name="xhtml" filename="xhtml"/>
    <subcollection name="latex2" filename="latex2"/>
    <subcollection name="docx" filename="docx"/>
    <subcollection name="epub" filename="epub"/>
    <subcollection name="common2" filename="common2"/>
    <subcollection name="odds2" filename="odds2"/>
    <subcollection name="html" filename="html"/>
    <subcollection name="slides2" filename="slides2"/>
    <subcollection name="common" filename="common"/>
    <subcollection name="slides" filename="slides"/>
    <subcollection name="xhtml2" filename="xhtml2"/>
    <subcollection name="fo2" filename="fo2"/>
</collection>