<!-- interface translations for TEI XSL stylesheets --><i18n><codes><code xml:lang="hr" lang3="hrv"><desc>Croatian</desc><name>Neven Jovanović</name><email>neven.jovanovic@ffzg.hr</email></code><code xml:lang="kr" lang3="kor"><desc>Korean</desc><name>Beom-mo Kang</name><email>bmkang@korea.ac.kr</email></code><code xml:lang="la" lang3="lat"><desc>Latin</desc><name>Neven Jovanović</name><email>neven.jovanovic@ffzg.hr</email></code><code xml:lang="ru" lang3="rus"><desc>Russian</desc><name>Ivan A Derzhanski</name><email>iad@math.bas.bg</email></code><code xml:lang="tr" lang3="tur"><desc>Turkish</desc><name>Ivan A Derzhanski</name><email>iad@math.bas.bg</email></code><code xml:lang="el" lang3="ell"><desc>Greek</desc><name>Ivan A Derzhanski</name><email>iad@math.bas.bg</email></code><code xml:lang="bg" lang3="bul"><desc>Bulgarian</desc><name>Ivan A Derzhanski</name><email>iad@math.bas.bg</email></code><code xml:lang="nl" lang3="nld"><desc>Dutch</desc><name>Bert Van Elsacker</name><email>bertvanelsacker@yahoo.com</email></code><code xml:lang="de" lang3="deu"><desc>German</desc><name>Christian Wittern, Torsten Schassan </name><email>wittern@kanji.zinbun.kyoto-u.ac.jp,schassan@hab.de</email></code><code xml:lang="ja" lang3="jpn"><desc>Japanese</desc><name>Christian Wittern and Ohya Kazushi</name><email>wittern@kanji.zinbun.kyoto-u.ac.jp,ohyakazushi@gmail.com</email></code><code xml:lang="ro" lang3="ron"><desc>Romanian</desc><name>Adrian Dimulescu</name><email>adrian.dimulescu@free.fr</email></code><code xml:lang="fr" lang3="fra"><desc>French</desc><name>Laurent Romary</name><email>Laurent.Romary@loria.fr</email></code><code xml:lang="pt" lang3="por"><desc>Portuguese</desc><name>Leonor Barroca</name><email>l.barroca@open.ac.uk</email></code><code xml:lang="es" lang3="spa"><desc>Spanish</desc><name>Carmen Arronis Llopis</name><email>arronis@ua.es</email></code><code xml:lang="it" lang3="ita"><desc>Italian</desc><name>Fabio Ciotti, Arianna Ciula, Elena Pierazzo</name><email>fabio.ciott@uniroma1.it</email></code><code xml:lang="sl" lang3="slv"><desc>Slovenian</desc><name>Matija Ogrin</name><email>matija.ogrin@zrc-sazu.si</email></code><code xml:lang="pl" lang3="pol"><desc>Polish</desc><name>Radosław Moszczyński</name><email>r.moszczynski@uw.edu.pl</email></code><code xml:lang="sv" lang3="swe"><desc>Swedish</desc><name>Monica Langerth Zetterman and Matthew Zimmerman</name><email>monica.langerth@ped.uu.se,matthew.zimmerman@nyu.edu</email></code><code xml:lang="no" lang3="nor"><desc>Norwegian</desc><name>Øyvind Eide</name><email>oyvind.eide@muspro.uio.no</email></code><code xml:lang="zh-tw"><desc>Chinese</desc><name>Marcus Bingenheimer</name><email>m.bingenheimer@gmail.com</email></code><code xml:lang="sr" lang3="srp"><desc>Serbian</desc><name>Cvetana Krstev</name><email>cvetana@poincare.matf.bg.ac.yu</email></code><code xml:lang="hi" lang3="hin"><desc>Hindi</desc><name>Paul Richards</name><email>paul.richards@ugs.com</email></code><code xml:lang="th" lang3="tha"><desc>Thai</desc><name>Mananya Patamasoontorn</name><email>mananyap@hotmail.com</email></code><code xml:lang="ca" lang3="cat"><desc>Catalan</desc><name>Mikel L. Forcada</name><email>mlf@dlsi.ua.es</email></code></codes><entry><key>TEI</key><text xml:lang="en" lang3="eng">Text Encoding Initiative</text><text xml:lang="de" lang3="deu">Text Encoding Initiative</text><text xml:lang="ro" lang3="ron">Iniţiativa de Codificare a Textului</text><text xml:lang="pt" lang3="por">Iniciativa de Codificação de Texto</text><text xml:lang="es" lang3="spa">Iniciativa de Codificación de Textos</text><text xml:lang="it" lang3="ita">Text Encoding Initiative</text><text xml:lang="sv" lang3="swe">Text Encoding Initiative</text><text xml:lang="no" lang3="nor">Text Encoding Initiative</text><text xml:lang="sr" lang3="srp">Podsticaj obeležavanju teksta</text><text xml:lang="pl" lang3="pol">Inicjatywa Kodowania Tekstów</text><text xml:lang="hi" lang3="hin">viShaya anuvAda prathama kAryavAhI</text><text xml:lang="th" lang3="tha">รหัสวิชา</text><text xml:lang="nl" lang3="nld">Tekstcoderingsinitiatief</text><text xml:lang="ru" lang3="rus">Инициатива по кодированию текстов</text><text xml:lang="tr" lang3="tur">Metin Kodlaması Girişimi</text><text xml:lang="bg" lang3="bul">Инициатива за кодиране на текстове</text><text xml:lang="el" lang3="ell">Πρωτοβουλία για την Κωδικοποίησης Κειμενών</text><text xml:lang="ca" lang3="cat">Iniciativa de Codificació de Textos</text><text xml:lang="la" lang3="lat">Stimulus textibus annotandis</text><text xml:lang="hr" lang3="hrv">Inicijativa za obilježavanje tekstova</text><text xml:lang="kr" lang3="kor">텍스트 부호화 주도</text></entry><entry><key>Attributes</key><text xml:lang="en" lang3="eng">Attributes</text><text xml:lang="de" lang3="deu">Attribute</text><text xml:lang="ro" lang3="ron">Atribute</text><text xml:lang="fr" lang3="fra">Attributs</text><text xml:lang="pt" lang3="por">Atributos</text><text xml:lang="es" lang3="spa">Atributos</text><text xml:lang="it" lang3="ita">Attributi</text><text xml:lang="sl" lang3="slv">Atributi</text><text xml:lang="sv" lang3="swe">Attribut</text><text xml:lang="no" lang3="nor">Attributt</text><text xml:lang="zh-tw">屬性</text><text xml:lang="sr" lang3="srp">Atributi</text><text xml:lang="ja" lang3="jpn">属性</text><text xml:lang="pl" lang3="pol">Atrybuty</text><text xml:lang="hi" lang3="hin">guNa</text><text xml:lang="th" lang3="tha">คุณสมบัติ</text><text xml:lang="nl" lang3="nld">Attributen</text><text xml:lang="ru" lang3="rus">Атрибуты</text><text xml:lang="tr" lang3="tur">Öznitelikler</text><text xml:lang="bg" lang3="bul">Атрибути</text><text xml:lang="el" lang3="ell">Χαρακτηριστικά</text><text xml:lang="ca" lang3="cat">Atributs</text><text xml:lang="la" lang3="lat">Attributa</text><text xml:lang="hr" lang3="hrv">Atributi</text><text xml:lang="kr" lang3="kor">속성</text></entry><entry><key>Class</key><text xml:lang="en" lang3="eng">Class</text><text xml:lang="de" lang3="deu">Klasse</text><text xml:lang="ro" lang3="ron">Clasă</text><text xml:lang="fr" lang3="fra">Classe</text><text xml:lang="pt" lang3="por">Classe</text><text xml:lang="es" lang3="spa">Clase</text><text xml:lang="it" lang3="ita">Classe</text><text xml:lang="sl" lang3="slv">Razred</text><text xml:lang="sv" lang3="swe">Klass</text><text xml:lang="no" lang3="nor">Klasse</text><text xml:lang="zh-tw">分類</text><text xml:lang="sr" lang3="srp">Klasa</text><text xml:lang="ja" lang3="jpn">クラス</text><text xml:lang="pl" lang3="pol">Klasa</text><text xml:lang="hi" lang3="hin">shreNI</text><text xml:lang="th" lang3="tha">ชั้นเรียน</text><text xml:lang="nl" lang3="nld">Klasse</text><text xml:lang="ru" lang3="rus">Класс</text><text xml:lang="tr" lang3="tur">Sınıf</text><text xml:lang="bg" lang3="bul">Клас</text><text xml:lang="el" lang3="ell">Κλάση</text><text xml:lang="ca" lang3="cat">Classe</text><text xml:lang="la" lang3="lat">Classis</text><text xml:lang="hr" lang3="hrv">Razred</text><text xml:lang="kr" lang3="kor">부류</text></entry><entry><key>Classes defined</key><text xml:lang="en" lang3="eng">Classes defined</text><text xml:lang="de" lang3="deu">Definierte Klassen</text><text xml:lang="ro" lang3="ron">Clase definite</text><text xml:lang="fr" lang3="fra">Classes définies</text><text xml:lang="pt" lang3="por">Classes definidas</text><text xml:lang="es" lang3="spa">Clases definidas</text><text xml:lang="it" lang3="ita">Classi definite</text><text xml:lang="sl" lang3="slv">Definirani razredi</text><text xml:lang="sv" lang3="swe">Definierade klasser</text><text xml:lang="no" lang3="nor">Definerte klasser klasser</text><text xml:lang="zh-tw">被定義的分類</text><text xml:lang="sr" lang3="srp">Definisane klase</text><text xml:lang="ja" lang3="jpn">定義済みクラス</text><text xml:lang="pl" lang3="pol">Zdefiniowane klasy</text><text xml:lang="hi" lang3="hin">Paribashith shreNI</text><text xml:lang="th" lang3="tha">หมายเลขชั้นเรียน</text><text xml:lang="nl" lang3="nld">Gedefinieerde klassen</text><text xml:lang="ru" lang3="rus">Описанные классы</text><text xml:lang="tr" lang3="tur">Tanımlı sınıflar</text><text xml:lang="bg" lang3="bul">Описани класове</text><text xml:lang="el" lang3="ell">Οριζόμενες κλάσες</text><text xml:lang="ca" lang3="cat">Classes definides</text><text xml:lang="la" lang3="lat">Classes definitae</text><text xml:lang="hr" lang3="hrv">Definirani razredi</text><text xml:lang="kr" lang3="kor">정의 부류</text></entry><entry><key>Datatype</key><text xml:lang="en" lang3="eng">Datatype</text><text xml:lang="de" lang3="deu">Datentyp</text><text xml:lang="ro" lang3="ron">Tipuri de date</text><text xml:lang="fr" lang3="fra">Type de données</text><text xml:lang="pt" lang3="por">Tipo de Dados</text><text xml:lang="es" lang3="spa">Tipo de datos</text><text xml:lang="it" lang3="ita">Tipo di dati</text><text xml:lang="sl" lang3="slv">Podatkovni tip</text><text xml:lang="sv" lang3="swe">Datatyp</text><text xml:lang="no" lang3="nor">Datatype</text><text xml:lang="zh-tw">資料類型</text><text xml:lang="sr" lang3="srp">Podatkovni tip</text><text xml:lang="ja" lang3="jpn">データ型</text><text xml:lang="pl" lang3="pol">Typ danych</text><text xml:lang="hi" lang3="hin">NirDishta varga</text><text xml:lang="th" lang3="tha">ชนิดของข้อมูล</text><text xml:lang="nl" lang3="nld">Datatype</text><text xml:lang="ru" lang3="rus">Тип данных</text><text xml:lang="tr" lang3="tur">Veri Türü</text><text xml:lang="bg" lang3="bul">Тип данни</text><text xml:lang="el" lang3="ell">Τύπος δεδομένων</text><text xml:lang="ca" lang3="cat">Tipus de dades</text><text xml:lang="la" lang3="lat">Datorum qualitas</text><text xml:lang="hr" lang3="hrv">Vrsta podataka</text><text xml:lang="kr" lang3="kor">자료 유형</text></entry><entry><key>Declaration</key><text xml:lang="en" lang3="eng">Declaration</text><text xml:lang="de" lang3="deu">Deklaration</text><text xml:lang="ro" lang3="ron">Declaraţie</text><text xml:lang="fr" lang3="fra">Declaration</text><text xml:lang="pt" lang3="por">Declaração</text><text xml:lang="es" lang3="spa">Declaración</text><text xml:lang="it" lang3="ita">Dichiarazione</text><text xml:lang="sl" lang3="slv">Deklaracija</text><text xml:lang="sv" lang3="swe">Deklaration</text><text xml:lang="no" lang3="nor">Deklarasjon</text><text xml:lang="zh-tw">宣告</text><text xml:lang="sr" lang3="srp">Deklaracija</text><text xml:lang="ja" lang3="jpn">宣言</text><text xml:lang="pl" lang3="pol">Deklaracja</text><text xml:lang="hi" lang3="hin">ghoShaNA</text><text xml:lang="th" lang3="tha">คำประกาศ</text><text xml:lang="nl" lang3="nld">Declaratie</text><text xml:lang="ru" lang3="rus">Описание</text><text xml:lang="tr" lang3="tur">Bildirim</text><text xml:lang="bg" lang3="bul">Декларация</text><text xml:lang="el" lang3="ell">Δήλωση</text><text xml:lang="ca" lang3="cat">Declaració</text><text xml:lang="la" lang3="lat">Declaratio</text><text xml:lang="hr" lang3="hrv">Deklaracija</text><text xml:lang="kr" lang3="kor">선언</text></entry><entry><key>Default</key><text xml:lang="en" lang3="eng">Default</text><text xml:lang="de" lang3="deu">Vorgabe</text><text xml:lang="ro" lang3="ron">Implicit</text><text xml:lang="fr" lang3="fra">Valeur par défaut</text><text xml:lang="pt" lang3="por">Valor por defeito</text><text xml:lang="es" lang3="spa">Por defecto</text><text xml:lang="it" lang3="ita">Valore di default</text><text xml:lang="sl" lang3="slv">Privzeta vrednost</text><text xml:lang="sv" lang3="swe">Standard</text><text xml:lang="no" lang3="nor">Standard</text><text xml:lang="zh-tw">預設值</text><text xml:lang="sr" lang3="srp">Pretpostavljena vrednost</text><text xml:lang="ja" lang3="jpn">初期値</text><text xml:lang="pl" lang3="pol">Wartość domyślna</text><text xml:lang="hi" lang3="hin">aparAdha</text><text xml:lang="th" lang3="tha">ค่าตั้งเริ่มต้น</text><text xml:lang="nl" lang3="nld">Defaultwaarde</text><text xml:lang="ru" lang3="rus">Величина по умолчанию</text><text xml:lang="tr" lang3="tur">Varsayılan</text><text xml:lang="bg" lang3="bul">Стойност по подразбиране</text><text xml:lang="el" lang3="ell">Προεπιλεγμένη τιμή</text><text xml:lang="ca" lang3="cat">Implícit</text><text xml:lang="la" lang3="lat">Valores implicitae</text><text xml:lang="hr" lang3="hrv">Polazne vrijednosti</text><text xml:lang="kr" lang3="kor">기본값</text></entry><entry><key>Element</key><text xml:lang="en" lang3="eng">Element</text><text xml:lang="de" lang3="deu">Element</text><text xml:lang="ro" lang3="ron">Element</text><text xml:lang="fr" lang3="fra">Elément</text><text xml:lang="pt" lang3="por">Elemento</text><text xml:lang="es" lang3="spa">Elemento</text><text xml:lang="it" lang3="ita">Elemento</text><text xml:lang="sl" lang3="slv">Element</text><text xml:lang="sv" lang3="swe">Element</text><text xml:lang="no" lang3="nor">Element</text><text xml:lang="zh-tw">元素</text><text xml:lang="sr" lang3="srp">Element</text><text xml:lang="ja" lang3="jpn">要素</text><text xml:lang="pl" lang3="pol">Element</text><text xml:lang="hi" lang3="hin">mUla</text><text xml:lang="nl" lang3="nld">Element</text><text xml:lang="ru" lang3="rus">Элемент</text><text xml:lang="tr" lang3="tur">Öğe</text><text xml:lang="bg" lang3="bul">Елемент</text><text xml:lang="el" lang3="ell">Στοιχείο</text><text xml:lang="ca" lang3="cat">Element</text><text xml:lang="la" lang3="lat">Elementum</text><text xml:lang="hr" lang3="hrv">Element</text><text xml:lang="kr" lang3="kor">요소</text></entry><entry><key>Elements defined</key><text xml:lang="en" lang3="eng">Elements defined</text><text xml:lang="de" lang3="deu">Definierte Elemente</text><text xml:lang="ro" lang3="ron">Elemente definite</text><text xml:lang="fr" lang3="fra">Eléments définis</text><text xml:lang="pt" lang3="por">Elementos definidos</text><text xml:lang="es" lang3="spa">Elementos definidos</text><text xml:lang="it" lang3="ita">Elementi definiti</text><text xml:lang="sl" lang3="slv">Definirani elementi</text><text xml:lang="sv" lang3="swe">Definierade element</text><text xml:lang="no" lang3="nor">Definerte elementer</text><text xml:lang="zh-tw">被定義的元素</text><text xml:lang="sr" lang3="srp">Definisani elementi</text><text xml:lang="ja" lang3="jpn">定義済み要素</text><text xml:lang="pl" lang3="pol">Zdefiniowane elementy</text><text xml:lang="hi" lang3="hin">Paribhasith Mula</text><text xml:lang="th" lang3="tha">ระบุเนื้อหา</text><text xml:lang="nl" lang3="nld">Gedefinieerde elementen</text><text xml:lang="ru" lang3="rus">Описанные элементы</text><text xml:lang="tr" lang3="tur">Tanımlı öğeler</text><text xml:lang="bg" lang3="bul">Описани елементи</text><text xml:lang="el" lang3="ell">Οριζόμενα στοιχεία</text><text xml:lang="ca" lang3="cat">Elements definits</text><text xml:lang="la" lang3="lat">Elementa definita</text><text xml:lang="hr" lang3="hrv">Definirani elementi</text><text xml:lang="kr" lang3="kor">정의 요소</text></entry><entry><key>Example</key><text xml:lang="en" lang3="eng">Example</text><text xml:lang="de" lang3="deu">Beispiel</text><text xml:lang="ro" lang3="ron">Exemplu</text><text xml:lang="fr" lang3="fra">Exemple</text><text xml:lang="pt" lang3="por">Exemplo</text><text xml:lang="es" lang3="spa">Ejemplo</text><text xml:lang="it" lang3="ita">Esempio</text><text xml:lang="sl" lang3="slv">Primer</text><text xml:lang="sv" lang3="swe">Exempel</text><text xml:lang="no" lang3="nor">Eksempel</text><text xml:lang="zh-tw">例子</text><text xml:lang="sr" lang3="srp">Primer</text><text xml:lang="ja" lang3="jpn">例</text><text xml:lang="pl" lang3="pol">Przykład</text><text xml:lang="hi" lang3="hin">udAharaNa</text><text xml:lang="th" lang3="tha">ตัวอย่าง</text><text xml:lang="nl" lang3="nld">Voorbeeld</text><text xml:lang="ru" lang3="rus">Пример</text><text xml:lang="tr" lang3="tur">Örnek</text><text xml:lang="bg" lang3="bul">Пример</text><text xml:lang="el" lang3="ell">Παράδειγμα</text><text xml:lang="ca" lang3="cat">Exemple</text><text xml:lang="la" lang3="lat">Exemplum</text><text xml:lang="hr" lang3="hrv">Primjer</text><text xml:lang="kr" lang3="kor">예</text></entry><entry><key>Global attributes and those inherited from</key><text xml:lang="es" lang3="spa">Atributos globales y los heredados de</text><text xml:lang="ca" lang3="cat">Atributs globals i els heretats de</text><text xml:lang="en" lang3="eng">Global attributes and those inherited from</text><text xml:lang="de" lang3="deu">Global gültige Attribute und solche ererbt von ...</text><text xml:lang="ro" lang3="ron">Atributele globale şi cele moştenite din</text><text xml:lang="fr" lang3="fra">Attributs globaux et hérités</text><text xml:lang="pt" lang3="por">Atributos globais e herdados de...</text><text xml:lang="it" lang3="ita">Attributi globali e quelli ereditati da</text><text xml:lang="sl" lang3="slv">Globalni atributi in tisti, sprejeti iz</text><text xml:lang="sv" lang3="swe">Globala attribut samt de som ärvts från</text><text xml:lang="no" lang3="nor">Globale attributter og de som arves fra</text><text xml:lang="zh-tw">全域屬性和從...繼承的屬性</text><text xml:lang="sr" lang3="srp">Globalni atributi i atributi koji se nasledjuju</text><text xml:lang="ja" lang3="jpn">グローバル属性または継承した属性</text><text xml:lang="pl" lang3="pol">Atrybuty globalne i odziedziczone po...</text><text xml:lang="hi" lang3="hin">Vishva Guna Aur Jinmese Adhikara Paya</text><text xml:lang="th" lang3="tha">คุณสมบัติโดยรวมและที่เทียบโอนมา</text><text xml:lang="nl" lang3="nld">Globale attributen en attributen geërfd van</text><text xml:lang="ru" lang3="rus">Глобальные атрибуты и атрибуты, унаследованные от</text><text xml:lang="tr" lang3="tur">Genel ve ~'dan kalıtsal öznitelikler</text><text xml:lang="bg" lang3="bul">Глобални атрибути и атрибути, наследени от</text><text xml:lang="el" lang3="ell">Χαρακτηριστικά καθολικά και κληρονομικά από</text><text xml:lang="ca" lang3="cat">Atributs globals i aquells heretats de</text><text xml:lang="la" lang3="lat">Attributa universalia et haereditaria</text><text xml:lang="hr" lang3="hrv">Globalni i naslijeđeni atributi</text><text xml:lang="kr" lang3="kor">전반적 속성 및 상속 속성</text></entry><entry><key>Global attributes only</key><text xml:lang="ca" lang3="cat">A més dels atributs globals i dels heretats de</text><text xml:lang="en" lang3="eng">Global attributes only</text><text xml:lang="de" lang3="deu">Nur global gültige Attribute</text><text xml:lang="ro" lang3="ron">Numai atributele globale</text><text xml:lang="fr" lang3="fra">Attributs globaux seulement</text><text xml:lang="pt" lang3="por">Só atributos globais</text><text xml:lang="es" lang3="spa">Solo atributos globales</text><text xml:lang="it" lang3="ita">Solo attributi globali</text><text xml:lang="sl" lang3="slv">Samo globalni atributi</text><text xml:lang="sv" lang3="swe">Endast globala attribut</text><text xml:lang="no" lang3="nor">Kun globale attributter</text><text xml:lang="zh-tw">僅全域屬性</text><text xml:lang="sr" lang3="srp">Isključivo globalni atributi</text><text xml:lang="ja" lang3="jpn">グローバル属性のみ</text><text xml:lang="pl" lang3="pol">Wyłącznie atrybuty globalne</text><text xml:lang="hi" lang3="hin">Keval Vishva Guna</text><text xml:lang="th" lang3="tha">คุณสมบัติโดยรวมเท่านั้น</text><text xml:lang="nl" lang3="nld">Enkel globale attributen</text><text xml:lang="ru" lang3="rus">Только глобальные атрибуты</text><text xml:lang="tr" lang3="tur">Sadece genel öznitelikler</text><text xml:lang="bg" lang3="bul">Само глобални атрибути</text><text xml:lang="el" lang3="ell">Μόνο καθολικά χαρακτηριστικά</text><text xml:lang="ca" lang3="cat">Només atributs globals</text><text xml:lang="la" lang3="lat">Attributa universalia tantum</text><text xml:lang="hr" lang3="hrv">Samo globalni atributi</text><text xml:lang="kr" lang3="kor">전체 속성만 허용</text></entry><entry><key>In addition to global attributes</key><text xml:lang="ca" lang3="cat">Els valors suggerits inclouen</text><text xml:lang="en" lang3="eng">In addition to global attributes</text><text xml:lang="de" lang3="deu">Neben global gültigen Attributen</text><text xml:lang="ro" lang3="ron">În plus faţă de atributele globale</text><text xml:lang="fr" lang3="fra">En complément des attributs globaux</text><text xml:lang="pt" lang3="por">Para além de atributos globais</text><text xml:lang="es" lang3="spa">Además de los atributos globales</text><text xml:lang="it" lang3="ita">Oltre agli attributi globali</text><text xml:lang="sl" lang3="slv">Poleg globalnih atributov</text><text xml:lang="sv" lang3="swe">Förutom globala attribut</text><text xml:lang="no" lang3="nor">I tillegg til globale attributter</text><text xml:lang="zh-tw">除全域屬性以外</text><text xml:lang="sr" lang3="srp">Pored globalnih atributa</text><text xml:lang="ja" lang3="jpn">グローバル属性の他</text><text xml:lang="pl" lang3="pol">Oprócz atrybutów globalnych</text><text xml:lang="hi" lang3="hin">Vishva Guna Ke Alava</text><text xml:lang="th" lang3="tha">คุณสมบัติโดยรวมเพิ่มเติม</text><text xml:lang="nl" lang3="nld">Naast de globale attributen</text><text xml:lang="ru" lang3="rus">Вдобавок к глобальным атрибутам</text><text xml:lang="tr" lang3="tur">Genel özniteliklerden başka</text><text xml:lang="bg" lang3="bul">Освен глобалните атрибути</text><text xml:lang="el" lang3="ell">Πλήν των καθολικών χαρακτηριστικών</text><text xml:lang="ca" lang3="cat">A més dels atributs globals</text><text xml:lang="la" lang3="lat">Praeter attributa universalia</text><text xml:lang="hr" lang3="hrv">Uz globalne atribute</text><text xml:lang="kr" lang3="kor">전체 속성에 부가</text></entry><entry><key>In addition to global attributes and those inherited from</key><text xml:lang="en" lang3="eng">In addition to global attributes and those inherited from</text><text xml:lang="de" lang3="deu">Neben global gültigen Attributen und solchen ererbt von ...</text><text xml:lang="ro" lang3="ron">În plus faţă de atributele globale şi de cele moştenite din</text><text xml:lang="fr" lang3="fra">En complément des attributs globaux et hérités</text><text xml:lang="pt" lang3="por">Para além de atributos globais e herdados de...</text><text xml:lang="it" lang3="ita">Oltre agli attributi globali e a quelli ereditati da</text><text xml:lang="sl" lang3="slv">Poleg globalnih atributov in tistih, sprejetih iz</text><text xml:lang="sv" lang3="swe">Förutom globala attribut samt de som ärvts från</text><text xml:lang="no" lang3="nor">I tillegg til globale attributter og de som arves fra</text><text xml:lang="zh-tw">除全域屬性和從...繼承的屬性以外</text><text xml:lang="sr" lang3="srp">Pored globalnih atributa i onih koji se nasledjuju</text><text xml:lang="ja" lang3="jpn">グローバル属性または継承した属性の他</text><text xml:lang="pl" lang3="pol">Oprócz atrybutów globalnych i odziedziczonych po...</text><text xml:lang="hi" lang3="hin">Vishva Guna Ke Alava Aur Jinmese Adhikara Paya</text><text xml:lang="th" lang3="tha">คุณสมบัติโดยรวมและที่เทียบโอนมาเพิ่มเติม</text><text xml:lang="nl" lang3="nld">Naast de globale attributen en de attributen geërfd van</text><text xml:lang="ru" lang3="rus">Вдобавок к глобальным атрибутам и атрибутам, унаследованным от</text><text xml:lang="tr" lang3="tur">Genel ve ~'dan kalıtsal özniteliklerden başka</text><text xml:lang="bg" lang3="bul">Освен глобалните атрибути и атрибутите, наследени от</text><text xml:lang="el" lang3="ell">Πλήν τωνχαρακτηριστικών καθολικών και κληρονομικών από</text><text xml:lang="ca" lang3="cat">A més dels atributs globals i els heretats de</text><text xml:lang="es" lang3="spa">Además de los atributos globales y los heredados de</text><text xml:lang="kr" lang3="kor">&gt;전체 속성 및 상속 속성에 부가</text></entry><entry><key>Legal values are</key><text xml:lang="en" lang3="eng">Legal values are</text><text xml:lang="de" lang3="deu">Gültige Werte</text><text xml:lang="ro" lang3="ron">Valorile admise sunt</text><text xml:lang="fr" lang3="fra">Les valeurs autorisées sont</text><text xml:lang="pt" lang3="por">Valores permitidos são</text><text xml:lang="es" lang3="spa">Los valores admitidos son</text><text xml:lang="it" lang3="ita">I valori legali sono</text><text xml:lang="sl" lang3="slv">Veljavne vrednosti so</text><text xml:lang="sv" lang3="swe">Tillåtna värden är</text><text xml:lang="no" lang3="nor">Lovlige verdier er</text><text xml:lang="zh-tw">合法的值是</text><text xml:lang="sr" lang3="srp">Dozvoljene vrednosti su</text><text xml:lang="ja" lang3="jpn">正当な値</text><text xml:lang="pl" lang3="pol">Dozwolone wartości to</text><text xml:lang="hi" lang3="hin">niyamAnukUla guNa Hai</text><text xml:lang="th" lang3="tha">คุณค่าทางกฎหมายคือ</text><text xml:lang="nl" lang3="nld">Geldige waarden zijn</text><text xml:lang="ru" lang3="rus">Разрешенные величины:</text><text xml:lang="tr" lang3="tur">Geçerli değerler:</text><text xml:lang="bg" lang3="bul">Разрешените стойности са</text><text xml:lang="el" lang3="ell">Οι νόμιμες τιμές είναι</text><text xml:lang="ca" lang3="cat">Els valors permesos són</text><text xml:lang="la" lang3="lat">Valores permissae</text><text xml:lang="hr" lang3="hrv">Dozvoljene su vrijednosti</text><text xml:lang="kr" lang3="kor">적법한 값은</text></entry><entry><key>Macros defined</key><text xml:lang="en" lang3="eng">Macros defined</text><text xml:lang="de" lang3="deu">Definierte Makros</text><text xml:lang="ro" lang3="ron">Macrouri definite</text><text xml:lang="fr" lang3="fra">Macros définies</text><text xml:lang="pt" lang3="por">Macros definidas</text><text xml:lang="es" lang3="spa">Macros definidas</text><text xml:lang="it" lang3="ita">Macro definite</text><text xml:lang="sl" lang3="slv">Definirani makri</text><text xml:lang="sv" lang3="swe">Definierade makron</text><text xml:lang="no" lang3="nor">Definerete makroer</text><text xml:lang="zh-tw">被定義的巨指令</text><text xml:lang="sr" lang3="srp">Definisani makroi</text><text xml:lang="ja" lang3="jpn">定義済みマクロ</text><text xml:lang="pl" lang3="pol">Zdefiniowane makra</text><text xml:lang="th" lang3="tha">โคร</text><text xml:lang="nl" lang3="nld">Gedefinieerde macro's</text><text xml:lang="ru" lang3="rus">Определенные макросы</text><text xml:lang="tr" lang3="tur">Tanımlı makrolar</text><text xml:lang="bg" lang3="bul">Дефинирани макроси</text><text xml:lang="el" lang3="ell">Οριζόμενες μακροεντολές</text><text xml:lang="ca" lang3="cat">Macros definides</text><text xml:lang="la" lang3="lat">Macromandata definita</text><text xml:lang="hr" lang3="hrv">Definirane makronaredbe</text><text xml:lang="kr" lang3="kor">정의 크로</text></entry><entry><key>Mandatory when applicable</key><text xml:lang="en" lang3="eng">Mandatory when applicable</text><text xml:lang="de" lang3="deu">Obligatorisch wenn zutreffend</text><text xml:lang="ro" lang3="ron">Obligatoriu dacă se potriveşte</text><text xml:lang="fr" lang3="fra">Obligatoire quand applicable</text><text xml:lang="pt" lang3="por">Obrigatório quando aplicável</text><text xml:lang="es" lang3="spa">Obligatorios cuando se aplican</text><text xml:lang="it" lang3="ita">Obbligatorio se applicabile</text><text xml:lang="sl" lang3="slv">Obvezen, če ustreza</text><text xml:lang="sv" lang3="swe">Obligatorisk om användbar</text><text xml:lang="no" lang3="nor">Obligatorisk når aktuelt</text><text xml:lang="zh-tw">可應用時必備的</text><text xml:lang="sr" lang3="srp">Obavezan, ako se može primeniti</text><text xml:lang="ja" lang3="jpn">使えるならば必須</text><text xml:lang="pl" lang3="pol">Obowiązkowe w stosownych przypadkach</text><text xml:lang="hi" lang3="hin">anivArya JaHa uchita</text><text xml:lang="th" lang3="tha">ต้องได้รับการอนุมัติเมื่อสมัครเรียน</text><text xml:lang="nl" lang3="nld">Verplicht indien van toepassing</text><text xml:lang="ru" lang3="rus">Обязательный, если применим</text><text xml:lang="tr" lang3="tur">Uygulanabilirse zorunlu</text><text xml:lang="bg" lang3="bul">Задължителен, ако е приложим</text><text xml:lang="el" lang3="ell">Υποχρεωτικός αν είναι εφαρμόσιμος</text><text xml:lang="ca" lang3="cat">Obligatoris quan siga possible</text><text xml:lang="la" lang3="lat">Obligatoria in loco proprio</text><text xml:lang="hr" lang3="hrv">Obavezno na odgovarajućem mjestu</text><text xml:lang="kr" lang3="kor">의무적 적용</text></entry><entry><key>Members</key><text xml:lang="en" lang3="eng">Members</text><text xml:lang="de" lang3="deu">Mitglieder</text><text xml:lang="ro" lang3="ron">Membri</text><text xml:lang="fr" lang3="fra">Membres</text><text xml:lang="pt" lang3="por">Membros</text><text xml:lang="es" lang3="spa">Miembros</text><text xml:lang="it" lang3="ita">Membri</text><text xml:lang="sl" lang3="slv">Člani</text><text xml:lang="sv" lang3="swe">Medlemmar</text><text xml:lang="no" lang3="nor">Medlemmer</text><text xml:lang="zh-tw"> 成員</text><text xml:lang="sr" lang3="srp">Članovi</text><text xml:lang="ja" lang3="jpn">構成</text><text xml:lang="pl" lang3="pol">Członkowie</text><text xml:lang="hi" lang3="hin">sadasya</text><text xml:lang="th" lang3="tha">สมาชิก</text><text xml:lang="nl" lang3="nld">Leden</text><text xml:lang="ru" lang3="rus">Члены</text><text xml:lang="tr" lang3="tur">Üyeler</text><text xml:lang="bg" lang3="bul">Членове</text><text xml:lang="el" lang3="ell">Μέλη</text><text xml:lang="ca" lang3="cat">Membres</text><text xml:lang="la" lang3="lat">Membra</text><text xml:lang="hr" lang3="hrv">Članovi</text><text xml:lang="kr" lang3="kor">원소</text></entry><entry><key>Module</key><text xml:lang="en" lang3="eng">Module</text><text xml:lang="de" lang3="deu">Modul</text><text xml:lang="ro" lang3="ron">Modul</text><text xml:lang="fr" lang3="fra">Module</text><text xml:lang="pt" lang3="por">Módulo</text><text xml:lang="es" lang3="spa">Módulo</text><text xml:lang="it" lang3="ita">Modulo</text><text xml:lang="sl" lang3="slv">Modul</text><text xml:lang="sv" lang3="swe">Modul</text><text xml:lang="no" lang3="nor">Modul</text><text xml:lang="zh-tw">組件</text><text xml:lang="sr" lang3="srp">Modul</text><text xml:lang="ja" lang3="jpn">モジュール</text><text xml:lang="pl" lang3="pol">Moduł</text><text xml:lang="th" lang3="tha">หลักสูตรการศึกษา</text><text xml:lang="nl" lang3="nld">Module</text><text xml:lang="ru" lang3="rus">Модуль</text><text xml:lang="tr" lang3="tur">Modül</text><text xml:lang="bg" lang3="bul">Модул</text><text xml:lang="el" lang3="ell">Στοιχείο</text><text xml:lang="ca" lang3="cat">Mòdul</text><text xml:lang="la" lang3="lat">Modulus</text><text xml:lang="hr" lang3="hrv">Modul</text><text xml:lang="kr" lang3="kor">모듈</text></entry><entry><key>Note</key><text xml:lang="en" lang3="eng">Note</text><text xml:lang="de" lang3="deu">Anmerkung</text><text xml:lang="ro" lang3="ron">Notă</text><text xml:lang="fr" lang3="fra">Note</text><text xml:lang="pt" lang3="por">Nota</text><text xml:lang="es" lang3="spa">Nota</text><text xml:lang="it" lang3="ita">Nota</text><text xml:lang="sl" lang3="slv">Opomba</text><text xml:lang="sv" lang3="swe">Notering</text><text xml:lang="no" lang3="nor">Note</text><text xml:lang="zh-tw">註</text><text xml:lang="sr" lang3="srp">Napomena</text><text xml:lang="ja" lang3="jpn">解説</text><text xml:lang="pl" lang3="pol">Uwagi</text><text xml:lang="hi" lang3="hin">lekha</text><text xml:lang="th" lang3="tha">หมายเหตุ</text><text xml:lang="nl" lang3="nld">Opmerking</text><text xml:lang="ru" lang3="rus">Примечание</text><text xml:lang="tr" lang3="tur">Not</text><text xml:lang="bg" lang3="bul">Забележка</text><text xml:lang="el" lang3="ell">Σχόλιο</text><text xml:lang="ca" lang3="cat">Nota</text><text xml:lang="la" lang3="lat">Notula</text><text xml:lang="hr" lang3="hrv">Bilješka</text><text xml:lang="kr" lang3="kor">주석</text></entry><entry><key>Optional</key><text xml:lang="en" lang3="eng">Optional</text><text xml:lang="de" lang3="deu">Optional</text><text xml:lang="ro" lang3="ron">Opţional</text><text xml:lang="fr" lang3="fra">Optionel</text><text xml:lang="pt" lang3="por">Opcional</text><text xml:lang="es" lang3="spa">Opcional</text><text xml:lang="it" lang3="ita">Opzionale</text><text xml:lang="sl" lang3="slv">Neobvezen</text><text xml:lang="sv" lang3="swe">Valfri</text><text xml:lang="no" lang3="nor">Valgfritt</text><text xml:lang="zh-tw">非必備的</text><text xml:lang="sr" lang3="srp">Neobavezan</text><text xml:lang="ja" lang3="jpn">任意</text><text xml:lang="pl" lang3="pol">Opcjonalny</text><text xml:lang="hi" lang3="hin">vaikalpika</text><text xml:lang="th" lang3="tha">ตัวเลือก</text><text xml:lang="nl" lang3="nld">Optioneel</text><text xml:lang="ru" lang3="rus">Факультативный</text><text xml:lang="tr" lang3="tur">Seçmeli</text><text xml:lang="bg" lang3="bul">Незадължителен</text><text xml:lang="el" lang3="ell">Προαιρετικός</text><text xml:lang="ca" lang3="cat">Opcional</text><text xml:lang="la" lang3="lat">Si libet</text><text xml:lang="hr" lang3="hrv">Po želji</text><text xml:lang="kr" lang3="kor">수의적</text></entry><entry><entry><key>Required</key><text xml:lang="en" lang3="eng">Required</text><text xml:lang="de" lang3="deu">Obligatorisch</text><text xml:lang="ro" lang3="ron">Obligatoriu</text><text xml:lang="fr" lang3="fra">Requis</text><text xml:lang="pt" lang3="por">Obrigatório</text><text xml:lang="es" lang3="spa">Necesario</text><text xml:lang="it" lang3="ita">Richiesto</text><text xml:lang="sl" lang3="slv">Zahtevan</text><text xml:lang="sv" lang3="swe">Nödvändig</text><text xml:lang="no" lang3="nor">Obligatorisk</text><text xml:lang="zh-tw">必備的</text><text xml:lang="sr" lang3="srp">Tražen</text><text xml:lang="ja" lang3="jpn">必須</text><text xml:lang="pl" lang3="pol">Wymagany</text><text xml:lang="hi" lang3="hin">Avashyaka</text><text xml:lang="th" lang3="tha">ต้องการข้อมูล</text><text xml:lang="nl" lang3="nld">Verplicht</text><text xml:lang="ru" lang3="rus">Обязательный</text><text xml:lang="tr" lang3="tur">Gerekli</text><text xml:lang="bg" lang3="bul">Задължителен</text><text xml:lang="el" lang3="ell">Απαραίτητος</text><text xml:lang="ca" lang3="cat">Requerit</text><text xml:lang="la" lang3="lat">Necessarium</text><text xml:lang="hr" lang3="hrv">Obavezno</text><text xml:lang="kr" lang3="kor">필수적</text></entry><key>Recommended</key><text xml:lang="en" lang3="eng">Recommended</text><text xml:lang="de" lang3="deu">Empfohlen</text><text xml:lang="ro" lang3="ron">Recomandat</text><text xml:lang="fr" lang3="fra">Recommendé</text><text xml:lang="pt" lang3="por">Recomendado</text><text xml:lang="es" lang3="spa">Recomendado</text><text xml:lang="it" lang3="ita">Consigliato</text><text xml:lang="sl" lang3="slv">Priporočen</text><text xml:lang="sv" lang3="swe">Rekommenderad</text><text xml:lang="no" lang3="nor">Anbefalt</text><text xml:lang="zh-tw">推薦的</text><text xml:lang="sr" lang3="srp">Preporučen</text><text xml:lang="ja" lang3="jpn">推薦される</text><text xml:lang="pl" lang3="pol">Zalecany</text><text xml:lang="hi" lang3="hin">svIkArniYa</text><text xml:lang="th" lang3="tha">คำแนะนำ</text><text xml:lang="nl" lang3="nld">Aanbevolen</text><text xml:lang="ru" lang3="rus">Рекомендуемый</text><text xml:lang="tr" lang3="tur">Önerilen</text><text xml:lang="bg" lang3="bul">Препоръчителен</text><text xml:lang="el" lang3="ell">Συστημένος</text><text xml:lang="ca" lang3="cat">Recomanat</text><text xml:lang="la" lang3="lat">Commendata</text><text xml:lang="hr" lang3="hrv">Preporučeno</text><text xml:lang="kr" lang3="kor">권고적</text></entry><entry><key>Recommended when applicable</key><text xml:lang="en" lang3="eng">Recommended when applicable</text><text xml:lang="de" lang3="deu">Empfohlen wenn zutreffend</text><text xml:lang="ro" lang3="ron">Recomandat dacă se potriveşte</text><text xml:lang="fr" lang3="fra">Recommendé quand applicable</text><text xml:lang="pt" lang3="por">Recomendado quando aplicável</text><text xml:lang="es" lang3="spa">Recomendado cuando se aplica</text><text xml:lang="it" lang3="ita">Consigliato se applicabile</text><text xml:lang="sl" lang3="slv">Priporočen, če ustreza</text><text xml:lang="sv" lang3="swe">Rekommenderad om användbar</text><text xml:lang="no" lang3="nor">Anbefalt når aktuelt</text><text xml:lang="zh-tw">可應用時推薦應用</text><text xml:lang="sr" lang3="srp">Preporučen, ako se može primeniti</text><text xml:lang="ja" lang3="jpn">利用できる場合は推奨．</text><text xml:lang="pl" lang3="pol">Zalecany w stosownych przypadkach</text><text xml:lang="hi" lang3="hin">Avashyaka JaHa uchita</text><text xml:lang="th" lang3="tha">ต้องการข้อมูลเมื่อสมัคร</text><text xml:lang="nl" lang3="nld">Aanbevolen indien van toepassing</text><text xml:lang="ca" lang3="cat">Recomanat quan siga possible</text><text xml:lang="la" lang3="lat">Commendata in loco proprio</text><text xml:lang="hr" lang3="hrv">Preporučeno na odgovarajućem mjestu</text><text xml:lang="ru" lang3="rus">Желателен, если применим</text><text xml:lang="tr" lang3="tur">Önerilen gereken</text><text xml:lang="bg" lang3="bul">Препоръчителен, където е приложим</text><text xml:lang="el" lang3="ell">Συνιστώμενος αν είναι εφαρμόσιμος</text></entry><entry><key>Sample values include</key><text xml:lang="en" lang3="eng">Sample values include</text><text xml:lang="de" lang3="deu">Beispielwerte sind etwa</text><text xml:lang="ro" lang3="ron">De exemplu, valorile pot fi</text><text xml:lang="fr" lang3="fra">Exemple de valeurs possibles</text><text xml:lang="pt" lang3="por">Exemplos de valores incluidos</text><text xml:lang="es" lang3="spa">Posibles valores</text><text xml:lang="it" lang3="ita">I valori esemplificativi includono</text><text xml:lang="sl" lang3="slv">Možne vrednosti so denimo</text><text xml:lang="sv" lang3="swe">Exempel på värden som kan inkluderas</text><text xml:lang="no" lang3="nor">Eksempler på mulige verdier er</text><text xml:lang="zh-tw">實例值包含</text><text xml:lang="sr" lang3="srp">Neke moguće vrednosti su</text><text xml:lang="ja" lang3="jpn">例としての値は以下の通り</text><text xml:lang="pl" lang3="pol">Przykładowe wartości obejmują</text><text xml:lang="hi" lang3="hin">misAla guNa mein Sammil Hai</text><text xml:lang="th" lang3="tha">รวมค่าตัวอย่าง</text><text xml:lang="nl" lang3="nld">Voorbeeldwaarden zijn onder meer</text><text xml:lang="ru" lang3="rus">Примерные величины включают</text><text xml:lang="tr" lang3="tur">Örnek değerler arasında</text><text xml:lang="bg" lang3="bul">Примерните стойности включват</text><text xml:lang="el" lang3="ell">Οι δειγματικές τιμές συμπεριλαμβάνουν</text><text xml:lang="ca" lang3="cat">Exemples de valors possibles</text><text xml:lang="la" lang3="lat">Valores exemplares</text><text xml:lang="hr" lang3="hrv">Primjer vrijednosti</text><text xml:lang="kr" lang3="kor">샘플 값은 다음을 포함한다 Sample values include</text></entry><entry><key>Status</key><text xml:lang="en" lang3="eng">Status</text><text xml:lang="de" lang3="deu">Zustand</text><text xml:lang="ro" lang3="ron">Stare</text><text xml:lang="fr" lang3="fra">Statut</text><text xml:lang="pt" lang3="por">Status</text><text xml:lang="es" lang3="spa">Estado</text><text xml:lang="it" lang3="ita">Stato</text><text xml:lang="sl" lang3="slv">Stanje</text><text xml:lang="sv" lang3="swe">Status</text><text xml:lang="no" lang3="nor">Status</text><text xml:lang="zh-tw">狀態</text><text xml:lang="sr" lang3="srp">Status</text><text xml:lang="ja" lang3="jpn">状態</text><text xml:lang="pl" lang3="pol">Status</text><text xml:lang="th" lang3="tha">สถานะ</text><text xml:lang="nl" lang3="nld">Status</text><text xml:lang="ru" lang3="rus">Состояние</text><text xml:lang="tr" lang3="tur">Durum</text><text xml:lang="bg" lang3="bul">Състояние</text><text xml:lang="el" lang3="ell">Κατάσταση</text><text xml:lang="ca" lang3="cat">Estat</text><text xml:lang="la" lang3="lat">Status</text><text xml:lang="hr" lang3="hrv">Stanje</text><text xml:lang="kr" lang3="kor">상태</text></entry><entry><key>Suggested values include</key><text xml:lang="es" lang3="spa">Los valores sugeridos incluyen</text><text xml:lang="en" lang3="eng">Suggested values include</text><text xml:lang="de" lang3="deu">Empfohlene Werte sind</text><text xml:lang="ro" lang3="ron">Valori recomandate sunt</text><text xml:lang="fr" lang3="fra">Les valeurs suggérées comprennent</text><text xml:lang="pt" lang3="por">Os valores sugeridos incluem</text><text xml:lang="it" lang3="ita">I valori suggeriti includono</text><text xml:lang="sl" lang3="slv">Priporočene vrednosti so denimo</text><text xml:lang="sv" lang3="swe">Förslag på värden som bör inkluderas</text><text xml:lang="no" lang3="nor">Eksempler på verdier som foreslås er</text><text xml:lang="zh-tw">被推薦的值包含</text><text xml:lang="sr" lang3="srp">Preporučene vrednosti su</text><text xml:lang="ja" lang3="jpn">提案する値は以下の通り</text><text xml:lang="pl" lang3="pol">Sugerowane wartości obejmują</text><text xml:lang="hi" lang3="hin">sujheeT guNa mein Sammil Hai</text><text xml:lang="th" lang3="tha">รวมค่าแนะนำ</text><text xml:lang="nl" lang3="nld">Voorgestelde waarden</text><text xml:lang="ru" lang3="rus">Рекомендуемые величины включают</text><text xml:lang="tr" lang3="tur">Önerilen değerler arasında</text><text xml:lang="bg" lang3="bul">Препоръчваните стойности включват</text><text xml:lang="el" lang3="ell">Οι συστημένες τιμές συμπεριλαμβάνουν</text><text xml:lang="ca" lang3="cat">Exemples de valors suggerits</text><text xml:lang="la" lang3="lat">Valores propositae sunt</text><text xml:lang="hr" lang3="hrv">Predložene su vrijednosti</text><text xml:lang="kr" lang3="kor">제안값은 다음을 포함한다</text></entry><entry><key>Values</key><text xml:lang="en" lang3="eng">Values</text><text xml:lang="de" lang3="deu">Werte</text><text xml:lang="ro" lang3="ron">Valori</text><text xml:lang="fr" lang3="fra">Valeurs</text><text xml:lang="pt" lang3="por">Valores</text><text xml:lang="es" lang3="spa">Valores</text><text xml:lang="it" lang3="ita">Valori</text><text xml:lang="sl" lang3="slv">Vrednosti</text><text xml:lang="sv" lang3="swe">Värden</text><text xml:lang="no" lang3="nor">Verdier</text><text xml:lang="zh-tw">值</text><text xml:lang="sr" lang3="srp">Vrednosti</text><text xml:lang="ja" lang3="jpn">値</text><text xml:lang="pl" lang3="pol">Wartości</text><text xml:lang="hi" lang3="hin">guNa</text><text xml:lang="nl" lang3="nld">Waarden</text><text xml:lang="ru" lang3="rus">Величины</text><text xml:lang="tr" lang3="tur">Değerler</text><text xml:lang="bg" lang3="bul">Стойности</text><text xml:lang="el" lang3="ell">Τιμές</text><text xml:lang="ca" lang3="cat">Valors</text><text xml:lang="la" lang3="lat">Valores</text><text xml:lang="hr" lang3="hrv">Vrijednosti</text><text xml:lang="kr" lang3="kor">값</text></entry><entry><key>include</key><text xml:lang="en" lang3="eng">include</text><text xml:lang="de" lang3="deu">enthalten</text><text xml:lang="ro" lang3="ron">conţin</text><text xml:lang="fr" lang3="fra">inclure</text><text xml:lang="pt" lang3="por">inclui (incluem)</text><text xml:lang="es" lang3="spa">incluir</text><text xml:lang="it" lang3="ita">include</text><text xml:lang="sl" lang3="slv">vsebuje</text><text xml:lang="sv" lang3="swe">inkludera</text><text xml:lang="no" lang3="nor">inkludere</text><text xml:lang="zh-tw">包含</text><text xml:lang="sr" lang3="srp">uključuje</text><text xml:lang="ja" lang3="jpn">含む</text><text xml:lang="pl" lang3="pol">włącz</text><text xml:lang="hi" lang3="hin">sammil</text><text xml:lang="th" lang3="tha">รวมถึง</text><text xml:lang="nl" lang3="nld">zijn onder meer</text><text xml:lang="ru" lang3="rus">включить</text><text xml:lang="tr" lang3="tur">içer</text><text xml:lang="bg" lang3="bul">включи</text><text xml:lang="el" lang3="ell">ενσωμάτωσης</text><text xml:lang="ca" lang3="cat">inclou</text><text xml:lang="la" lang3="lat">inclusum est</text><text xml:lang="hr" lang3="hrv">sadrži</text><text xml:lang="kr" lang3="kor">포함한다</text></entry><entry><key>appendixWords</key><text xml:lang="en" lang3="eng">Appendix</text><text xml:lang="de" lang3="deu">Anhang</text><text xml:lang="ro" lang3="ron">Apendice</text><text xml:lang="fr" lang3="fra">Annexe</text><text xml:lang="pt" lang3="por">Apêndice</text><text xml:lang="es" lang3="spa">Apéndice</text><text xml:lang="it" lang3="ita">Appendice</text><text xml:lang="sl" lang3="slv">Dodatek</text><text xml:lang="sv" lang3="swe">Bilaga</text><text xml:lang="no" lang3="nor">Vedlegg</text><text xml:lang="zh-tw">附錄</text><text xml:lang="sr" lang3="srp">Dodatak</text><text xml:lang="ja" lang3="jpn">付録</text><text xml:lang="pl" lang3="pol">Dodatek</text><text xml:lang="hi" lang3="hin">Atirikta</text><text xml:lang="th" lang3="tha">ภาคผนวก</text><text xml:lang="nl" lang3="nld">Appendix</text><text xml:lang="ru" lang3="rus">Приложение</text><text xml:lang="tr" lang3="tur">Ek</text><text xml:lang="bg" lang3="bul">Приложение</text><text xml:lang="el" lang3="ell">Παράρτημα</text><text xml:lang="ca" lang3="cat">Apèndix</text><text xml:lang="la" lang3="lat">Appendix</text><text xml:lang="hr" lang3="hrv">Dodatak</text><text xml:lang="kr" lang3="kor">부록</text></entry><entry><key>authorWord</key><text xml:lang="en" lang3="eng">Author</text><text xml:lang="de" lang3="deu">Autor</text><text xml:lang="ro" lang3="ron">Autor</text><text xml:lang="fr" lang3="fra">Auteur</text><text xml:lang="pt" lang3="por">Autor</text><text xml:lang="es" lang3="spa">Autor</text><text xml:lang="it" lang3="ita">Autore</text><text xml:lang="sl" lang3="slv">Avtor</text><text xml:lang="sv" lang3="swe">Författare</text><text xml:lang="no" lang3="nor">Forfatter</text><text xml:lang="zh-tw">作者</text><text xml:lang="sr" lang3="srp">Autor</text><text xml:lang="ja" lang3="jpn">著者</text><text xml:lang="pl" lang3="pol">Autor</text><text xml:lang="hi" lang3="hin">Lekhaka</text><text xml:lang="th" lang3="tha">ผู้แต่ง</text><text xml:lang="nl" lang3="nld">Auteur</text><text xml:lang="ru" lang3="rus">Автор</text><text xml:lang="tr" lang3="tur">Yazar</text><text xml:lang="bg" lang3="bul">Автор</text><text xml:lang="el" lang3="ell">Δημιουργός</text><text xml:lang="ca" lang3="cat">Autor</text><text xml:lang="la" lang3="lat">Auctor</text><text xml:lang="hr" lang3="hrv">Autor</text><text xml:lang="kr" lang3="kor">저자</text></entry><entry><key>biblioWords</key><text xml:lang="en" lang3="eng">Bibliography</text><text xml:lang="de" lang3="deu">Bibliographie</text><text xml:lang="ro" lang3="ron">Bibliografie</text><text xml:lang="fr" lang3="fra">Bibliographie</text><text xml:lang="pt" lang3="por">Bibiografia</text><text xml:lang="es" lang3="spa">Bibliografía</text><text xml:lang="it" lang3="ita">Bibliografia</text><text xml:lang="sl" lang3="slv">Bibliografija</text><text xml:lang="sv" lang3="swe">Bibliografi</text><text xml:lang="no" lang3="nor">Bibliografi</text><text xml:lang="zh-tw">參考書目</text><text xml:lang="sr" lang3="srp">Bibliografija</text><text xml:lang="ja" lang3="jpn">目録</text><text xml:lang="pl" lang3="pol">Bibliografia</text><text xml:lang="hi" lang3="hin">Bibliography</text><text xml:lang="th" lang3="tha">บรรณานุกรม</text><text xml:lang="nl" lang3="nld">Bibliografie</text><text xml:lang="ru" lang3="rus">Библиография</text><text xml:lang="tr" lang3="tur">Bibliyografya</text><text xml:lang="bg" lang3="bul">Литература</text><text xml:lang="el" lang3="ell">Βιβλιογραφία</text><text xml:lang="ca" lang3="cat">Bibliografia</text><text xml:lang="la" lang3="lat">Auctores</text><text xml:lang="hr" lang3="hrv">Bibliografija</text><text xml:lang="kr" lang3="kor">서지목록</text></entry><entry><key>contentsHeading</key><text xml:lang="en" lang3="eng">Sections in this document:</text><text xml:lang="de" lang3="deu">Abschnitte in diesem Dokument:</text><text xml:lang="ro" lang3="ron">Capitolele acestui document:</text><text xml:lang="fr" lang3="fra">Sections de ce document:</text><text xml:lang="pt" lang3="por">Índice geral:</text><text xml:lang="es" lang3="spa">Secciones en este documento:</text><text xml:lang="it" lang3="ita">Sommario di questo documento:</text><text xml:lang="sl" lang3="slv">Razdelki v tem dokumentu:</text><text xml:lang="sv" lang3="swe">Sektioner i detta dokument</text><text xml:lang="no" lang3="nor">Deler i dette dokumentet:</text><text xml:lang="zh-tw">本文章節:</text><text xml:lang="sr" lang3="srp">Odeljci u ovom dokumentu:</text><text xml:lang="ja" lang3="jpn">表題</text><text xml:lang="pl" lang3="pol">Sekcje zawarte w bieżącym dokumencie:</text><text xml:lang="th" lang3="tha">บทในเอกสารนี้</text><text xml:lang="nl" lang3="nld">Onderdelen van dit document:</text><text xml:lang="ru" lang3="rus">Разделы в этом документе:</text><text xml:lang="tr" lang3="tur">Bu belgenin bölümleri:</text><text xml:lang="bg" lang3="bul">Раздели в този документ:</text><text xml:lang="el" lang3="ell">Τμήματα αυτού του εγγράφου:</text><text xml:lang="ca" lang3="cat">Seccions en aquest document:</text><text xml:lang="la" lang3="lat">Capitula textus:</text><text xml:lang="hr" lang3="hrv">Odjeljci ovog dokumenta:</text><text xml:lang="kr" lang3="kor">본 문서의 절</text></entry><entry><key>contentsWord</key><text xml:lang="en" lang3="eng">Contents</text><text xml:lang="de" lang3="deu">Inhalt</text><text xml:lang="ro" lang3="ron">Cuprins</text><text xml:lang="fr" lang3="fra">Contenu</text><text xml:lang="pt" lang3="por">Índice geral</text><text xml:lang="es" lang3="spa">Contenidos</text><text xml:lang="sl" lang3="slv">Vsebina</text><text xml:lang="sv" lang3="swe">Innehåll</text><text xml:lang="no" lang3="nor">Innhold</text><text xml:lang="zh-tw">內容</text><text xml:lang="sr" lang3="srp">Sadržaj</text><text xml:lang="ja" lang3="jpn">目次</text><text xml:lang="pl" lang3="pol">Spis treści</text><text xml:lang="hi" lang3="hin">Mula Shabda</text><text xml:lang="th" lang3="tha">เนื้อหา</text><text xml:lang="nl" lang3="nld">Inhoud</text><text xml:lang="ru" lang3="rus">Оглавление</text><text xml:lang="tr" lang3="tur">İçerik</text><text xml:lang="bg" lang3="bul">Съдържание</text><text xml:lang="el" lang3="ell">Περιεχόμενα</text><text xml:lang="ca" lang3="cat">Índex general</text><text xml:lang="it" lang3="ita">Argomenti</text><text xml:lang="la" lang3="lat">Tabula contentorum</text><text xml:lang="hr" lang3="hrv">Sadržaj</text><text xml:lang="kr" lang3="kor">내용</text></entry><entry><key>dateWord</key><text xml:lang="en" lang3="eng">Date</text><text xml:lang="de" lang3="deu">Datum</text><text xml:lang="ro" lang3="ron">Data</text><text xml:lang="fr" lang3="fra">Date</text><text xml:lang="pt" lang3="por">Data</text><text xml:lang="es" lang3="spa">Fecha</text><text xml:lang="it" lang3="ita">Data</text><text xml:lang="sl" lang3="slv">Datum</text><text xml:lang="sv" lang3="swe">Datum</text><text xml:lang="no" lang3="nor">Dato</text><text xml:lang="zh-tw">日期</text><text xml:lang="sr" lang3="srp">Datum</text><text xml:lang="ja" lang3="jpn">日付</text><text xml:lang="pl" lang3="pol">Data</text><text xml:lang="hi" lang3="hin">Tarikha</text><text xml:lang="th" lang3="tha">วันที่</text><text xml:lang="nl" lang3="nld">Datum</text><text xml:lang="ru" lang3="rus">Дата</text><text xml:lang="tr" lang3="tur">Tarih</text><text xml:lang="bg" lang3="bul">Дата</text><text xml:lang="el" lang3="ell">Ημερομηνία</text><text xml:lang="ca" lang3="cat">Dataa</text><text xml:lang="la" lang3="lat">Die dato</text><text xml:lang="hr" lang3="hrv">Datum</text><text xml:lang="kr" lang3="kor">날짜</text></entry><entry><key>feedbackWords</key><text xml:lang="en" lang3="eng">Feedback</text><text xml:lang="de" lang3="deu">Kommentare</text><text xml:lang="ro" lang3="ron">Retur</text><text xml:lang="fr" lang3="fra">Commentaires</text><text xml:lang="pt" lang3="por">Comentários</text><text xml:lang="es" lang3="spa">Comentarios</text><text xml:lang="it" lang3="ita">Commenti e suggerimenti</text><text xml:lang="sl" lang3="slv">Odzivi</text><text xml:lang="sv" lang3="swe">Kommentarer</text><text xml:lang="no" lang3="nor">Kommentarer</text><text xml:lang="zh-tw">回饋</text><text xml:lang="sr" lang3="srp">Komentari</text><text xml:lang="ja" lang3="jpn">ご意見・ご感想</text><text xml:lang="pl" lang3="pol">Komentarze</text><text xml:lang="hi" lang3="hin">Tippani</text><text xml:lang="th" lang3="tha">ตอบกลับ</text><text xml:lang="nl" lang3="nld">Feedback</text><text xml:lang="ru" lang3="rus">Отзывы</text><text xml:lang="tr" lang3="tur">Geri besleme</text><text xml:lang="bg" lang3="bul">Коментари</text><text xml:lang="el" lang3="ell">Γνώμες</text><text xml:lang="ca" lang3="cat">Comentaris</text><text xml:lang="la" lang3="lat">Responsiones</text><text xml:lang="hr" lang3="hrv">Komentari</text><text xml:lang="kr" lang3="kor">피드백</text></entry><entry><key>figureWord</key><text xml:lang="en" lang3="eng">Figure</text><text xml:lang="de" lang3="deu">Abbildung</text><text xml:lang="ro" lang3="ron">Figura</text><text xml:lang="fr" lang3="fra">Figure</text><text xml:lang="pt" lang3="por">Figura</text><text xml:lang="es" lang3="spa">Imagen</text><text xml:lang="it" lang3="ita">Figura</text><text xml:lang="sl" lang3="slv">Slika</text><text xml:lang="sv" lang3="swe">Figur</text><text xml:lang="no" lang3="nor">Figur</text><text xml:lang="zh-tw">圖表</text><text xml:lang="sr" lang3="srp">Slika</text><text xml:lang="ja" lang3="jpn">図</text><text xml:lang="pl" lang3="pol">Rysunek</text><text xml:lang="hi" lang3="hin">Chitr</text><text xml:lang="th" lang3="tha">ภาพ</text><text xml:lang="nl" lang3="nld">Afbeelding</text><text xml:lang="ru" lang3="rus">Фигура</text><text xml:lang="tr" lang3="tur">Şekil</text><text xml:lang="bg" lang3="bul">Фигура</text><text xml:lang="el" lang3="ell">Σχήμα</text><text xml:lang="ca" lang3="cat">Figura</text><text xml:lang="la" lang3="lat">Figura</text><text xml:lang="hr" lang3="hrv">Ilustracija</text><text xml:lang="kr" lang3="kor">그림</text></entry><entry><key>figureWords</key><text xml:lang="en" lang3="eng">Figures</text><text xml:lang="de" lang3="deu">Abbildungen</text><text xml:lang="ro" lang3="ron">Figuri</text><text xml:lang="fr" lang3="fra">Figures</text><text xml:lang="pt" lang3="por">Figuras</text><text xml:lang="es" lang3="spa">Imágenes</text><text xml:lang="it" lang3="ita">Figure</text><text xml:lang="sl" lang3="slv">Slike</text><text xml:lang="sv" lang3="swe">Figurer</text><text xml:lang="no" lang3="nor">Figurer</text><text xml:lang="zh-tw">圖表</text><text xml:lang="sr" lang3="srp">Slike</text><text xml:lang="ja" lang3="jpn">図</text><text xml:lang="pl" lang3="pol">Rysunki</text><text xml:lang="hi" lang3="hin">Chitr</text><text xml:lang="th" lang3="tha">ภาพ</text><text xml:lang="nl" lang3="nld">Afbeeldingen</text><text xml:lang="ru" lang3="rus">Фигуры</text><text xml:lang="tr" lang3="tur">Şekiller</text><text xml:lang="bg" lang3="bul">Фигури</text><text xml:lang="el" lang3="ell">Σχήματα</text><text xml:lang="ca" lang3="cat">Figures</text><text xml:lang="la" lang3="lat">Figurae</text><text xml:lang="hr" lang3="hrv">Ilustracije</text><text xml:lang="kr" lang3="kor">그림들</text></entry><entry><key>nextWord</key><text xml:lang="en" lang3="eng">Next</text><text xml:lang="de" lang3="deu">Nächstes</text><text xml:lang="ro" lang3="ron">Următorul</text><text xml:lang="fr" lang3="fra">Suivant</text><text xml:lang="pt" lang3="por">Seguinte</text><text xml:lang="es" lang3="spa">Siguiente</text><text xml:lang="it" lang3="ita">Seguente</text><text xml:lang="sl" lang3="slv">Naslednji</text><text xml:lang="sv" lang3="swe">Nästa</text><text xml:lang="no" lang3="nor">Neste</text><text xml:lang="zh-tw">下一頁</text><text xml:lang="sr" lang3="srp">Sledeći</text><text xml:lang="ja" lang3="jpn">次</text><text xml:lang="pl" lang3="pol">Następny</text><text xml:lang="hi" lang3="hin">Agala</text><text xml:lang="th" lang3="tha">ต่อไป</text><text xml:lang="nl" lang3="nld">Volgende</text><text xml:lang="ru" lang3="rus">Следующий</text><text xml:lang="tr" lang3="tur">Sonraki</text><text xml:lang="bg" lang3="bul">Следващ</text><text xml:lang="el" lang3="ell">Επόμενος</text><text xml:lang="ca" lang3="cat">Següent</text><text xml:lang="la" lang3="lat">Porro</text><text xml:lang="hr" lang3="hrv">Dalje</text><text xml:lang="kr" lang3="kor">다음</text></entry><entry><key>noteHeading</key><text xml:lang="en" lang3="eng">Notes</text><text xml:lang="de" lang3="deu">Noten</text><text xml:lang="ro" lang3="ron">Note</text><text xml:lang="fr" lang3="fra">Notes</text><text xml:lang="pt" lang3="por">Nota</text><text xml:lang="es" lang3="spa">Notas</text><text xml:lang="it" lang3="ita">Note</text><text xml:lang="sl" lang3="slv">Opombe</text><text xml:lang="sv" lang3="swe">Noteringar</text><text xml:lang="no" lang3="nor">Noter</text><text xml:lang="zh-tw">註解</text><text xml:lang="sr" lang3="srp">Napomene</text><text xml:lang="ja" lang3="jpn">注釈</text><text xml:lang="pl" lang3="pol">Uwagi</text><text xml:lang="hi" lang3="hin">Dhyan</text><text xml:lang="th" lang3="tha">หมายเหตุ</text><text xml:lang="nl" lang3="nld">Opmerkingen</text><text xml:lang="ru" lang3="rus">Примечания</text><text xml:lang="tr" lang3="tur">Notlar</text><text xml:lang="bg" lang3="bul">Забележки</text><text xml:lang="el" lang3="ell">Σχόλια</text><text xml:lang="ca" lang3="cat">Notes</text><text xml:lang="la" lang3="lat">Notae</text><text xml:lang="hr" lang3="hrv">Bilješke</text><text xml:lang="kr" lang3="kor">주석</text></entry><entry><key>previousWord</key><text xml:lang="en" lang3="eng">Previous</text><text xml:lang="de" lang3="deu">Vorheriges</text><text xml:lang="ro" lang3="ron">Precedentul</text><text xml:lang="fr" lang3="fra">Précédent</text><text xml:lang="pt" lang3="por">Prévio</text><text xml:lang="es" lang3="spa">Anterior</text><text xml:lang="it" lang3="ita">Precedente</text><text xml:lang="sl" lang3="slv">Prejšnji</text><text xml:lang="sv" lang3="swe">Föregående</text><text xml:lang="no" lang3="nor">Forrige</text><text xml:lang="zh-tw">上一頁</text><text xml:lang="sr" lang3="srp">Prethodni</text><text xml:lang="ja" lang3="jpn">前</text><text xml:lang="pl" lang3="pol">Poprzedni</text><text xml:lang="hi" lang3="hin">Purva"</text><text xml:lang="nl" lang3="nld">Vorige</text><text xml:lang="ru" lang3="rus">Предыдущий</text><text xml:lang="tr" lang3="tur">Önceki</text><text xml:lang="bg" lang3="bul">Предходен</text><text xml:lang="el" lang3="ell">Προηγούμενος</text><text xml:lang="ca" lang3="cat">Anterior</text><text xml:lang="la" lang3="lat">Retro</text><text xml:lang="hr" lang3="hrv">Natrag</text><text xml:lang="kr" lang3="kor">이전</text></entry><entry><key>revisedWord</key><text xml:lang="en" lang3="eng">revised</text><text xml:lang="de" lang3="deu">überarbeitet</text><text xml:lang="ro" lang3="ron">revăzut</text><text xml:lang="fr" lang3="fra">révisé</text><text xml:lang="pt" lang3="por">revisto</text><text xml:lang="es" lang3="spa">Revisado</text><text xml:lang="it" lang3="ita">revisionato</text><text xml:lang="sl" lang3="slv">dopolnjeno</text><text xml:lang="sv" lang3="swe">Ändrad</text><text xml:lang="no" lang3="nor">Revidert</text><text xml:lang="zh-tw">修訂</text><text xml:lang="sr" lang3="srp">izmenjeno</text><text xml:lang="ja" lang3="jpn">改訂</text><text xml:lang="pl" lang3="pol">poprawione</text><text xml:lang="hi" lang3="hin">duharAnA</text><text xml:lang="th" lang3="tha">ทบทวน</text><text xml:lang="nl" lang3="nld">herzien</text><text xml:lang="ru" lang3="rus">Пересмотрено</text><text xml:lang="tr" lang3="tur">Düzeltilmiş</text><text xml:lang="bg" lang3="bul">Променено</text><text xml:lang="el" lang3="ell">Μετάβλητο</text><text xml:lang="ca" lang3="cat">Revisat</text><text xml:lang="la" lang3="lat">Accurate revisum</text><text xml:lang="hr" lang3="hrv">Pregledano</text><text xml:lang="kr" lang3="kor">수정</text></entry><entry><key>searchWords</key><text xml:lang="en" lang3="eng">Search</text><text xml:lang="de" lang3="deu">Suche</text><text xml:lang="ro" lang3="ron">Caută</text><text xml:lang="fr" lang3="fra">Recherche</text><text xml:lang="pt" lang3="por">Pesquisa</text><text xml:lang="es" lang3="spa">Buscar</text><text xml:lang="it" lang3="ita">Cerca</text><text xml:lang="sl" lang3="slv">Iskanje</text><text xml:lang="sv" lang3="swe">Sök</text><text xml:lang="no" lang3="nor">Sok</text><text xml:lang="zh-tw">搜尋</text><text xml:lang="sr" lang3="srp">Pretraga</text><text xml:lang="ja" lang3="jpn">検索</text><text xml:lang="pl" lang3="pol">Szukaj</text><text xml:lang="hi" lang3="hin">Khoj</text><text xml:lang="th" lang3="tha">ค้นหา</text><text xml:lang="nl" lang3="nld">Zoeken</text><text xml:lang="ru" lang3="rus">Поиск</text><text xml:lang="tr" lang3="tur">Ara</text><text xml:lang="bg" lang3="bul">Търси</text><text xml:lang="el" lang3="ell">Ψάχνε</text><text xml:lang="ca" lang3="cat">Cercar</text><text xml:lang="la" lang3="lat">Quaere</text><text xml:lang="hr" lang3="hrv">Pretraživanje</text><text xml:lang="kr" lang3="kor">검색</text></entry><entry><key>tableWord</key><text xml:lang="en" lang3="eng">Table</text><text xml:lang="de" lang3="deu">Tabelle</text><text xml:lang="ro" lang3="ron">Tabel</text><text xml:lang="fr" lang3="fra">Table</text><text xml:lang="pt" lang3="por">Tabela</text><text xml:lang="es" lang3="spa">Tabla</text><text xml:lang="it" lang3="ita">Tavola</text><text xml:lang="sl" lang3="slv">Tabela</text><text xml:lang="sv" lang3="swe">Tabell</text><text xml:lang="no" lang3="nor">Tabell</text><text xml:lang="zh-tw">表格</text><text xml:lang="sr" lang3="srp">Tabela</text><text xml:lang="ja" lang3="jpn">表</text><text xml:lang="pl" lang3="pol">Tabela</text><text xml:lang="hi" lang3="hin">Patti</text><text xml:lang="th" lang3="tha">ตาราง</text><text xml:lang="nl" lang3="nld">Tabel</text><text xml:lang="ru" lang3="rus">Таблица</text><text xml:lang="tr" lang3="tur">Tablo</text><text xml:lang="bg" lang3="bul">Таблица</text><text xml:lang="el" lang3="ell">Πίνακας</text><text xml:lang="ca" lang3="cat">Taula</text><text xml:lang="la" lang3="lat">Tabella</text><text xml:lang="hr" lang3="hrv">Tablica</text><text xml:lang="kr" lang3="kor">표</text></entry><entry><key>tableWords</key><text xml:lang="en" lang3="eng">Tables</text><text xml:lang="de" lang3="deu">Tabellen</text><text xml:lang="ro" lang3="ron">Tabele</text><text xml:lang="fr" lang3="fra">Tables</text><text xml:lang="pt" lang3="por">Tabelas</text><text xml:lang="es" lang3="spa">Tablas</text><text xml:lang="it" lang3="ita">Tavole</text><text xml:lang="sl" lang3="slv">Tabele</text><text xml:lang="sv" lang3="swe">Tabeller</text><text xml:lang="no" lang3="nor">Tabeller</text><text xml:lang="zh-tw">表格</text><text xml:lang="sr" lang3="srp">Tabele</text><text xml:lang="ja" lang3="jpn">表</text><text xml:lang="pl" lang3="pol">Tabele</text><text xml:lang="hi" lang3="hin">Pattiya</text><text xml:lang="th" lang3="tha">คาราง</text><text xml:lang="nl" lang3="nld">Tabellen</text><text xml:lang="ru" lang3="rus">Таблицы</text><text xml:lang="tr" lang3="tur">Tablolar</text><text xml:lang="bg" lang3="bul">Таблици</text><text xml:lang="el" lang3="ell">Πίνακες</text><text xml:lang="ca" lang3="cat">Taules</text><text xml:lang="la" lang3="lat">Tabellae</text><text xml:lang="hr" lang3="hrv">Tablice</text><text xml:lang="kr" lang3="kor">표들</text></entry><entry><key>tocWords</key><text xml:lang="en" lang3="eng">Table of contents</text><text xml:lang="de" lang3="deu">Inhalt</text><text xml:lang="ro" lang3="ron">Cuprins</text><text xml:lang="fr" lang3="fra">Contenu</text><text xml:lang="pt" lang3="por">Índice geral</text><text xml:lang="es" lang3="spa">Índice</text><text xml:lang="it" lang3="ita">Indice</text><text xml:lang="sl" lang3="slv">Kazalo</text><text xml:lang="sv" lang3="swe">Innehåll</text><text xml:lang="no" lang3="nor">Innhold</text><text xml:lang="zh-tw">內容</text><text xml:lang="sr" lang3="srp">Sadržaj</text><text xml:lang="ja" lang3="jpn">目次</text><text xml:lang="pl" lang3="pol">Spis treści</text><text xml:lang="hi" lang3="hin">mula</text><text xml:lang="th" lang3="tha">สารบัญ</text><text xml:lang="nl" lang3="nld">Inhoud</text><text xml:lang="ru" lang3="rus">Оглавление</text><text xml:lang="tr" lang3="tur">İçerik</text><text xml:lang="bg" lang3="bul">Съдържание</text><text xml:lang="el" lang3="ell">Περιεχόμενα</text><text xml:lang="ca" lang3="cat">Índice general</text><text xml:lang="la" lang3="lat">Tabula contentorum</text><text xml:lang="hr" lang3="hrv">Sadržaj</text><text xml:lang="kr" lang3="kor">목차</text></entry><entry><key>upWord</key><text xml:lang="en" lang3="eng">Up</text><text xml:lang="de" lang3="deu">Aufwärts</text><text xml:lang="ro" lang3="ron">Sus</text><text xml:lang="fr" lang3="fra">Haut</text><text xml:lang="pt" lang3="por">Topo</text><text xml:lang="es" lang3="spa">Arriba</text><text xml:lang="it" lang3="ita">Su</text><text xml:lang="sl" lang3="slv">Gor</text><text xml:lang="sv" lang3="swe">Upp</text><text xml:lang="no" lang3="nor">Opp</text><text xml:lang="zh-tw">往上</text><text xml:lang="sr" lang3="srp">Gore</text><text xml:lang="ja" lang3="jpn">上</text><text xml:lang="pl" lang3="pol">W górę</text><text xml:lang="hi" lang3="hin">Upara Shabda</text><text xml:lang="th" lang3="tha">ไปข้างบน</text><text xml:lang="nl" lang3="nld">Hoger</text><text xml:lang="ru" lang3="rus">Вверх</text><text xml:lang="tr" lang3="tur">Yukarı</text><text xml:lang="bg" lang3="bul">Нагоре</text><text xml:lang="el" lang3="ell">Ανω</text><text xml:lang="ca" lang3="cat">Amunt</text><text xml:lang="la" lang3="lat">Sursum</text><text xml:lang="hr" lang3="hrv">Gore</text><text xml:lang="kr" lang3="kor">상위</text></entry><entry><key>appearsintheoriginalas</key><text xml:lang="en" lang3="eng">Appears in the original as</text><text xml:lang="es" lang3="spa">Aparece en el original como</text><text xml:lang="ca" lang3="cat">Apareix en l'original com</text><text xml:lang="de" lang3="deu">Erscheint im Original als</text><text xml:lang="la" lang3="lat">In exemplari legitur</text><text xml:lang="hr" lang3="hrv">U izvorniku se pojavljuje kao</text><text xml:lang="kr" lang3="kor">와 같이 원본에 나타난다</text></entry><text xml:lang="it" lang3="ita">Nell'originale appare come</text><entry><key>shouldbereadas</key><text xml:lang="en" lang3="eng">Should be read as</text><text xml:lang="es" lang3="spa">Debería leerse como</text><text xml:lang="ca" lang3="cat">S'hi hauria de llegir</text><text xml:lang="it" lang3="ita">Da leggersi come</text><text xml:lang="de" lang3="deu">Sollte gelesen werden als</text><text xml:lang="la" lang3="lat">Legendum est</text><text xml:lang="hr" lang3="hrv">Čita se kao</text><text xml:lang="kr" lang3="kor">와 같이 해석해야 한다</text></entry><entry><key>page</key><text xml:lang="en" lang3="eng">Page</text><text xml:lang="es" lang3="spa">Página</text><text xml:lang="ca" lang3="cat">Pàgina</text><text xml:lang="it" lang3="ita">Pagina</text><text xml:lang="de" lang3="deu">Seite</text><text xml:lang="la" lang3="lat">Pagina</text><text xml:lang="hr" lang3="hrv">Stranica</text><text xml:lang="kr" lang3="kor">쪽</text></entry><entry><key>asfoundin</key><text xml:lang="en" lang3="eng">As found in</text><text xml:lang="es" lang3="spa">Tal como se encuentra en</text><text xml:lang="ca" lang3="cat">Tal com es troba en</text><text xml:lang="de" lang3="deu">So wie gefunden in</text><text xml:lang="it" lang3="ita">Da riferirsi a</text><text xml:lang="la" lang3="lat">Ut legitur in</text><text xml:lang="hr" lang3="hrv">Prema izvoru</text><text xml:lang="kr" lang3="kor">에서와 같이 발견된</text></entry><entry><key>otherreadings</key><text xml:lang="en" lang3="eng">Other readings</text><text xml:lang="es" lang3="spa">Otras lecturas</text><text xml:lang="ca" lang3="cat">D'altres lectures</text><text xml:lang="de" lang3="deu">Andere Lesarten</text><text xml:lang="it" lang3="ita">Altre intepretazioni</text><text xml:lang="la" lang3="lat">Aliae lectiones</text><text xml:lang="hr" lang3="hrv">Druga čitanja</text><text xml:lang="kr" lang3="kor">다른 해석</text></entry><entry><key>homeWord</key><text xml:lang="ca" lang3="cat">Principal</text><text xml:lang="en" lang3="eng">Home</text><text xml:lang="fr" lang3="fra">Accueil</text><text xml:lang="pl" lang3="pol">Strona główna</text><text xml:lang="sw" lang3="swe">Hem</text><text xml:lang="th" lang3="tha">หน้าแรก</text><text xml:lang="de" lang3="deu">Anfang</text><text xml:lang="pt" lang3="por">Página inicial</text><text xml:lang="ja" lang3="jpn">ホーム</text><text xml:lang="sl" lang3="slv">Domov</text><text xml:lang="zh-tw">首頁</text><text xml:lang="no" lang3="nor">Hjem</text><text xml:lang="ro" lang3="ron">Acasă</text><text xml:lang="it" lang3="ita">Home</text><text xml:lang="es" lang3="spa">Principal</text><text xml:lang="kr" lang3="kor">가정</text></entry><entry><key>Used by</key><text xml:lang="ca" lang3="cat">Usat per</text><text xml:lang="en" lang3="eng">Used by</text><text xml:lang="pl" lang3="pol">Użyto w</text><text xml:lang="sw" lang3="swe">Används av</text><text xml:lang="de" lang3="deu">Verwendet von</text><text xml:lang="pt" lang3="por">Usado por</text><text xml:lang="no" lang3="nor">Brukt av</text><text xml:lang="sl" lang3="slv">Uporabljen v</text><text xml:lang="ja" lang3="jpn">当該モジュールを使用するもの</text><text xml:lang="zh-tw">屬於</text><text xml:lang="th" lang3="tha">ใช้โดย</text><text xml:lang="ro" lang3="ron">Folosit de</text><text xml:lang="fr" lang3="fra">Utilisé par</text><text xml:lang="it" lang3="ita">Usato da</text><text xml:lang="es" lang3="spa">Usado por</text><text xml:lang="kr" lang3="kor">에 의해 사용된</text></entry><entry><key>May contain</key><text xml:lang="ca" lang3="cat">Pot contenir</text><text xml:lang="en" lang3="eng">May contain</text><text xml:lang="pl" lang3="pol">Może zawierać</text><text xml:lang="sw" lang3="swe">Kan innehålla</text><text xml:lang="de" lang3="deu">Kann enthalten</text><text xml:lang="pt" lang3="por">Pode conter</text><text xml:lang="th" lang3="tha">ประกอบด้วย</text><text xml:lang="ja" lang3="jpn">下位</text><text xml:lang="sl" lang3="slv">Lahko vsebuje</text><text xml:lang="zh-tw">可包含</text><text xml:lang="no" lang3="nor">Kan inneholde</text><text xml:lang="ro" lang3="ron">Poate conţine</text><text xml:lang="fr" lang3="fra">Peut contenir</text><text xml:lang="it" lang3="ita">Può contenere</text><text xml:lang="es" lang3="spa">Puede contener</text><text xml:lang="kr" lang3="kor">포함할 수 있다</text></entry><entry><key>Contained by</key><text xml:lang="ca" lang3="cat">Contingut en</text><text xml:lang="ro" lang3="ron">Conţinut de</text><text xml:lang="en" lang3="eng">Contained by</text><text xml:lang="pl" lang3="pol">Zawiera się w</text><text xml:lang="sw" lang3="swe">Ingår i</text><text xml:lang="de" lang3="deu">Enthalten in</text><text xml:lang="pt" lang3="por">Contido em</text><text xml:lang="sl" lang3="slv">Vsebovan v</text><text xml:lang="ja" lang3="jpn">上位</text><text xml:lang="zh-tw">可包含在於</text><text xml:lang="no" lang3="nor">Er en del av</text><text xml:lang="th" lang3="tha">บรรจุอยู่ใน</text><text xml:lang="fr" lang3="fra">Contenu dans</text><text xml:lang="it" lang3="ita">Contenuto in</text><text xml:lang="es" lang3="spa">Contenido en</text><text xml:lang="kr" lang3="kor">에 의해 포함된</text></entry><entry><key>Compact to XML format</key><text xml:lang="ca" lang3="cat">De format compacte a XML</text><text xml:lang="en" lang3="eng">Compact to XML format</text><text xml:lang="fr" lang3="fra">Transformer en syntaxe compact</text><text xml:lang="zh-tw">簡潔式轉到XML式</text><text xml:lang="it" lang3="ita">Compatta in formato XML</text><text xml:lang="pt" lang3="por">De Compact para formato XML</text><text xml:lang="ja" lang3="jpn">XML表記</text><text xml:lang="es" lang3="spa">De formato compacto a XML</text><text xml:lang="de" lang3="deu">Vom kompakten zum XML-Format</text><text xml:lang="kr" lang3="kor">XML 형식에 따른 규약?</text></entry><entry><key>XML format to compact</key><text xml:lang="ca" lang3="cat">De format XML a compacte</text><text xml:lang="en" lang3="eng">XML format to compact</text><text xml:lang="fr" lang3="fra">Transformer en syntaxe XML</text><text xml:lang="zh-tw">XML式轉到簡潔式</text><text xml:lang="it" lang3="ita">Formato XML da compattare</text><text xml:lang="pt" lang3="por">De formato XML para Compact</text><text xml:lang="ja" lang3="jpn">簡易表記</text><text xml:lang="es" lang3="spa">De formato XML a compacto</text><text xml:lang="de" lang3="deu">Vom XML-Format zum kompakten</text><text xml:lang="kr" lang3="kor">규약에 대한 XML 형식?</text></entry><entry><key>Empty element</key><text xml:lang="ca" lang3="cat">Element buit</text><text xml:lang="en" lang3="eng">Empty element</text><text xml:lang="fr" lang3="fra">Elément vide</text><text xml:lang="zh-tw">空白元素</text><text xml:lang="it" lang3="ita">Elemento vuoto</text><text xml:lang="pt" lang3="por">Elemento vazio</text><text xml:lang="ja" lang3="jpn">空要素</text><text xml:lang="es" lang3="spa">Elemento vacío</text><text xml:lang="de" lang3="deu">Leeres Element</text><text xml:lang="kr" lang3="kor">공백 요소</text></entry><entry><key>Character data only</key><text xml:lang="ca" lang3="cat">Sols dades de caràcters</text><text xml:lang="en" lang3="eng">Character data only</text><text xml:lang="fr" lang3="fra">Des données textuelles uniquement</text><text xml:lang="zh-tw">僅文字符號資料</text><text xml:lang="it" lang3="ita">Ammessi soltanto caratteri di testo</text><text xml:lang="ja" lang3="jpn">文字データのみ</text><text xml:lang="es" lang3="spa">Sólo datos de caracteres</text><text xml:lang="de" lang3="deu">Nur Zeichen</text><text xml:lang="kr" lang3="kor">문자 자료만 허용</text></entry><entry><key>separated by whitespace</key><text xml:lang="ca" lang3="cat">separat per espai en blanc</text><text xml:lang="en" lang3="eng">separated by whitespace</text><text xml:lang="fr" lang3="fra">séparé par un espace</text><text xml:lang="zh-tw">以空白鍵隔開</text><text xml:lang="it" lang3="ita">separato da spazio bianco</text><text xml:lang="pt" lang3="por">separado por espaços</text><text xml:lang="ja" lang3="jpn">空白文字で区切られる</text><text xml:lang="es" lang3="spa">separado por espacio en blanco</text><text xml:lang="de" lang3="deu">Durch Leerzeichen getrennt</text><text xml:lang="kr" lang3="kor">공백문자로 분리됨</text></entry><entry><key>Text body</key><text xml:lang="ca" lang3="cat">Cos del text</text><text xml:lang="en" lang3="eng">Text body</text><text xml:lang="fr" lang3="fra">Corps du texte</text><text xml:lang="zh-tw">正文</text><text xml:lang="it" lang3="ita">Corpo del testo</text><text xml:lang="pt" lang3="por">Texto</text><text xml:lang="ja" lang3="jpn">本文</text><text xml:lang="es" lang3="spa">Cuerpo del texto</text><text xml:lang="de" lang3="deu">Textkörper</text><text xml:lang="kr" lang3="kor">텍스트 본문</text></entry><entry><key>Back Matter</key><text xml:lang="ca" lang3="cat">Material final</text><text xml:lang="en" lang3="eng">Back Matter</text><text xml:lang="fr" lang3="fra">Annexes</text><text xml:lang="zh-tw">正文後資訊</text><text xml:lang="ja" lang3="jpn">後付</text><text xml:lang="it" lang3="ita">Sezioni conclusive</text><text xml:lang="pt" lang3="por">Anexos</text><text xml:lang="es" lang3="spa">Material final</text><text xml:lang="de" lang3="deu">Nachspann</text><text xml:lang="kr" lang3="kor">권말 부분</text></entry><entry><key>Front Matter</key><text xml:lang="ca" lang3="cat">Material preliminar</text><text xml:lang="en" lang3="eng">Front Matter</text><text xml:lang="fr" lang3="fra">Pièces liminaires</text><text xml:lang="zh-tw">正文前資訊</text><text xml:lang="it" lang3="ita">Sezioni preliminari</text><text xml:lang="pt" lang3="por">Front Matter</text><text xml:lang="ja" lang3="jpn">前付</text><text xml:lang="es" lang3="spa">Material preliminar</text><text xml:lang="de" lang3="deu">Vorspann</text><text xml:lang="kr" lang3="kor">책 앞부분</text></entry><entry><key>Getting the most recent version</key><text xml:lang="ca" lang3="cat">Obtenir la versió més recent</text><text xml:lang="en" lang3="eng">Getting the most recent version</text><text xml:lang="fr" lang3="fra">Obtenir la dernière version</text><text xml:lang="zh-tw">取得最新版本</text><text xml:lang="it" lang3="ita">Otteni la versione più recente</text><text xml:lang="pt" lang3="por">Como obter a versão mais recente</text><text xml:lang="ja" lang3="jpn">最新版の入手方法</text><text xml:lang="es" lang3="spa">Obtener la versión más reciente</text><text xml:lang="de" lang3="deu">Die aktuellste Version holen</text><text xml:lang="kr" lang3="kor">최신 버전 얻기</text></entry><entry><key>Sourceforge Subversion Repository</key><text xml:lang="ca" lang3="cat">Magatzem Subversion en Sourceforge</text><text xml:lang="en" lang3="eng">Sourceforge Subversion Repository</text><text xml:lang="fr" lang3="fra">Répertoire Subversion dans Sourceforge</text><text xml:lang="zh-tw">P5原始檔典藏@Sourceforge</text><text xml:lang="it" lang3="ita">Sourceforge Subversion Repository</text><text xml:lang="pt" lang3="por">Sourceforge Subversion Repository</text><text xml:lang="ja" lang3="jpn">各種データ(Sourceforge)</text><text xml:lang="es" lang3="spa">Almacén Subversion en Sourceforge</text><text xml:lang="de" lang3="deu">Sourceforge Subversion Repositorium</text><text xml:lang="kr" lang3="kor">소스 하위 버전 저장소 Sourceforge Subversion Repository</text></entry><entry><key>BugsFeatures</key><text xml:lang="ca" lang3="cat">Informes d'errors, peticions de característiques</text><text xml:lang="en" lang3="eng">Bug Reports, Feature Requests, etc.</text><text xml:lang="ja" lang3="jpn">バグ報告や要望など</text><text xml:lang="fr" lang3="fra">Rapports d'erreurs, demandes de modifications etc</text><text xml:lang="zh-tw">錯誤回報、功能要求等等。</text><text xml:lang="it" lang3="ita">Liste di bug, Richieste di nuove funzionalità, etc.</text><text xml:lang="pt" lang3="por">Relatório de Erros, Pedidos de Modificaçoes, etc.</text><text xml:lang="es" lang3="spa">Informes de errores, peticiones de características</text><text xml:lang="de" lang3="deu">Fehlerberichte, Anfragen zu Funktionen, etc.</text><text xml:lang="kr" lang3="kor">버그 보고, 특성 요구 등</text></entry><entry><key>Some Popular Sections</key><text xml:lang="ca" lang3="cat">Seccions populars</text><text xml:lang="ja" lang3="jpn">代表的な章</text><text xml:lang="en" lang3="eng">Some Popular Sections</text><text xml:lang="fr" lang3="fra">Parties les plus visitées</text><text xml:lang="zh-tw">一些受歡迎的章節</text><text xml:lang="it" lang3="ita">Alcune fra le sezioni più richieste</text><text xml:lang="pt" lang3="por">Algumas Secçoes Populares</text><text xml:lang="es" lang3="spa">Secciones populares</text><text xml:lang="de" lang3="deu">Einige beliebte Sektionen</text><text xml:lang="kr" lang3="kor">인기있는 절</text></entry><entry><key>GuidelinesTEI</key><text xml:lang="ca" lang3="cat">Directrius per a la codificació i l'intercanvi de textos electrònics</text><text xml:lang="ja" lang3="jpn">TEIガイドライン</text><text xml:lang="en" lang3="eng">Guidelines for Electronic Text Encoding and Interchange</text><text xml:lang="fr" lang3="fra">Principes directeurs pour l'encodage et l'échange de textes électroniques</text><text xml:lang="zh-tw">TEI指引</text><text xml:lang="it" lang3="ita">Linee guida per la codifica e l'interscambio del testo elettronico</text><text xml:lang="pt" lang3="por">Instruçoes para Electronic Text Encoding and Interchange</text><text xml:lang="es" lang3="spa">Directrices para la codificación y el intercambio de textos electrónicos</text><text xml:lang="de" lang3="deu">Richtlinien für die Auszeichnung und den Austausch elektronischer Texte</text><text xml:lang="kr" lang3="kor">전자 텍스트 부호화 및 교환에 대한 지침</text></entry><entry><key>edited by</key><text xml:lang="ca" lang3="cat">editat per</text><text xml:lang="en" lang3="eng">edited by</text><text xml:lang="fr" lang3="fra">édité par</text><text xml:lang="zh-tw">編輯者：</text><text xml:lang="it" lang3="ita">edito da</text><text xml:lang="pt" lang3="por">editado por</text><text xml:lang="ja" lang3="jpn">監修</text><text xml:lang="es" lang3="spa">editado por</text><text xml:lang="de" lang3="deu">ediert von</text><text xml:lang="kr" lang3="kor">에 의해 편집</text></entry><entry><key>Versions of the Guidelines</key><text xml:lang="ca" lang3="cat">Versions de les directrius</text><text xml:lang="en" lang3="eng">Versions of the Guidelines</text><text xml:lang="fr" lang3="fra">Versions des Principes directeurs</text><text xml:lang="zh-tw">指引版本</text><text xml:lang="it" lang3="ita">Versioni delle Linee guida</text><text xml:lang="pt" lang3="por">Versoes das instruçoes</text><text xml:lang="kr" lang3="kor">지침 버전</text><text xml:lang="ja" lang3="jpn">ガイドラインについて</text><text xml:lang="es" lang3="spa">Versiones de las directrices</text><text xml:lang="de" lang3="deu">Versionen der Richtlinien</text></entry><entry><key>Sorted alphabetically</key><text xml:lang="ca" lang3="cat">Ordenat alfabèticament</text><text xml:lang="en" lang3="eng">Sorted alphabetically</text><text xml:lang="it" lang3="ita">In ordine alfabetico</text><text xml:lang="zh-tw">按羅馬字母排序</text><text xml:lang="fr" lang3="fra">Trié alphabétiquement</text><text xml:lang="pt" lang3="por">Ordenado alfabeticamente</text><text xml:lang="ja" lang3="jpn">アルファベット順</text><text xml:lang="es" lang3="spa">Ordenado alfabéticamente</text><text xml:lang="de" lang3="deu">Alphabetisch geordnet</text><text xml:lang="kr" lang3="kor">알파벳 순</text></entry><entry><key>Show all</key><text xml:lang="ca" lang3="cat">Mostrar tot</text><text xml:lang="en" lang3="eng">Show all</text><text xml:lang="it" lang3="ita">Mostra tutto</text><text xml:lang="zh-tw">全部顯示</text><text xml:lang="fr" lang3="fra">Toute la liste</text><text xml:lang="pt" lang3="por">Mostre tudo</text><text xml:lang="ja" lang3="jpn">一括表示</text><text xml:lang="es" lang3="spa">Mostrar todo</text><text xml:lang="de" lang3="deu">Alle anzeigen</text><text xml:lang="kr" lang3="kor">모두 보기</text></entry><entry><key>Show by module</key><text xml:lang="ca" lang3="cat">Mostrar per mòdul</text><text xml:lang="en" lang3="eng">Show by module</text><text xml:lang="it" lang3="ita">Mostra modulo per modulo</text><text xml:lang="zh-tw">按模組顯示</text><text xml:lang="fr" lang3="fra">Par module</text><text xml:lang="pt" lang3="por">Mostre por módulo</text><text xml:lang="ja" lang3="jpn">モジュール別表示</text><text xml:lang="es" lang3="spa">Mostrar por módulo</text><text xml:lang="de" lang3="deu">Nach Modulen geordnet anzeigen</text><text xml:lang="kr" lang3="kor">모듈로 보기</text></entry><entry><key>occurrences of</key><text xml:lang="ca" lang3="cat">aparicions de</text><text xml:lang="en" lang3="eng">occurrences of</text><text xml:lang="es" lang3="spa">apariciones de</text><text xml:lang="de" lang3="deu">Vorkommen von</text><text xml:lang="it" lang3="ita">occorrenze di</text><text xml:lang="zh-tw">次可出現:</text><text xml:lang="kr" lang3="kor">출현</text></entry><entry><key>author</key><text xml:lang="en" lang3="eng">Author</text><text xml:lang="de" lang3="deu">Verfasser</text><text xml:lang="fr" lang3="fra">Auteur</text><text xml:lang="it" lang3="ita">Autore</text><text xml:lang="kr" lang3="kor">저자</text></entry><entry><key>title</key><text xml:lang="en" lang3="eng">Title</text><text xml:lang="de" lang3="deu">Titel</text><text xml:lang="fr" lang3="fra">Titre</text><text xml:lang="it" lang3="ita">Titolo</text><text xml:lang="kr" lang3="kor">제목</text></entry><entry><key>remarks</key><text xml:lang="en" lang3="eng">Remarks</text><text xml:lang="de" lang3="deu">Bemerkungen</text><text xml:lang="fr" lang3="fra">Remarques</text><text xml:lang="it" lang3="ita">Osservazioni</text><text xml:lang="kr" lang3="kor">해설</text></entry><entry><key>physDesc</key><text xml:lang="en" lang3="eng">Physical description</text><text xml:lang="de" lang3="deu">Äußere Beschreibung</text><text xml:lang="fr" lang3="fra">Description physique</text><text xml:lang="it" lang3="ita">Descrizione fisica</text><text xml:lang="kr" lang3="kor">물리적 기술</text></entry><entry><key>watermarks</key><text xml:lang="en" lang3="eng">Watermarks</text><text xml:lang="de" lang3="deu">Wasserzeichen</text><text xml:lang="fr" lang3="fra">Filigrane</text><text xml:lang="it" lang3="ita">Filigrana</text><text xml:lang="kr" lang3="kor">투명 표식</text></entry><entry><key>musicNotations</key><text xml:lang="en" lang3="eng">Musical notations</text><text xml:lang="de" lang3="deu">Musikalische Notationen</text><text xml:lang="fr" lang3="fra">Notation musicale</text><text xml:lang="it" lang3="ita">Notazioni musicali</text><text xml:lang="kr" lang3="kor">음악 표기법</text></entry><entry><key>history</key><text xml:lang="en" lang3="eng">History of the manuscript</text><text xml:lang="de" lang3="deu">Geschichte der Handschrift</text><text xml:lang="fr" lang3="fra">Histoire du manuscrit</text><text xml:lang="it" lang3="ita">Storia del manoscritto</text><text xml:lang="kr" lang3="kor">필사본 역사</text></entry><entry><key>availability</key><text xml:lang="en" lang3="eng">With kind permission of </text><text xml:lang="fr" lang3="fra">With kind permission of </text><text xml:lang="it" lang3="ita">With kind permission of </text><text xml:lang="de" lang3="deu">Mit freundlicher Genehmigung von</text><text xml:lang="kr" lang3="kor">친절한 허용</text></entry><entry><key>acquisition</key><text xml:lang="en" lang3="eng">Acquisition of the manuscript</text><text xml:lang="fr" lang3="fra">Acquisition du manuscrit</text><text xml:lang="it" lang3="ita">Acquisizione del manoscritto</text><text xml:lang="de" lang3="deu">Erwerb der Handschrift</text><text xml:lang="kr" lang3="kor">필사본의의 입수</text></entry><entry><key>additions</key><text xml:lang="en" lang3="eng">Additions</text><text xml:lang="fr" lang3="fra">Compléments à posteriori</text><text xml:lang="it" lang3="ita">Aggiunte</text><text xml:lang="de" lang3="deu">Spätere Ergänzungen</text><text xml:lang="kr" lang3="kor">추가사항</text></entry><entry><key>altIdentifier[@type="formerShelfmark"]</key><text xml:lang="en" lang3="eng">Former shelfmark</text><text xml:lang="fr" lang3="fra">Cote</text><text xml:lang="it" lang3="ita">segnatura</text><text xml:lang="de" lang3="deu">Frühere Signatur</text><text xml:lang="kr" lang3="kor">이전 서가기호</text></entry><entry><key>msPart</key><text xml:lang="en" lang3="eng">Manuscript part</text><text xml:lang="fr" lang3="fra">Partie du manuscrit</text><text xml:lang="it" lang3="ita">Sezione del manoscritto</text><text xml:lang="de" lang3="deu">Handschriftenteil</text><text xml:lang="kr" lang3="kor">필사본 부분</text></entry><entry><key>binding</key><text xml:lang="en" lang3="eng">Binding</text><text xml:lang="fr" lang3="fra">Couverture</text><text xml:lang="it" lang3="ita">Legatura</text><text xml:lang="de" lang3="deu">Einband</text><text xml:lang="kr" lang3="kor">제책</text></entry><entry><key>collation</key><text xml:lang="en" lang3="eng">Collation</text><text xml:lang="fr" lang3="fra">Composition des fascicules</text><text xml:lang="it" lang3="ita">Composizione dei fascicoli</text><text xml:lang="de" lang3="deu">Lagenstruktur</text><text xml:lang="kr" lang3="kor">쪽 순서 대조</text></entry><entry><key>condition</key><text xml:lang="en" lang3="eng">Condition</text><text xml:lang="fr" lang3="fra">Etat</text><text xml:lang="it" lang3="ita">Condizioni</text><text xml:lang="de" lang3="deu">Zustand</text><text xml:lang="kr" lang3="kor">상태</text></entry><entry><key>decoDesc</key><text xml:lang="en" lang3="eng">Decoration</text><text xml:lang="fr" lang3="fra">Reliure d'art</text><text xml:lang="it" lang3="ita">Decorazione</text><text xml:lang="de" lang3="deu">Buchschmuck</text><text xml:lang="kr" lang3="kor">장식</text></entry><entry><key>extent</key><text xml:lang="en" lang3="eng">Extent</text><text xml:lang="fr" lang3="fra">Volume</text><text xml:lang="it" lang3="ita">Dimensioni</text><text xml:lang="de" lang3="deu">Umfang</text><text xml:lang="kr" lang3="kor">분량</text></entry><entry><key>foliation</key><text xml:lang="en" lang3="eng">Foliation</text><text xml:lang="fr" lang3="fra">Numérotation des pages</text><text xml:lang="it" lang3="ita">Numerazione delle pagine</text><text xml:lang="de" lang3="deu">Seitennummerierung</text><text xml:lang="kr" lang3="kor">쪽수</text></entry><entry><key>handDesc</key><text xml:lang="en" lang3="eng">Writing and hands</text><text xml:lang="fr" lang3="fra">Type d'écritures et copistes</text><text xml:lang="it" lang3="ita">Tipo di scrittura e e mani</text><text xml:lang="de" lang3="deu">Schrift und Hände</text><text xml:lang="kr" lang3="kor">집필과 필체</text></entry><entry><key>msDesc/head/title</key><text xml:lang="en" lang3="eng">Author and title</text><text xml:lang="fr" lang3="fra">Auteur et titre</text><text xml:lang="it" lang3="ita">Autore e titolo</text><text xml:lang="de" lang3="deu">Autor und Titel</text><text xml:lang="kr" lang3="kor">저자와 제목</text></entry><entry><key>origPlace</key><text xml:lang="en" lang3="eng">Place of origin</text><text xml:lang="fr" lang3="fra">Origine</text><text xml:lang="it" lang3="ita">Luogo di origine</text><text xml:lang="de" lang3="deu">Entstehungsort</text><text xml:lang="kr" lang3="kor">원본 생산 장소</text></entry><entry><key>origDate</key><text xml:lang="en" lang3="eng">Date of origin</text><text xml:lang="fr" lang3="fra">Période</text><text xml:lang="it" lang3="ita">Datazione</text><text xml:lang="de" lang3="deu">Entstehungszeit</text><text xml:lang="kr" lang3="kor">원본 생산 날짜 </text></entry><entry><key>msDesc/head/note[@type="respStmt"]</key><text xml:lang="en" lang3="eng">Writer</text><text xml:lang="fr" lang3="fra">Scribe</text><text xml:lang="it" lang3="ita">Copista</text><text xml:lang="de" lang3="deu">Schreiber</text><text xml:lang="kr" lang3="kor">작가</text></entry><entry><key>provenance</key><text xml:lang="en" lang3="eng">Provenance of the manuscript</text><text xml:lang="fr" lang3="fra">Provenance du manuscrit</text><text xml:lang="it" lang3="ita">Provenienza del manoscritto</text><text xml:lang="de" lang3="deu">Provenienz der Handschrift</text><text xml:lang="kr" lang3="kor">필사본의 출처</text></entry><entry><key>layoutDesc | layout</key><text xml:lang="en" lang3="eng">Page layout</text><text xml:lang="fr" lang3="fra">Mise en page</text><text xml:lang="it" lang3="ita">Disposizione della pagina</text><text xml:lang="de" lang3="deu">Seiteneinrichtung</text><text xml:lang="kr" lang3="kor">페이지 레이아웃</text></entry><entry><key>msDesc/additional/listBibl</key><text xml:lang="en" lang3="eng">Bibliography</text><text xml:lang="fr" lang3="fra">Bibliographie</text><text xml:lang="it" lang3="ita">Bibliografia</text><text xml:lang="de" lang3="deu">Literaturverzeichnis</text><text xml:lang="kr" lang3="kor">서지항목</text></entry><entry><key>measure[@type="leaveSize"]</key><text xml:lang="en" lang3="eng">Format</text><text xml:lang="fr" lang3="fra">Format</text><text xml:lang="it" lang3="ita">Formato</text><text xml:lang="de" lang3="deu">Format</text><text xml:lang="kr" lang3="kor">형식</text></entry><entry><key>msContents</key><text xml:lang="en" lang3="eng">Contents</text><text xml:lang="fr" lang3="fra">Sommaire</text><text xml:lang="it" lang3="ita">Contenuto</text><text xml:lang="de" lang3="deu">Inhaltsangabe</text><text xml:lang="kr" lang3="kor">내용</text></entry><entry><key>origin</key><text xml:lang="en" lang3="eng">Origin of the manuscript</text><text xml:lang="fr" lang3="fra">Parution du manuscrit</text><text xml:lang="it" lang3="ita">Origine del manoscritto</text><text xml:lang="de" lang3="deu">Entstehung der Handschrift</text><text xml:lang="kr" lang3="kor">필사본의 유래</text></entry><entry><key>support</key><text xml:lang="en" lang3="eng">Support</text><text xml:lang="fr" lang3="fra">Support de substitution</text><text xml:lang="it" lang3="ita">Supporto materiale</text><text xml:lang="de" lang3="deu">Beschreibstoff</text><text xml:lang="kr" lang3="kor">지원</text></entry><entry><key>surrogates</key><text xml:lang="en" lang3="eng">Surrogates</text><text xml:lang="fr" lang3="fra">Surrogates</text><text xml:lang="it" lang3="ita">Surrogates</text><text xml:lang="de" lang3="deu">Sekundärformen</text><text xml:lang="kr" lang3="kor">대용</text></entry><entry><key>textLang</key><text xml:lang="en" lang3="eng">Main language</text><text xml:lang="fr" lang3="fra">Langue principale</text><text xml:lang="it" lang3="ita">Lingua principale</text><text xml:lang="de" lang3="deu">Hauptsprache</text><text xml:lang="kr" lang3="kor">주 언어</text></entry></i18n>