<collection xmlns="http://exist.sourceforge.net/NS/exist" name="/db/tei/docx/from" owner="admin" group="dba" mode="755" created="2010-08-03T15:22:43+02:00" version="1">
    <resource type="XMLResource" name="docxtotei.xsl" owner="admin" group="dba" mode="755" created="2010-08-03T15:22:43+02:00" modified="2010-08-03T15:22:43+02:00" filename="docxtotei.xsl" mimetype="application/xslt+xml"/>
    <resource type="XMLResource" name="parameters.xsl" owner="admin" group="dba" mode="755" created="2010-08-03T15:22:43+02:00" modified="2010-08-03T15:22:43+02:00" filename="parameters.xsl" mimetype="application/xslt+xml"/>
    <subcollection name="wordsections" filename="wordsections"/>
    <subcollection name="tables" filename="tables"/>
    <subcollection name="maths" filename="maths"/>
    <subcollection name="graphics" filename="graphics"/>
    <subcollection name="lists" filename="lists"/>
    <subcollection name="dynamic" filename="dynamic"/>
    <subcollection name="pass0" filename="pass0"/>
    <subcollection name="pass2" filename="pass2"/>
    <subcollection name="templates" filename="templates"/>
    <subcollection name="textruns" filename="textruns"/>
    <subcollection name="marginals" filename="marginals"/>
    <subcollection name="utils" filename="utils"/>
    <subcollection name="paragraphs" filename="paragraphs"/>
</collection>